:020000040800F2
:10000000601E0120010300084D370008C9350008B3
:100010002D370008C91C0008ED3C00080000000056
:1000200000000000000000000000000013030008B2
:10003000E91C0008000000001D040008D3030008AC
:100040001B0300081B0300081B0300081B03000818
:100050001B0300081B0300081B0300081B03000808
:100060001B0300081B0300081B0300081B030008F8
:100070001B0300081B0300081B0300081B030008E8
:100080001B0300081B0300081B0300081B030008D8
:100090001B0300081B0300081B0300081B030008C8
:1000A0001B0300088D3800081B0300081B03000811
:1000B0001B0300081B0300081B0300081B030008A8
:1000C0001B0300081B0300081B0300081B03000898
:1000D0001B0300081B0300081B0300081B03000888
:1000E0001B0300081B0300081B0300081B03000878
:1000F0001B0300081B0300081B0300081B03000868
:100100001B0300081B0300081B0300081B03000857
:100110001B0300081B0300081B0300081B03000847
:100120001B0300081B0300081B0300081B03000837
:100130001B03000800000000000000001B03000873
:100140001B0300081B0300081B0300081B03000817
:100150001B0300081B0300081B0300081B03000807
:100160001B0300081B0300081B0300081B030008F7
:100170001B0300081B030008000000000000000033
:100180001B0300081B03000800F002F800F0A8F8A9
:1001900014A696E8000CB244B344DA4501D100F04D
:1001A0009FF8BAE80F000FA696E83000A5EB04050B
:1001B00004EB0607AAEB0704A7F101074FEA1515A0
:1001C0004FEA3414A4F10104AC4201D300F088F8E2
:1001D00013F0010F18BFFB1A43F0010300F001F800
:1001E000DBE7184768C9040088C90400103A24BF37
:1001F00078C878C1FAD8520724BF30C830C144BF8C
:1002000004680C6070470000704700000023002461
:1002100000250026103A28BF78C1FBD8520728BF16
:1002200030C148BF0B6070476E2900F02D857029E2
:1002300000F07186662901F0A5A4652901F0A2A449
:10024000672901F09FA4612901F09EA403681B0A9D
:1002500028BF41F08001692900F0DA84642900F0A8
:10026000D784752900F0D4846F2900F0FF857829A0
:1002700000F03D86E92900F09985E42900F0968593
:10028000F52900F09385EF2900F0FC85F82900F0AE
:100290003C860368DB0928BF41F08001632901F037
:1002A0004183732901F04683E32901F05183F32947
:1002B00001F05683002070471FB541F0A5FB01F007
:1002C000A9FB04000020002141F016F9401C6060E9
:1002D0000020002141F0FAF8E0601FBD10B510BD0C
:1002E00001F06AFB1146FFF7E7FF15F04BF901F04B
:1002F00047FC03B4FFF7F2FF03BC01F04BFC000026
:100300000948804709480047FEE7FEE7FEE7FEE7A9
:10031000FEE7FEE7FEE7FEE7FEE7FEE704480549E5
:10032000054A064B7047000079380008890100082B
:1003300060180120601E0120601A0120601A01204F
:1003400014010020601E012000000008D0010020E0
:10035000001000E07FA219000000FF4000BF00BFB6
:1003600072B65FF824005FF8241001F10401016007
:100370004FF0E0205FF83010C0F8081D5FF834003F
:100380005FF83C10096801605FF83C00016841F0CB
:10039000010101604FF0E0205FF8481041614FF02B
:1003A000070101614FF00001C0F8181D4FF07F41B7
:1003B000C0F81C1D5FF86010C0F8201D7047FFF7E3
:1003C000FEBFFFF7FEBFFFF7FEBF01B5BDE801406E
:1003D000704701B500F08CF8BDE801407047FFF7A9
:1003E000FEBFFFF7FEBF000000000000000000009D
:1003F0004FF000002A4A1060EFF3148020F0040050
:1004000080F3148862B64FF080504FF0E021C1F8BD
:10041000040DBFF34F8FBFF36F8FFEE72148224AD1
:100420004FF00003016891B10360EFF3098C2CE9F0
:10043000F00F1EF0100F01D12CED108A1B4C4CF860
:1004400004ED2568C1F808C00DB18D61236072B656
:100450001168B1B1016062B64F68144C8D6907F143
:1004600001074F602560D1F808C05CF804EB1EF06E
:10047000100F01D1BCEC108ABCE8F00F8CF3098896
:10048000704772B61168016009B962B6F9E74FF0BA
:1004900000674FF0E028C8F8047D62B6DCE77047DB
:1004A00048010020380100203C01002034070020D2
:1004B000026922F00702A2F144026FF00203136006
:1004C0004FF0000353609360D360136153619361F5
:1004D000D361136253629362D362136353634FF029
:1004E000FF339363D1634FF080731364826070476E
:1004F0002249086800F101000860214B1A683AB1EE
:10050000A2F101021A601AB91E4B4FF001001860E7
:100510001D490868026822B11C4B4FF001021A60A5
:1005200008E000F104001A4B1A68904201D1194BFF
:1005300018680860134B1A6812B914490868D0B1DA
:100540002DE901401149086808B105F0C3F80D4BC9
:100550001A6872B105F032F80F48016849B90F48BE
:1005600001680F4A13680F484FF08052994200D03B
:100570000260BDE80140BFF34F8F7047800200204A
:1005800034070020E4010020DC010020E00100200D
:100590006C02002070020020480100203801002079
:1005A0003C01002004ED00E053EA020C00F06980F9
:1005B0002DE9F04B4FF00006002B1FBFB3FA83F577
:1005C00003FA05F424FA05F65E4012BF1643B2FAA8
:1005D00082F502FA05F4C5F120051EBF22FA05FCDA
:1005E00044EA0C04203556EA044C4FEA144418BF80
:1005F000641C4FF000084FF00009904271EB030CAF
:1006000039D3002919BFB1FA81F701FA07F6B0FA18
:1006100080F700FA07F6C7F120071EBF20FA07FC93
:1006200046EA0C062037B6FBF4FCA7EB0507103FA3
:1006300007F01F0BCBF120062CFA06F60CFA0BFB89
:1006400044BFB3460026202FA4BF5E464FF0000BE8
:100650005BEA060C08BF4FF0010B19EB0B0948EBE6
:100660000608ABFB027C06FB02CC0BFB03CCC01BD9
:1006700071EB0C01C1E70B46024641464846BDE816
:10068000F08B13B5084318BF4FF0FF300146AFF3AE
:100690000080BDE81C4070470FB41CB50C0007AAD1
:1006A000009007D04142A14202D32044401E01E005
:1006B0004FF0FF30074B7B4469460190069800F0ED
:1006C000FCFA0021002C01D0009A11701CBC5DF8CE
:1006D00014FB000027060000401ECAB210F8011FDC
:1006E0008A4202D00029F9D10020704740EA010374
:1006F00010B59B070FD1042A0DD310C808C9121FCB
:100700009C42F8D020BA19BA884201D9012010BD04
:100710004FF0FF3010BD1AB1D30703D0521C07E0D1
:10072000002010BD10F8013B11F8014B1B1B07D135
:1007300010F8013B11F8014B1B1B01D1921EF1D1A6
:10074000184610BD10B5431C02E010F8011B71B132
:100750008107FAD14FF0013202C88C1A8C4314EA97
:10076000C211F9D0C01A0A0603D0C01E10BDC01AAB
:1007700010BD0A0401D0801E10BD0902FCD0401E2D
:1007800010BD40EA010370B59B072ED14FF0013632
:10079000042A2AD308C810C99D1B9D43121F15EABD
:1007A000C61517D0D8B2E1B2401A50EA056110D18F
:1007B00098B2A1B2401A50EA05410AD123F07F4015
:1007C00024F07F41401A50EA052102D1180EA0EB17
:1007D000146070BDA342DBD018BA21BA884201D997
:1007E000012070BD4FF0FF3070BD0AB9002070BD10
:1007F00010F8013B11F8014B63B1A3420AD1521E1C
:1008000008D010F8013B11F8014B1BB1A34201D1F4
:10081000521EEDD1181B70BD032A40F2308010F03B
:10082000030C00F0158011F8013BBCF1020F62448B
:1008300098BF11F801CB00F8013B38BF11F8013B1C
:10084000A2F1040298BF00F801CB38BF00F8013BC9
:1008500011F0030300F06780083AC0F0088051F8F7
:10086000043B083A51F804CBA0E80810F5E7121D44
:100870005CBF51F8043B40F8043BAFF30080D20763
:1008800024BF11F8013B11F801CB48BF11F8012B2F
:1008900024BF00F8013B00F801CB48BF00F8012B52
:1008A0007047431A28BF9A427FF6B6AF10441144EE
:1008B000032A40F2268010F0030F1EBF11F8013DFD
:1008C000521E00F8013D10F0030F7FF4F6AF11F057
:1008D000030300F06D80083AC0F00B8051F8043D2E
:1008E000083A51F804CD40F8043D40F804CDFFF734
:1008F000F3BF121D5CBF51F8043D40F8043DAFF357
:100900000080D20724BF11F8013D11F801CD48BF86
:1009100011F8012C24BF00F8013D00F801CD48BFBB
:1009200000F8012C704710B5203AC0F00B80B1E8F8
:100930001850A0E81850B1E81850A0E81850203A14
:10094000BFF4F5AF5FEA027C24BFB1E81850A0E81D
:10095000185044BF18C918C0BDE810405FEA827C37
:1009600024BF51F8043B40F8043B08BF7047D2074E
:1009700028BF31F8023B48BF11F8012B28BF20F8EF
:10098000023B48BF00F8012B7047431A28BF9A4228
:100990007FF6C9AF1044114410F0030F1EBF11F8C9
:1009A000013D521E00F8013D10F0030F7FF4F6AF39
:1009B000103AC0F00A8010B531E9185020E91850FB
:1009C000103ABFF4F9AFBDE81040530724BF31E936
:1009D000081020E9081044BF51F8043D40F8043DD8
:1009E00012F0030F08BF7047D20728BF31F8023D4D
:1009F00048BF11F8012C28BF20F8023D48BF00F87D
:100A0000012C704702F0FF0343EA032242EA02424C
:100A100000F002B84FF000020429C0F0128010F07C
:100A2000030C00F01B80CCF1040CBCF1020F18BFCA
:100A300000F8012BA8BF20F8022BA1EB0C0100F05D
:100A40000DB85FEAC17C24BF00F8012B00F8012B30
:100A500048BF00F8012B70474FF0000200B5134665
:100A600094469646203922BFA0E80C50A0E80C50CE
:100A7000B1F12001BFF4F7AF090728BFA0E80C507F
:100A800048BF0CC05DF804EB890028BF40F8042B78
:100A900008BF704748BF20F8022B11F0804F18BFE5
:100AA00000F8012B7047000030B44FF0013C50F8C3
:100AB000042B51F8043BCCFA52F4D51A20D1FCB9DE
:100AC00050F8042B51F8043BCCFA52F4D51A17D144
:100AD000B4B950F8042B51F8043BCCFA52F4D51AAF
:100AE0000ED16CB950F8042B51F8043BCCFA52F4F7
:100AF000D51A05D1002CDAD030BC4FF00000704779
:100B000029BAB1FA81F111F01801D1F12000844025
:100B1000F2D1CA40CB4012F0FF0213F0FF0330BC09
:100B2000D01A704770477047704700000048704700
:100B30000000002010B500F0BDFA006810BD10B52F
:100B4000044600F0B7FA046010BD70B5044685692C
:100B50000068C10601D5302600E02026C00707D076
:100B600070BDD4E9012130469047206A401C2062C4
:100B70006D1EF6D570BD70B5044685690078C00756
:100B800007D170BDD4E9012120209047206A401C84
:100B900020626D1EF6D570BD09684A0501D540B2C8
:100BA0007047C905FCD500B2704709684A0501D5F0
:100BB000C0B27047C905FCD580B2704770B50C460D
:100BC0000546012A05D02878800600D5EA69002369
:100BD00002E0012305E05B1C934202D2E05C0028A6
:100BE000F9D1A869E618C01AA861286A18442862D1
:100BF0002846FFF7AAFF04E0D5E9012114F8010B0C
:100C00009047B442F8D32846FFF7B5FF70BD000007
:100C10002DE9F0410646002410687529314616A5D5
:100C200010D0FFF7B9FF002802DA404213A507E011
:100C300031688A0701D512A502E0490704D511A53C
:100C4000012401E0FFF7B1FF00210A2206F1240789
:100C500009E0B0FBF2FCB0FBF2F302FB1C00303009
:100C600078541846491C0028F3D123462A463046BA
:100C7000BDE8F04100F067BA000000002D00000060
:100C80002B0000002000000011680268006A530574
:100C900001D508700AE0D30501D5088006E01306E7
:100CA00003D5C217C1E9000200E0086001207047C7
:100CB00001694A1C02610878704700B58FB0CDE920
:100CC00001310021059105497944CDE90310114610
:100CD000684600F02BF90FB000BD0000E5FFFFFFF4
:100CE000D1E900239A4202D2531C0B601070704766
:100CF0002DE9FF5F15468A460446DFF8AC80F844CC
:100D00000027D8E900103E46CDE9001010E03AF87F
:100D100016106A4602A800F027FE411C07D0217871
:100D2000890603D5E269391891420DD80744761C2B
:100D30002078800602D5E069B84205DDAE42E6DBE8
:100D40003AF816000028E2D1A069C01BA061204635
:100D5000FFF7FBFED8E90010CDE90010002017E0F6
:100D60003AF818106A4602A800F0FEFDB0F1FF3F05
:100D700081460BD000250DF1080B05E0D4E90121D7
:100D80001BF8050090476D1C4D45F7D308F1010095
:100D9000B0428046E4DB206A384420622046FFF7F8
:100DA000EAFEBDE8FF9F0000A61204002DE9F04115
:100DB0008046D21D22F007020025D2E90002F52963
:100DC00015A614D0011E72F1000106DA0023D0EB43
:100DD000030063EB020211A608E0D8F800108B07AD
:100DE00001D50FA602E0490701D50EA6012511463F
:100DF000002408F1240704E000F060F930323A558D
:100E0000641C50EA0102F7D12B4632462146404687
:100E1000BDE8F04100F097B9000000002D0000008F
:100E20002B0000002000000030B4002100F1240459
:100E300008E002F00705D208303542EA4372DB08C9
:100E40006554491C52EA0305F3D10468002310A23B
:100E5000250708D504F020040C4304D0C4690123FD
:100E60000CA2641EC46130BC00F06DB910B504461C
:100E700021461068FFF799FE02462046BDE8104063
:100E80000023D1E7D21D22F00701D1E90023CBE7EF
:100E90000000000030000000F0B40D460188090594
:100EA00002D5214C7C4402E01F4C7C440E340021CE
:100EB00000F1240608E002F00F071209E75D42EA9C
:100EC00003721B097754491C52EA0307F3D10278D5
:100ED0000023120704D5702D06D009B10223113466
:100EE0002246F0BC00F02FB901231034F8E770B5AA
:100EF00004460D4621461068FFF757FE0246294674
:100F00002046BDE870400023C6E7D21D22F007034B
:100F1000D3E90023C0E70368126843F020030360AD
:100F20000823C3610023B7E7081104002DE9F05F2F
:100F3000894604464FF0000ADFF874B1FB44C0F85C
:100F400020A02046E1688847002874D0252806D0D4
:100F5000D4E901219047206A401C2062F1E7002675
:100F60005F462046E16888472028054607DB312D8B
:100F700005D2781910F8200C08B10643F1E7B00744
:100F800001D526F00406C4F81CA00027C4F818A058
:100F90002A2D09D0284640F073FA38B304EB8708AD
:100FA000303DC8F8185019E059F8041B204604EBEE
:100FB00087029161E1688847012F054618D1E069F1
:100FC000002820DA26F020061DE0D8F8180000EBF3
:100FD000800005EB40003038C8F818002046E16872
:100FE0008847054640F04CFA0028EED1012F0AD080
:100FF0002E2D08D12046E16888477F1C0546022F28
:1010000046F02006C4DBA069002803DA404246F01F
:101010000106A061F00701D026F010066C2D0BD060
:10102000682D09D04C2D39D06A2D35D0742D35D08E
:101030007A2D33D016E038E0E1682F462046884705
:10104000B842054609D16C2F26D04FF48060E16884
:10105000064320468847054604E06C2F1AD04FF41B
:10106000807006430DB3A5F14100192802D8203540
:1010700046F400664A462946204626604E46FFF75B
:10108000D3F880B101280BD0F61D26F0070000F13F
:10109000080956E74020E4E78020D8E70020D6E79B
:1010A00006F104094DE7284652E7206ABDE8F09FA3
:1010B00098100400004870479800002030B5B0F147
:1010C0000A0271F100034FEA900E4EEA817EB0EB06
:1010D0000E0061EB91014FEA101E4EEA017E10EB0B
:1010E0000E0041EB11114FEA102E4EEA016E10EB8B
:1010F0000E0041EB11214FEA104E4EEA014E10EB6B
:101100000E0041EB1141401841F100014FEAD000BF
:1011100040EA41704FEAD1014FEA810444EA9074F9
:1011200010EB800544EB01046D1944EB0404521BE1
:10113000A3414FF0000348BF0A3200D530BD401C28
:1011400041F1000130BD2DE9F0470D469946924628
:10115000044600F124080168880604D5E06921F0FE
:101160001001216000E00120A84201DD471B00E0E2
:101170000027A1697A1902EB0900081AA0612078FA
:10118000C00602D42046FFF7E0FC002608E0D4E9C0
:1011900001211AF806009047206A401C761C206244
:1011A0004E45F4DB2078C0060AD52046FFF7CDFC7B
:1011B00006E0D4E9012130209047206A401C2062DB
:1011C000381EA7F10107F4DC07E0D4E9012118F883
:1011D00005009047206A401C2062281EA5F10105E9
:1011E000F3DC2046FFF7C7FC2078000602D502207A
:1011F000BDE8F0870120FBE72DE9FF4F0C461E46B6
:101200004FF0FF378BB0D2E90001DDF860800A9023
:101210008A46C1F30A5505B93D46002108464FF0FC
:101220000000BAF1000F00F4400005DA00EB800086
:101230004FF4400101EA50004FEA9059B9F1010F13
:1012400000DDB9460A9850EA4A000ED044F6105024
:10125000A5F2FF3545432F14B8F1000F1ED075429B
:10126000291E1EDDC9F100021CE0B8F1010F4FF08C
:10127000000001D0302103E0F24305E02154401C7E
:10128000B042FBDB30460022002121540B99C1F80B
:101290000880C1E900200FB0BDE8F08FBD1B6D1CB8
:1012A000DEE74A4600DA694206A800F0F7FB06AB23
:1012B00093E8070003AB83E8070050460A993CF027
:1012C00075FA8DE80700A0F500501F3800900398CC
:1012D000002D0ADD42F21F014A460844002303A9FB
:1012E000039068463CF0DEFC09E0A0F500504A4659
:1012F0001F38002303A9039068463CF0E8FC8DE802
:1013000007000004000C03D04FF0FF30410800E05C
:101310001046B8F1000F03D00022009215461EE0DF
:10132000751E05D4FFF7CAFE303262556D1EF9D521
:10133000B3460122084302D000227F1C04E020783B
:10134000302801D100227F1E002A099784D01DE099
:10135000112D07DAFFF7B2FE303262556D1C50EAEC
:101360000102F5D1084302D00098C8B10EE0002177
:10137000681E05E0235C625C63542254401E491CD5
:101380008142F7DBAB46A81B401E0990002004F801
:101390000B000B98099AC0F80880C0E9002B7AE787
:1013A00011264FF0000857E72DE9F04F8846044614
:1013B000D21D22F0070191B0D1E90001CDE90A0167
:1013C0003CF0BCFD02460B98C00F01D02D2007E079
:1013D0002068810701D52B2002E0202101EAC0000E
:1013E000032A099001D0072A05DB0346414620461F
:1013F00000F014FB0BE12078800601D5E06900E0E5
:101400000620B8F1650F814606D0B8F1660F18D0F6
:10141000B8F1670F70D131E00020B9F1110F0090E1
:1014200001DB112301E009F101030AAA01A90CA8BB
:10143000FFF7E2FEDDE90C70002609F101058346A5
:1014400047E001204B4600904FF000470AAA01A94F
:101450000CA8FFF7D1FEDDE90DB00C995D46002622
:1014600010B909F101000D18B9EB050003D4C0F162
:10147000FF3609F10105A5EB09002BE0B9F1010FD9
:1014800001DA4FF001090020B9F1110F0090484630
:1014900001DD112300E003460AAA01A90CA8FFF709
:1014A000ABFEDDE90C704D46002683462078000730
:1014B0000AD4AB4500DA5D4601A8012D04DD4119CF
:1014C00011F8011C302907D04F4502DA17F1040F3B
:1014D00004DA012082460FE06D1EEEE7002F02DCE9
:1014E000ED1B3E4403E0781CA84200DD7D1CB81BC8
:1014F00000F1010A4FF000472078000703D4AA4505
:1015000001DB4FF0FF3A0021B7F1004F0DF1430826
:101510008DF8431024D002202B23002F01DA7F42C4
:101520002D230A21021EA0F1010000DC5FB197FB10
:10153000F1FC97FBF1F201FB1C7C17460CF1300C1F
:1015400008F801CDEEE7A8F1010003702188090534
:1015500001D5452100E06521A0F1010800F8011C3A
:1015600009980FA9A1EB0807FF1D00B1012041193F
:1015700001EBEA70A1693844081A401EA061207886
:10158000C00602D42046FFF7E0FA099828B1D4E952
:1015900001219047206A401C20622078C00622D595
:1015A0002046FFF7D2FA1EE0002E04DBB34502DD31
:1015B00001A8805D00E03020D4E901219047206A35
:1015C000401C2062761CAAF101005FEA000A0AD1E1
:1015D00000F020FAC0680168405CD4E9012190471E
:1015E000206A401C2062281EA5F10105DCDC07E012
:1015F000D4E9012118F8010B9047206A401C2062B1
:10160000381EA7F10107F3DC2046FFF7B4FA0320E8
:1016100011B041E62DE9F04F04460D46D21D22F0EF
:10162000070089B0D0E90097484639463CF086FC6F
:101630000246F80F01D02D2307E02068810701D56D
:101640002B2302E0202101EAC0038DF820300BB1EA
:10165000012000E00020032A824601D0072A04DB93
:101660002946204600F0DAF93FE12078800601D4CF
:101670000D2500E0E569C7F30A560D2D49DA002172
:101680004FEA175B08464FF00000002F00F44000BF
:1016900007DA00EB80004FF4400100EBD07001EA64
:1016A00060008115012901DD4FF0FF3100224FEA72
:1016B000850CBCF1180F06D31346ACF118004FF09F
:1016C0008052C24003E04FF4801323FA0CF30CF174
:1016D0000C0CBCF1200F04D3ACF1200C09FA0CF077
:1016E00001E007FA0CF000294FF0004801DD18B9BD
:1016F0000FE00ED140450CD319EB02095F4121B92F
:10170000404502D19F4329EA0209BBEB175F00D095
:10171000761C2088000502D57B48784402E07A4890
:101720007844193808AA302302F80A30037C0AF1F9
:101730000101002E0AF1020A53546A4602DC4FF0FE
:10174000300101E04FF031014FF001088DF8001039
:1017500002D0A6F2FF3603E059EA470100D06B4EF3
:10176000002D02DC2178090704D54FF002082E2154
:101770008DF80110C44600210BE0C7F303433F017D
:10178000C35C491C6D1E02F80830052908F10108E8
:1017900001DA002DF1DC00210CE000EB1973491C8B
:1017A0001B786D1E082902F808304FEA091908F164
:1017B000010801DA002DF0DC21688B0602D516E065
:1017C000A8F10108E04505DD02EB080313F8013C30
:1017D000302BF5D0B8F1000F09DD02EB080313F848
:1017E000013C2E2B03D1090701D4A8F10108002DDB
:1017F00005DD3E2102F808106D1E08F10108407C4D
:10180000002E02F8080008F1010804DA2D207642C3
:1018100002F8080002E02B2002F808000A214FF429
:101820007A70864208F101080BDB96FBF0F3303347
:1018300002F8083096FBF0F308F1010800FB13668C
:1018400001E0642E0CDB642096FBF0F3303302F8E9
:10185000083096FBF0F308F1010800FB136601E085
:101860000A2E06DB96FBF1F0303002F8080008F192
:10187000010896FBF1F001FB1060303002F808001F
:10188000A16908F1010808EB050202EB0A00081A39
:10189000A0612078C00602D42046FFF756F9216ADD
:1018A00008AE01EB0A00206204E0D4E9012116F839
:1018B000010B9047BAF1010AF7D22078C00602D591
:1018C0002046FFF742F96E4609E016F8010B3E2864
:1018D0000FD0D4E901219047206A401C2062B8F162
:1018E0000108F2D22046FFF746F909B00320BDE80F
:1018F000F08F206A2844206203E0D4E901213020DF
:1019000090476D1EEBD3F8E74109040002FCFFFF8E
:1019100010B5436913B1AFF3008001E0FFF74EF952
:10192000012010BD127800F124010A7000224A70D3
:101930000122EDE711684FF0FF32E9E710B5436986
:1019400013B1AFF3008001E0FFF7D2F9012010BD21
:10195000128800F1240182840022C2840122EDE772
:1019600011684FF0FF32E9E72DE9F04116460C46C9
:10197000054600F047F8036893F80101012807D0F5
:10198000FF2C12D8185D80B101202C70BDE8F081C9
:10199000D3F807013246214603F20713C718284639
:1019A000BC46BDE8F041002360474FF0FF30EDE753
:1019B00000487047980000207546FFF7F9FFAE46D3
:1019C00005006946534620F00700854618B020B54B
:1019D000FEF7A4FCBDE820404FF000064FF00007E2
:1019E0004FF000084FF0000BAC46ACE8C009ACE883
:1019F000C009ACE8C009ACE8C00921F007018D4678
:101A00007047000010B500F005F8001D10BD00BFC4
:101A1000E9FA030000487047B80000202DE9F041C2
:101A20001F46044603260168072A01F4006004DB10
:101A300008B116A505E016A503E008B115A500E05C
:101A400015A521F010002060A069C01EA0610FB193
:101A5000401EA0612046FFF778F84FB1D4E901217C
:101A600038469047206A401C2062C01C206206E075
:101A7000206AFAE7D4E9012115F8010B9047761E98
:101A8000F8D22046FFF777F8BDE8F0814E414E00CE
:101A90006E616E00494E4600696E66002DE9F047A2
:101AA000814616468AB0354878440DC88DE80D0049
:101AB00032487844801C03AC0DC884E80D0041F620
:101AC0009B300844372190FBF1F290FBF1F5A5F132
:101AD000800501FB12041B3C02D56442012000E09A
:101AE0000020DFF898A080460027FA44AAF1BE0A39
:101AF0000EE0E0070AD03246684607EB47010123B3
:101B00000AEB81013CF0E3F88DE8070064107F1CCC
:101B1000002CEED1194F7F44AE3F19E0E80715D0F5
:101B200007EB04100DF1180A90E80E008AE80E0089
:101B3000C068F04201D1981908903246012306A9E5
:101B400003A83CF0C4F803AB83E807006D10641CE5
:101B5000002DE3D14FF0010332466946B8F1000F82
:101B600003A802D03CF09EF801E03CF0B0F8C9E9CF
:101B70000001C9F808200AB0BDE8F0874406040057
:101B800010B50446AFF300802046BDE81040FEF7D4
:101B9000B0BB000001491820ABBEFEE726000200E2
:101BA0007047000080B5A2B02190002320932198B7
:101BB0001F906946B0208861012048610B61C860B0
:101BC00088604FF48060486040F67070C2F2010097
:101BD000086040F6C060C2F2010047F2AC31C0F6C6
:101BE00004014AF6D102C0F6030204F089F82090FD
:101BF0002098B8B1FFE747F2B731C0F604010DF104
:101C0000550008902722FEF707FE0898FEF79AFD78
:101C1000089982B248F2B470C2F20000642301F065
:101C20003BFCFFE769463420086040F23870C2F29E
:101C3000000047F2A031C0F6040148F2FC72C2F283
:101C400000024FF4806303F0A1FF20906946B020AA
:101C500088610120486100230B610220C860886010
:101C60004FF40040486048F60040C2F200000860AF
:101C700041F27030C2F2010047F20D41C0F604019A
:101C80004AF65D12C0F6030204F03AF8209020985C
:101C9000B8B1FFE747F2DE31C0F604010DF12600CE
:101CA00007902F22FEF7B8FD0798FEF74BFD079926
:101CB00082B248F2B470C2F20000642301F0ECFB7F
:101CC000FFE7209822B080BD80B572B647F244404D
:101CD000C0F604000DF0F4FA47F29340C0F6040099
:101CE0000DF058FAFFE7FEE77047000080B582B0BC
:101CF00072B647F29030C0F604000190FFE70198F9
:101D00000078A8B1FFE7FFE744F20040C4F200000A
:101D100000680006002801D4FFE7F5E70198411CA0
:101D20000191007844F20441C4F200010860E6E742
:101D3000FFE744F20040C4F20000006840060028BB
:101D400001D4FFE7F5E7FFE740F20040C4F20200EC
:101D5000102100F0EFF900200090FFE700984AF210
:101D60001F11C0F20701884206D8FFE700BFFFE756
:101D7000009801300090F1E7E6E700008EB00D908A
:101D80000C9100200A90099008900B90FFE70B98A7
:101D90000F2800F2CC81FFE70B99012088400A90C0
:101DA0000C9800680A990840099009980A99884295
:101DB00040F0B881FFE70C98406800F0030001286C
:101DC00007D0FFE70C98406800F0030002282FD1ED
:101DD000FFE70D98806808900B984100032000FAF7
:101DE00001F10898884308900C98C0680B99490045
:101DF00000FA01F108980843089008980D99886046
:101E00000D98406808900B99012000FA01F108989C
:101E1000884308900C984068C0F300100B9900FAB2
:101E200001F108980843089008980D994860FFE769
:101E30000C98406800F00300032818D0FFE70D98C5
:101E4000C06808900B984100032000FA01F108983F
:101E5000884308900C9880680B99490000FA01F1BA
:101E600008980843089008980D99C860FFE70C98F7
:101E7000406800F00300022826D1FFE70D980B9977
:101E80006FF0030202EA51010844006A08900B98BF
:101E900000F0070081000F2000FA01F10898884344
:101EA00008900C9800690B9901F00701890000FA6D
:101EB00001F108980843089008980D990B9B02EAD5
:101EC000530211440862FFE70D98006808900B98D0
:101ED0004100032000FA01F10898884308900C980B
:101EE000406800F003000B99490000FA01F10898DE
:101EF0000843089008980D9908600C98807980072D
:101F0000002800F00E81FFE7FFE70020079043F66E
:101F10004400C4F20200016841F48041016000689D
:101F200000F4804007900798FFE70B9820F003002B
:101F300043F60801C4F20101405808900B9800F0E4
:101F4000030081000F2000FA01F1089888430890EF
:101F50000D980021C4F20201884203D1FFE700205E
:101F600006905EE00D9840F20041C4F20201884202
:101F700003D1FFE70120059050E00D9840F60001E5
:101F8000C4F20201884203D1FFE70220049042E03C
:101F90000D9840F60041C4F20201884203D1FFE7E8
:101FA0000320039034E00D9841F20001C4F20201D5
:101FB000884203D1FFE70420029026E00D9841F209
:101FC0000041C4F20201884203D1FFE705200190DD
:101FD00018E00D9841F60001C4F20201884203D1D5
:101FE000FFE7062000900AE00D9941F60042C4F296
:101FF00002020820914208BF07200090FFE70098E6
:102000000190FFE701980290FFE702980390FFE735
:1020100003980490FFE704980590FFE70598069061
:10202000FFE70698C0B20B9901F00301890000FA9E
:1020300001F108980843089008980B9921F00301D2
:1020400043F60802C4F20102885043F60840C4F285
:1020500001000068089009990898884308900C9836
:102060008079C006002805D5FFE70999089808433C
:102070000890FFE7089843F60841C4F201010860A0
:1020800043F60C40C4F201000068089009990898D2
:10209000884308900C9880798006002805D5FFE7D2
:1020A0000999089808430890FFE7089843F60C41FF
:1020B000C4F20101086043F60440C4F20100006864
:1020C000089009990898884308900C9880798007AF
:1020D000002805D5FFE70999089808430890FFE70D
:1020E000089843F60441C4F20101086043F6004039
:1020F000C4F2010000680890099908988843089084
:102100000C988079C00728B1FFE70999089808431F
:102110000890FFE7089843F60041C4F20101086007
:10212000FFE7FFE7FFE70B9801300B902FE60EB0BB
:102130007047000083B00290ADF806100298406925
:102140000090009ABDF8060002EA0001904340EAC0
:1021500001400299886103B07047000082B001908D
:10216000ADF802108DF801209DF8010028B1FFE7BD
:10217000BDF802000199886105E0BDF80200000485
:1021800001998861FFE702B07047000041F65400F2
:10219000C2F201000068704740F28300C2F2000002
:1021A000027841F65401C2F2010108681044086047
:1021B0007047000080B543F60041C4F20201086890
:1021C00040F400700860086840F4806008600868A7
:1021D00040F480700860032000F0C0F80F2000F089
:1021E00005F800F071F8002080BD000080B58CB0CB
:1021F0000B90002005900490FFE70020019043F62B
:102200004400C4F20200016841F00101016000686D
:1022100000F0010001900198FFE706A803A900F073
:10222000D7F900F017FA4000059005984DF6836144
:10223000C4F21B31A0FB01014FF0FF3000EB9140D5
:10224000049048F26C70C2F200000021C4F2010157
:10225000016040F2E731C1600499416000210161F1
:102260008160816100F0E4FD8DF80B009DF80B00AA
:1022700028BBFFE748F26C70C2F2000000F02AFEB3
:102280008DF80B009DF80B00C0B9FFE7192000F096
:1022900041F80B980F280CD8FFE70B991920002262
:1022A00000F042F80B9840F28401C2F2000108608D
:1022B00003E001208DF80B00FFE7FFE7FFE79DF843
:1022C0000B000CB080BD000082B0FFE70020019041
:1022D00043F64400C4F20200016841F48041016009
:1022E000006800F4804001900198FFE7FFE70020BC
:1022F000009043F64000C4F20200016841F08051B2
:102300000160006800F0805000900098FFE702B084
:102310007047000080B582B08DF807009DF9070076
:1023200001F010FE02B080BD80B586B08DF81700B8
:10233000049103920020029001F01CFE02909DF98E
:102340001700019002980499039A01F001FA0146DE
:10235000019801F017FE06B080BD000080B582B084
:102360000190019801F030FE02B080BD80B584B0CC
:1023700002900191029820B9FFE701208DF80F002B
:1023800021E1019843F60041C4F20201096801F01D
:102390000701884212D9FFE7019943F60040C4F2D1
:1023A00002000170006800F007000199884204D023
:1023B000FFE701208DF80F0005E1FFE702980078A4
:1023C000800700282AD5FFE70298007840070028F8
:1023D00009D5FFE743F60801C4F20201086840F49A
:1023E000E0500860FFE7029800780007002809D550
:1023F000FFE743F60801C4F20201086840F46040B8
:102400000860FFE743F60801C4F20201086820F003
:10241000F000029A926810430860FFE70298007883
:10242000C00700286ED0FFE702984068012811D14C
:10243000FFE743F60000C4F20200006800F4003138
:102440000020B0EB514F04D1FFE701208DF80F00C1
:10245000B9E02CE002984068022805D0FFE7029816
:102460004068032811D1FFE743F60000C4F20200E0
:10247000006800F000710020B0EB516F04D1FFE75D
:1024800001208DF80F009EE010E043F60000C4F23A
:102490000200006800F002010020B0EB510F04D1EF
:1024A000FFE701208DF80F008DE0FFE7FFE743F61F
:1024B0000801C4F20201086820F00300029A526881
:1024C00010430860FFF762FE0090FFE743F6080044
:1024D000C4F20200006800F00C0002994968B0EBF9
:1024E000810F0ED0FFE7FFF751FE0099401A41F22D
:1024F0008931884204D3FFE703208DF80F0062E0A2
:10250000E4E7FFE7019843F60041C4F202010968DD
:1025100001F00701884212D2FFE7019943F600401B
:10252000C4F202000170006800F0070001998842BF
:1025300004D0FFE701208DF80F0044E0FFE7029888
:102540000078400700280CD5FFE743F60801C4F2E5
:102550000201086820F4E050029AD2681043086033
:10256000FFE702980078000700280DD5FFE743F643
:102570000801C4F20201086820F46040029A12695E
:1025800040EAC2000860FFE700F076F843F6080171
:10259000C4F202010968C9B20A0942F20811C0F680
:1025A0000401895CC84040F20401C2F200010860E5
:1025B00040F28400C2F200000068FFF717FE00201E
:1025C0008DF80F00FFE79DF80F0004B080BD0000FC
:1025D00082B00190009101990F20086043F6080035
:1025E000C4F20200016801F00301019A5160016820
:1025F00001F0F001019A9160016801F4E051019A43
:10260000D160006800F46040C0080199086143F699
:102610000040C4F20200006800F007000099086062
:1026200002B0704740F20400C2F200000068704738
:1026300080B5FFF7F7FF43F60801C4F2020109680D
:10264000C1F3822242F21811C0F60401895CC8402D
:1026500080BD000080B5FFF7E5FF43F60801C4F236
:102660000201096889B24A0B42F21811C0F604014E
:10267000895CC84080BD000080B586B00020059010
:1026800004900390029043F60800C4F20200006830
:1026900000F00C000146019140B1FFE701980428C9
:1026A0000AD0FFE7019808280CD04FE042F2004022
:1026B000C0F2F40002904FE041F60030C0F2B700E3
:1026C000029049E043F60400C4F20200016801F000
:1026D0003F01059100684002002813D5FFE743F64B
:1026E0000400C4F202000068C0F3881041F6003113
:1026F000C0F2B701A0FB0101059A0023FDF754FFCA
:10270000049012E043F60400C4F202000068C0F333
:10271000881042F20041C0F2F401A0FB0101059AC9
:102720000023FDF741FF0490FFE743F60400C4F2E5
:102730000200006800F44031022000EBD130039029
:1027400004980399B0FBF1F0029005E042F20040DA
:10275000C0F2F4000290FFE7029806B080BD0000CE
:1027600080B586B00490049820B9FFE701208DF869
:10277000170050E304980078C007002800F0A580F7
:10278000FFE743F60800C4F20200006800F00C0006
:10279000042813D0FFE743F60800C4F202000068E3
:1027A00000F00C0008281ED1FFE743F60400C4F235
:1027B000020000684002002815D5FFE743F600003C
:1027C000C4F20200006800F400310020B0EB514F69
:1027D00008D0FFE70498406820B9FFE701208DF892
:1027E000170018E370E0FFE704984068B0F5803FF9
:1027F00009D1FFE743F60001C4F20201086840F482
:102800008030086020E004984068B0F5A02F0DD11A
:10281000FFE743F60001C4F20201086840F480209B
:102820000860086840F4803008600CE043F600015E
:10283000C4F20201086820F480300860086820F4BF
:1028400080200860FFE7FFE7FFE704984068E8B1F1
:10285000FFE7FFF79BFC0390FFE743F60000C4F29D
:102860000200006800F400310020B0EB514F0CD1A1
:10287000FFE7FFF78BFC0399401A652804D3FFE7B5
:1028800003208DF81700C6E2E7E71CE0FFF77EFCA7
:102890000390FFE743F60000C4F20200006800F472
:1028A00000310020B0EB514F0CD0FFE7FFF76EFC7A
:1028B0000399401A652804D3FFE703208DF8170019
:1028C000A9E2E7E7FFE7FFE7FFE704980078800762
:1028D000002840F19680FFE743F60800C4F20200AA
:1028E000006810F00C0F13D0FFE743F60800C4F2A5
:1028F0000200006800F00C0008282CD1FFE743F626
:102900000400C4F2020000684002002823D4FFE75C
:1029100043F60000C4F20200006800F0020100204B
:10292000B0EB510F09D0FFE70498C068012804D02C
:10293000FFE701208DF817006DE243F60001C4F2B5
:102940000201086820F0F800049A126940EAC20007
:102950000860FFE754E00498C06870B3FFE7002107
:10296000C4F2472101200860FFF710FC0390FFE745
:1029700043F60000C4F20200006800F002010020EB
:10298000B0EB510F0CD1FFE7FFF700FC0399401AA1
:10299000032804D3FFE703208DF817003BE2E7E7A5
:1029A00043F60001C4F20201086820F0F800049A1E
:1029B000126940EAC200086021E00021C4F2472108
:1029C00000200860FFF7E2FB0390FFE743F60000FA
:1029D000C4F20200006800F002010020B0EB510FC9
:1029E0000CD0FFE7FFF7D2FB0399401A032804D36A
:1029F000FFE703208DF817000DE2E7E7FFE7FFE7A9
:102A0000FFE704980078000700284BD5FFE70498FB
:102A1000406918B3FFE740F68061C4F24721012006
:102A20000860FFF7B3FB0390FFE743F67400C4F2BE
:102A30000200006800F002010020B0EB510F0CD141
:102A4000FFE7FFF7A3FB0399401A032804D3FFE72E
:102A500003208DF81700DEE1E7E722E040F6806111
:102A6000C4F2472100200860FFF790FB0390FFE7C6
:102A700043F67400C4F20200006800F00201002076
:102A8000B0EB510F0CD0FFE7FFF780FB0399401A22
:102A9000032804D3FFE703208DF81700BBE1E7E725
:102AA000FFE7FFE7049800784007002840F1CE8058
:102AB000FFE700208DF8070043F64000C4F2020053
:102AC0000068C000002815D4FFE7FFE70020009051
:102AD00043F64000C4F20200016841F080510160F9
:102AE000006800F0805000900098FFE701208DF80A
:102AF0000700FFE747F20000C4F200000068C005CD
:102B0000002822D4FFE747F20001C4F20001086860
:102B100040F480700860FFF739FB0390FFE747F24D
:102B20000000C4F200000068C00500280CD4FFE7D4
:102B3000FFF72CFB0399401A032804D3FFE7032077
:102B40008DF8170067E1EAE7FFE7FFE70498806880
:102B5000012809D1FFE743F67001C4F202010868B9
:102B600040F0010008601FE00498806805280DD13E
:102B7000FFE743F67001C4F20201086840F0040068
:102B80000860086840F0010008600CE043F670013E
:102B9000C4F20201086820F001000860086820F013
:102BA00004000860FFE7FFE7FFE704988068F8B1DA
:102BB000FFE7FFF7EBFA0390FFE743F67000C4F27C
:102BC0000200006800F002010020B0EB510F0ED1AE
:102BD000FFE7FFF7DBFA0399401A41F28931884297
:102BE00004D3FFE703208DF8170014E1E5E71EE0AA
:102BF000FFF7CCFA0390FFE743F67000C4F202003F
:102C0000006800F002010020B0EB510F0ED0FFE78A
:102C1000FFF7BCFA0399401A41F28931884204D384
:102C2000FFE703208DF81700F5E0E5E7FFE79DF8E3
:102C30000700012809D1FFE743F64001C4F2020171
:102C4000086820F080500860FFE7FFE7049880697B
:102C5000002800F0DC80FFE743F60800C4F2020021
:102C6000006800F00C00082800F08580FFE7049859
:102C7000806902285CD1FFE76021C4F2472100206F
:102C80000860FFF783FA0390FFE743F60000C4F201
:102C90000200006800F000710020B0EB516F0CD012
:102CA000FFE7FFF773FA0399401A032804D3FFE7FD
:102CB00003208DF81700AEE0E7E70499C869D1F862
:102CC00020C04B6A8A6A40EA0C0040EA8310D203B3
:102CD0004FF6FF739A43A2F580321043C96A40EA67
:102CE000016043F60401C4F2020108606021C4F2ED
:102CF000472101200860FFF749FA0390FFE743F6F8
:102D00000000C4F20200006800F000710020B0EB87
:102D1000516F0CD1FFE7FFF739FA0399401A0328E6
:102D200004D3FFE703208DF8170074E0E7E721E004
:102D30006021C4F2472100200860FFF727FA0390C2
:102D4000FFE743F60000C4F20200006800F00071E3
:102D50000020B0EB516F0CD0FFE7FFF717FA039993
:102D6000401A032804D3FFE703208DF8170052E030
:102D7000E7E7FFE74AE004988069012804D1FFE70C
:102D800001208DF8170046E043F60400C4F202006B
:102D90000068029004988069012831D0FFE702980A
:102DA00000F480000499C969884229D1FFE702989C
:102DB00000F03F000499096A884221D1FFE7029898
:102DC00047F6C07108400499496AB0EB811F17D1DA
:102DD000FFE7029800F440300499896AC9034FF66E
:102DE000FF729143A1F58031884209D1FFE7029833
:102DF00000F070600499C96AB0EB016F04D0FFE77E
:102E000001208DF8170006E0FFE7FFE7FFE700204D
:102E10008DF81700FFE79DF8170006B080BD000091
:102E200081B0009001B0704781B0009001B0704750
:102E300080B582B00090009820B9FFE701208DF89E
:102E400007003FE0009890F83D0040B9FFE7009987
:102E5000002081F83C00009800F038F8FFE7009966
:102E6000022081F83D00009951F8040B00F016FD96
:102E70000099012081F84600FFE70099012081F8C0
:102E80003E00009981F83F00009981F840000099C8
:102E900081F84100FFE7FFE70099012081F8420037
:102EA000009981F84300009981F84400009981F865
:102EB0004500FFE70099012081F83D0000208DF8D2
:102EC0000700FFE79DF8070002B080BD81B00090C9
:102ED00001B0704783B00190019890F83D0001283F
:102EE00004D0FFE701208DF80B006AE00199022071
:102EF00081F83D0001980168C86840F00100C86091
:102F0000019800680021C4F2010188423CD0FFE72B
:102F100001980068B0F1804F36D0FFE70198006853
:102F200040F20041C4F2000188422DD0FFE7019831
:102F3000006840F60001C4F20001884224D0FFE797
:102F40000198006840F60041C4F2000188421BD09D
:102F5000FFE70198006840F20041C4F20101884295
:102F600012D0FFE70198006844F20001C4F20101A9
:102F7000884209D0FFE70198006841F60001C4F2D9
:102F80000001884212D1FFE701980068806800F0D4
:102F9000070000900098062807D0FFE70198016815
:102FA000086840F001000860FFE706E0019801684A
:102FB000086840F001000860FFE700208DF80B0072
:102FC000FFE79DF80B0003B07047000081B0009050
:102FD00001B0704780B584B0039003980068C06862
:102FE000029003980068006901909DF80400800732
:102FF000002824D5FFE79DF80800800700281DD58C
:10300000FFE7039801686FF002000861039901204F
:103010000877039800688069800720B1FFE703986C
:10302000FFF7D4FF06E0039800F0E2F8039800F001
:10303000E3F8FFE7039900200877FFE7FFE79DF833
:1030400004004007002825D5FFE79DF80800400749
:1030500000281ED5FFE7039801686FF0040008619F
:1030600003990220087703980068806910F4407F74
:1030700004D0FFE70398FFF7A9FF06E0039800F0EC
:10308000B7F8039800F0B8F8FFE703990020087735
:10309000FFE7FFE79DF804000007002824D5FFE7BD
:1030A0009DF80800000700281DD5FFE70398016878
:1030B0006FF00800086103990420087703980068FE
:1030C000C069800720B1FFE70398FFF77FFF06E0A4
:1030D000039800F08DF8039800F08EF8FFE703994D
:1030E00000200877FFE7FFE79DF80400C0060028EE
:1030F00025D5FFE79DF80800C00600281ED5FFE78C
:10310000039801686FF010000861039908200877A0
:1031100003980068C06910F4407F04D0FFE703986B
:10312000FFF754FF06E0039800F062F8039800F000
:1031300063F8FFE7039900200877FFE7FFE79DF8B2
:103140000400C00778B1FFE79DF80800C00748B148
:10315000FFE7039801686FF001000861039800F031
:103160004FF8FFE7FFE79DF804000006002810D5A0
:10317000FFE79DF808000006002809D5FFE703983F
:1031800001686FF0800008610398FFF749FEFFE7D0
:10319000FFE79DF804004006002810D5FFE79DF8E2
:1031A00008004006002809D5FFE7039801686FF082
:1031B00040000861039800F033F8FFE7FFE79DF84F
:1031C00004008006002810D5FFE79DF8080080065F
:1031D000002809D5FFE7039801686FF02000086117
:1031E0000398FFF721FEFFE7FFE704B080BD000072
:1031F00081B0009001B0704781B0009001B070477D
:1032000080B582B00190019800680021C4F20101EC
:10321000884203D1FFE7FEF7BFFFFFE702B080BDA2
:1032200081B0009001B0704780B582B000900098E6
:1032300020B9FFE701208DF8070040E00098806981
:1032400008B1FFE700E0FFE7009890F8410040B9BF
:10325000FFE70099002081F84000009800F034F862
:10326000FFE70099242081F8410000980168C868B0
:1032700020F40050C860009800F02CFC0098016811
:10328000086920F49040086100980168486920F0BE
:103290002A00486100980168C86840F40050C8607E
:1032A000009900204864009A202182F84110009A79
:1032B00082F84210009948638DF80700FFE79DF8F7
:1032C000070002B080BD000080B588B007900020E4
:1032D000069005900490039002900798006844F2CD
:1032E0000041C4F20001884233D1FFE7FFE700202C
:1032F000019043F64000C4F20200016841F400313D
:103300000160006800F4003001900198FFE7FFE7DA
:103310000020009043F63000C4F20200016841F042
:1033200001010160006800F0010000900098FFE7D3
:103330000C200290022003900020049003200590AE
:10334000072006900020C4F2020002A9FEF716FD35
:10335000FFE708B080BD000080B58AB008900791F3
:10336000ADF81A20059300200290089890F84200CA
:10337000202840F08880FFE7079820B1FFE7BDF8DC
:103380001A0020B9FFE701208DF827007FE0089997
:1033900000204864089A222182F8421008990863A4
:1033A000FEF7F4FE0290BDF81A0008998885BDF872
:1033B0001A000899C88508988068B0F5805F09D11F
:1033C000FFE70898006928B9FFE7002004900798F4
:1033D000039004E00798049000200390FFE7FFE7C4
:1033E0000898C08D002846D0FFE70898029B0599F1
:1033F0006A4611602021002200F00AFC40B1FFE77C
:103400000899202081F8420003208DF827003EE033
:10341000049858B9FFE70898006840686FF35F2088
:10342000039908800398023003901FE00898806891
:10343000B0F5805F08D0FFE70898806850B9FFE7D3
:103440000898006930B9FFE7089800684068049957
:10345000087007E008980068406800F07F00049951
:103460000870FFE7049801300490FFE70899C88DC1
:103470000138C885B4E70899202081F8420000206F
:103480008DF8270003E002208DF82700FFE79DF864
:1034900027000AB080BD000080B58AB0089007916F
:1034A000ADF81A20059300200290089890F841008A
:1034B000202840F08180FFE7079820B1FFE7BDF8A2
:1034C0001A0020B9FFE701208DF8270078E008995D
:1034D000002048640899212081F84100FEF756FE3B
:1034E0000290BDF81A0008998884BDF81A0008995E
:1034F000C88408988068B0F5805F09D1FFE7089814
:10350000006928B9FFE7002004900798039004E0C1
:103510000798049000200390FFE7FFE70898C08C0D
:1035200078B3FFE70898029B05996A4611608021ED
:10353000002200F06DFB40B1FFE70899202081F8E0
:10354000410003208DF827003AE0049858B9FFE7BE
:10355000039800886FF35F20089909684860039812
:103560000230039008E004980078089909684860E0
:10357000049801300490FFE70899C88C0138C8848A
:10358000CCE70898029B05996A4611604021002209
:1035900000F03EFB40B1FFE70899202081F8410090
:1035A00003208DF827000BE00899202081F84100C6
:1035B00000208DF8270003E002208DF82700FFE7A8
:1035C0009DF827000AB080BD80B572B647F22B4047
:1035D000C0F604000BF074FE47F27E40C0F6040013
:1035E0000BF0D8FDFFE7FEE780B590B000200F900C
:1035F0000E900D900C900B90FFE700200A9043F680
:103600003000C4F20200016841F00401016000686A
:1036100000F004000A900A98FFE7FFE700200990F5
:1036200043F63000C4F20200016841F080010160FD
:10363000006800F0800009900998FFE7FFE700208C
:10364000089043F63000C4F20200016841F0010125
:103650000160006800F0010008900898FFE7FFE7AC
:103660000020079043F63000C4F20200016841F0E8
:1036700002010160006800F0020007900798FFE770
:103680000020C4F2020001904FF40041009100229A
:103690000492FEF763FD049A40F20040C4F2020077
:1036A000059010210291FEF759FD009A01980499A6
:1036B0000B92012203920C920D910E910BA906918F
:1036C000FEF75CFBDDF808C0039B049A0598069999
:1036D000CDF82CC00C930D920E92FEF74FFB10B05C
:1036E00080BD000080B501F07FFA80BD80B582B05A
:1036F00048F2B470C2F20000019044F20041C4F2FA
:10370000000101604FF4E131416000218160C1603E
:1037100001610C2242618161C161FFF785FD18B131
:10372000FFE7FEF7E3FAFFE702B080BD80B572B6AF
:1037300047F21F40C0F604000BF0C2FD47F2744090
:10374000C0F604000BF026FDFFE7FEE7FFE7FEE70B
:1037500088B0079006910592079800F00700049042
:103760000498C0F10700052803D3FFE70420019067
:1037700004E00498C0F107000190FFE7019803906E
:1037800004980430062803D8FFE70020009003E0E7
:10379000049803380090FFE7009802900698039978
:1037A000012202FA01F101390840029B9840059973
:1037B0009A40013A1140084308B0704780B594B070
:1037C00008A83021FDF748F90020079006900590E1
:1037D00004900390FFE70020029043F64000C4F2FB
:1037E0000200016841F080510160006800F08050E3
:1037F00002900298FFE7FFE70020019047F20000E7
:10380000C4F20000016841F480410160006800F4E6
:10381000804001900198FFE7012008904FF480302C
:10382000099002200E904FF480010F910621109113
:10383000A821119112900420139008A8FEF790FF80
:1038400018B1FFE7FEF752FAFFE70F2003900220BE
:103850000490002005904FF4A05006904FF4805043
:10386000079003A80521FEF781FD18B1FFE7FEF7D9
:103870003DFAFFE714B080BD4EF68851CEF200014C
:10388000086840F4700008607047000080B548F296
:103890006C70C2F20000FFF79DFB80BD83B0029008
:1038A000019102980068009002980021C4F2010181
:1038B000884225D0FFE70298B0F1804F20D0FFE783
:1038C000029840F20041C4F20001884218D0FFE79C
:1038D000029840F60001C4F20001884210D0FFE7D0
:1038E000029840F60041C4F20001884208D0FFE788
:1038F000029840F20041C4F2010188420AD1FFE778
:10390000009820F0700000900198416800980843EA
:103910000090FFE702980021C4F20101884255D0CF
:10392000FFE70298B0F1804F50D0FFE7029840F2D5
:103930000041C4F20001884248D0FFE7029840F6F7
:103940000001C4F20001884240D0FFE7029840F62F
:103950000041C4F20001884238D0FFE7029840F2EB
:103960000041C4F20101884230D0FFE7029844F2DE
:103970000001C4F20101884228D0FFE7029844F216
:103980000041C4F20101884220D0FFE7029844F6CA
:103990000001C4F20101884218D0FFE7029841F605
:1039A0000001C4F20001884210D0FFE7029841F6FE
:1039B0000041C4F20001884208D0FFE7029842F2B9
:1039C0000001C4F2000188420AD1FFE7009820F408
:1039D000407000900198C168009808430090FFE78C
:1039E000009820F0800001994969084300900198EF
:1039F00080680299C86201980068029988620298FA
:103A00000021C4F20101884208D0FFE7029840F289
:103A10000041C4F20101884205D1FFE70198006925
:103A200002990863FFE70299086840F00400086003
:103A300002990120486100980299086003B070471C
:103A400084B00390FFE7FFE70398006850E8030F96
:103A500020F490700290FFE702990398026842E810
:103A600003100028F0D1FFE7FFE7FFE7FFE7039827
:103A7000006850E8050F20F001000190FFE7019970
:103A80000398026842E805100028F0D1FFE7FFE73D
:103A90000398006B012814D1FFE7FFE7FFE70398C5
:103AA000006850E8030F20F010000090FFE7009935
:103AB0000398026842E803100028F0D1FFE7FFE70F
:103AC000FFE70399202081F8420003990020086352
:103AD00004B0704780B586B005900598006800690D
:103AE00020F44050059A1168D26810430861059986
:103AF00088680B694A69C9691843104308430490F0
:103B000005980068C06849F20C618843049908432D
:103B100005990968C86005980068406920F44070FC
:103B2000059A11689269104348610598006841F24E
:103B30000001C4F20101884209D0FFE7059800683E
:103B400041F20041C4F20101884204D1FFE7FEF7CF
:103B500081FD039003E0FEF76BFD0390FFE70598FE
:103B6000C069B0F5004F29D1FFE703981921A0FBE8
:103B70000101059A1368029353685A00DB0FFCF7A2
:103B800013FD0299864648F21F53C5F2EB13AEFBB4
:103B90000320420910014FF0640C02FB1CEC32229E
:103BA00002EBCC02A2FB0332F82303EA521300EB30
:103BB0004300C2F342121044886026E003981921A2
:103BC000A0FB0101059A1368019353689A009B0FAB
:103BD000FCF7EAFC0199844648F21F52C5F2EB1249
:103BE000ACFB02304309642003FB10CC322000EB15
:103BF0000C10A0FB0202F02000EA521000EB0310B0
:103C0000C2F3431210448860FFE706B080BD000095
:103C100080B586B0DDF820C0049003918DF80B20AC
:103C20000193FFE704980068006803990840401A70
:103C3000B0FA80F040099DF80B1088424DD1FFE7A3
:103C400008980130002847D0FFE7FEF79FFA019956
:103C5000401A0899884203D8FFE7089820B9FFE77F
:103C600003208DF817003CE004980068C068400706
:103C7000002830D5FFE7039880282CD0FFE7039871
:103C8000402828D0FFE704980068006800F0080189
:103C90000120B0EBD10F1DD1FFE7FFE7002000901E
:103CA00004980068006800900498006840680090DC
:103CB0000098FFE70498FFF7C3FE049908204864C2
:103CC000FFE70499002081F84000FFE701208DF80C
:103CD000170006E0FFE7FFE7A4E700208DF81700D4
:103CE000FFE79DF8170006B080BD000080B572B6F2
:103CF00047F23740C0F604000BF0E2FA47F2884082
:103D0000C0F604000BF046FAFFE7FEE781B000EED4
:103D1000100A00900098C0F3C750FF3818BF012068
:103D200001B0704784B041EC100B8DED020B039A8B
:103D300000200021CFF6E071B1EB420F019006D1D7
:103D4000FFE70298B0FA80F040090190FFE7019880
:103D500000F0010004B0704784B041EC100B8DED11
:103D6000020B039A00200021CFF6E071B1EB420F65
:103D7000019006D1FFE70298B0FA80F04009019067
:103D8000FFE7019800F0010004B0704784B041ECF7
:103D9000100B8DED020B039A00200021CFF6E0718D
:103DA000B1EB420F019006D1FFE70298B0FA80F024
:103DB00040090190FFE7019800F0010004B070474E
:103DC00081B000EE100A009000994FF0807000EB77
:103DD0004100B0FA80F0400901B0704781B000EEB8
:103DE000100A009000994FF0807000EB4100B0FA8B
:103DF00080F0400901B0704781B000EE100A0090D9
:103E000000994FF0807000EB4100B0FA80F040095B
:103E100001B0704784B041EC100B8DED020B029A9B
:103E2000039941F00100002A08BF0846019001985B
:103E300020F000410020C7F6F070401AC00F04B017
:103E40007047000084B041EC100B8DED020B029A1C
:103E5000039941F00100002A08BF0846019001982B
:103E600020F000410020C7F6F070401AC00F04B0E7
:103E70007047000084B041EC100B8DED020B029AEC
:103E8000039941F00100002A08BF084601900198FB
:103E900020F000410020C7F6F070401AC00F04B0B7
:103EA0007047000081B000EE100A0090009820F0EA
:103EB0000040C0F1FF40C00F01B0704781B000EE7C
:103EC000100A0090009820F00040C0F1FF40C00FA1
:103ED00001B0704781B000EE100A0090009820F009
:103EE0000040C0F1FF40C00F01B0704782B041EC0C
:103EF000100B8DED000B0198C00F02B07047000051
:103F000082B041EC100B8DED000B0198C00F02B098
:103F10007047000081B000EE100A00900098C00FBA
:103F200001B0704781B000EE100A00900098C00FF9
:103F300001B0704781B000EE100A00900098C00FE9
:103F400001B0704781B08DF803009DF9030000288F
:103F50000ED4FFE79DF9031001F01F0201209040ED
:103F60004A094EF20011CEF2000141F82200FFE7AB
:103F700001B070474EF60C50CEF200000068C0F35E
:103F80000220704782B08DF8070000919DF907006C
:103F900000280AD4FFE7009800019DF907104EF2AF
:103FA0000042CEF2000288540BE0009800019DF818
:103FB000071001F00F014EF61452CEF200028854A1
:103FC000FFE702B07047000083B00290029800F053
:103FD000070000904EF60C51CEF2000108680190E7
:103FE00001984FF6FF02104001900198009A40EAB4
:103FF00002200022C0F2FA5210430190019808609A
:1040000003B0704784B003900291019247F224609C
:10401000C0F6040000F000F883B0029047F215509B
:10402000C0F604000190FFE701980078A8B1FFE70F
:10403000FFE744F20040C4F20000006800060028D8
:1040400001D4FFE7F5E70198411C0191007844F2A3
:104050000441C4F200010860E6E70298D8B1FFE726
:10406000FFE702980078A8B1FFE7FFE744F20040BD
:10407000C4F2000000680006002801D4FFE7F5E75D
:104080000298411C0291007844F20441C4F20001FC
:104090000860E6E7FFE747F24C40C0F604000090F6
:1040A000FFE700980078A8B1FFE7FFE744F200407F
:1040B000C4F2000000680006002801D4FFE7F5E71D
:1040C0000098411C0091007844F20441C4F20001C0
:1040D0000860E6E7FFE7FEE780B592B010900F9129
:1040E0000E920E9818B1FFE70020049003E00F989D
:1040F0000C300490FFE704980D9000208DF83300F9
:104100000F9909680B910F9909680A910990FFE7C7
:10411000109801780020039039B1FFE710980078DB
:10412000293818BF01200390FFE70398C007002833
:1041300000F09783FFE71098007824380146029139
:10414000582800F2A1800299DFE811F06D039E006B
:104150009E009E0094019E005A02C1029E009E0095
:10416000CA009E009E009E009E009E009E009E0033
:104170009E009E009E009E009E009E009E009E004F
:104180009E000E029E009E009E009E009E009E00CD
:104190009E009E009E009E009E009E009E009E002F
:1041A0009E009E009E009E009E009E009E009E001F
:1041B0009E009E009E009E009E00E20059009E0010
:1041C00055039E009E009E009E009E009E009E0045
:1041D0009E009E009E009E009E009E009E009E00EF
:1041E0009E009E009E009E009E009E009E009E00DF
:1041F0009E009E009E009E009E009E00030310985D
:10420000013010901098007818B9FFE70020119045
:1042100043E31098007840F02000642807D0FFE7BF
:104220001098007840F0240077282CD1FFE70F98F1
:1042300000680A900D9840B1FFE70D990F9B1A682E
:10424000501C18600520885404E00F99086801305C
:104250000860FFE70D9860B1FFE7109800780D99AE
:10426000DDF83CC0DCF80020531CCCF8003088544A
:1042700004E00F99086801300860FFE70F9948686B
:1042800001304860E7E2FFE70F9800680A900D9858
:1042900040B1FFE70D990F9B1A68501C1860012070
:1042A000885404E00F99086801300860FFE70D9812
:1042B00060B1FFE7109800780D99DDF83CC0DCF89C
:1042C0000020531CCCF80030885404E00F99086893
:1042D00001300860FFE70F99486801304860BAE292
:1042E0000F9800680A900D9840B1FFE70D990F9B59
:1042F0001A68501C18600220885404E00F9908685E
:1043000001300860FFE70F99486801304860A2E279
:104310000F9800680A90109801301090109800785B
:104320005E2814D1FFE70D9840B1FFE70D990F9B70
:104330001A68501C18600420885404E00F9908681B
:1043400001300860FFE710980130109010E00D98E0
:1043500040B1FFE70D990F9B1A68501C18600320AD
:10436000885404E00F99086801300860FFE7FFE710
:104370000F990868013008600F994868013048605B
:1043800000200890FFE7109800785D2869D0FFE7CB
:10439000109800788DF81F009DF81F005C281AD136
:1043A000FFE7109801301090109800788DF81F00EA
:1043B0009DF81F0040F02000642807D0FFE79DF81B
:1043C0001F0040F02400772804D1FFE700208DF87B
:1043D0001F0016E0FFE79DF81F0018B9FFE7002057
:1043E00011905AE2109840782D2809D1FFE71098D3
:1043F00080785D2804D0FFE7109802301090FFE726
:10440000FFE70D9860B1FFE79DF81F000D99DDF8FB
:104410003CC0DCF80020531CCCF80030885404E089
:104420000F99086801300860FFE70D9860B1FFE759
:10443000109800780D99DDF83CC0DCF80020531C82
:10444000CCF80030885404E00F9908680130086007
:10445000FFE7FFE7109801301090089801300890AE
:1044600091E70A9801300D99089A0DF1330300F095
:1044700017FAF0E10F9800680A9000200690109853
:10448000417801203F29019007D1FFE710988078FB
:104490003A3818BF01200190FFE7019800F00100B1
:1044A0000590059828B3FFE70F9988680130886068
:1044B00006900D9840B1FFE70D990F9B1A68501CAC
:1044C00018607E20885404E00F9908680130086065
:1044D000FFE70F9A1068411C11600D99069A52006F
:1044E0000DF1330300F0DCF90F99486801304860A2
:1044F00003E0109802301090FFE7109801300F99F8
:104500000E9AFFF7E9FD1090109828B1FFE7109878
:104510000078292803D0FFE700201190BDE105981D
:1045200008B3FFE70D9840B1FFE70D990F9B1A689C
:10453000501C18607E20885404E00F9908680130F0
:104540000860FFE70F9A1068411C11600D99069AE8
:10455000520001320DF1330300F0A2F90F994868BF
:1045600001304860FFE776E10F9800680A998842B9
:1045700003D1FFE7002011908FE10D9850B1FFE7C4
:104580000D980A9BC118881C0F9A1268D21AFCF762
:1045900088F900E0FFE70F9908680230086010987A
:1045A00040783F280ED1FFE70D9828B1FFE70D991D
:1045B0000A9A6220885401E00A98FFE710980130B7
:1045C00010900AE00D9828B1FFE70D990A9A612032
:1045D000885401E00A98FFE7FFE70A9B581C0D99F1
:1045E0000F9A1268D21A023A0DF1330300F058F90B
:1045F0000F994868013048600F9800680A902AE1D6
:104600000F9800680A99884203D1FFE700201190B3
:1046100043E10D9850B1FFE70D980A9BC118881C23
:104620000F9A1268D21AFCF73CF900E0FFE70F99E5
:104630000868023008600D9830B1FFE70D990F98B7
:1046400002686020885402E00F980068FFE70F9826
:104650000368581C0D990A9AD21A023A0DF13303D5
:1046600000F01EF90F990868023008601098407831
:104670003F280ED1FFE70D9828B1FFE70D990A9A60
:104680006220885401E00A98FFE7109801301090EA
:104690000AE00D9828B1FFE70D990A9A6120885425
:1046A00001E00A98FFE7FFE70A9B581C0D990F9A53
:1046B0001268D21A023A0DF1330300F0F1F80F99A3
:1046C0004868023048600F9800680A90C3E00F986D
:1046D00000680A99884203D1FFE700201190DCE0CE
:1046E000109840783F2810D1FFE70D9830B1FFE7D0
:1046F0000D990F9802686120885402E00F980068B5
:10470000FFE71098013010900CE00D9830B1FFE7F2
:104710000D990F9802686220885402E00F98006893
:10472000FFE7FFE70F980368581C0D990A9AD21A01
:10473000023A0DF1330300F0B3F80F990868023024
:1047400008600F994868013048600F9800680A9027
:1047500081E0099858B1FFE709980D990F9A1368FD
:10476000C2431A440DF1330300F09AF8FFE70D98A5
:1047700050B1FFE70D980B9BC118881C0F9A126867
:10478000D21AFCF78EF800E0FFE70F9908680230B4
:1047900008600D9840B1FFE70D990F9B1A68501CF7
:1047A00018606020885404E00F99086801300860A0
:1047B000FFE70F9A1068411C116009900D9828B10D
:1047C000FFE70D990B9A6120885401E00B98FFE7F1
:1047D0000B9B581C0D990F9A1268D21A023A0DF1D0
:1047E000330300F05DF80F994868023048600F9875
:1047F00000680A902FE00D9840B1FFE70D990F9BDC
:104800001A68501C18605020885404E00F990868FA
:1048100001300860FFE70F994868013048600F9841
:1048200000680A9017E00D9840B1FFE70D990F9BC3
:104830001A68501C18605120885404E00F990868C9
:1048400001300860FFE70F994868013048600F9811
:1048500000680A90FFE7FFE7109801301090FFF71B
:1048600057BC099858B1FFE709980D990F9A13683A
:10487000C2431A440DF1330300F012F8FFE79DF82C
:104880003300C00718B1FFE70020009002E0109845
:104890000090FFE700981190FFE7119812B080BDDB
:1048A00084B00390029101920093019841B2421AA0
:1048B00018BF012200990878104300F00100087029
:1048C000029828B1FFE701980299039A8854FFE7FC
:1048D00004B0704780B586B004900391049810F836
:1048E000010C0338B0FA80F0400902900498411C92
:1048F000049100780190FFE70198411E019128B3CF
:10490000FFE70498007858B9FFE70498013003994D
:1049100000F026F818B1FFE7029805901CE011E0BE
:10492000039800780499097888420ADBFFE7039826
:10493000007804994978884203DCFFE702980590E3
:104940000AE0FFE7049802300490D5E70298B0FA35
:1049500080F040090590FFE7059806B080BD000093
:1049600083B00290019102980078C0F3401000904B
:104970000298007840F02000642810D1FFE70198E9
:104980000078302805DBFFE7019800783A2805DB3E
:10499000FFE7009880F001000090FFE745E00298F3
:1049A000007840F02000732815D1FFE701980078C7
:1049B00020280FD0FFE701980078092805DBFFE7E2
:1049C000019800780E2805DBFFE7009880F00100D1
:1049D0000090FFE728E001980078412805DBFFE719
:1049E000019800785B281EDBFFE7019800786128BA
:1049F00005DBFFE7019800787B2814DBFFE70198CF
:104A00000078302805DBFFE7019800783A280ADBB8
:104A1000FFE7019800785F2805D0FFE7009880F055
:104A200001000090FFE7FFE7FFE7009803B0704741
:104A300080B58EB00A900991089207930A983421A4
:104A4000FCF70AF8079820F00300079009980A99E4
:104A5000486008980A99886107980A99C861089877
:104A60000A99086108980A994861079808380A99CC
:104A700088600A990220C8600898059005980799EF
:104A8000084405900598043805900A980390059805
:104A900004900398049908600598043805900598D7
:104AA000049008980499086008980390039804906B
:104AB00005980499086008980590059804300590B9
:104AC0000598009000994EF6EE60CFF6FF700860F2
:104AD0000A9900200862EFF310800D900D980B905A
:104AE00072B60B9806900A9945F24540C4F25920D7
:104AF000086040F20410C2F20000006858B9FFE7F5
:104B00000A9840F20811C2F2000108600A98C062D7
:104B10000A98006315E040F20810C2F20000006835
:104B200002900298006B01900A98029908630A9813
:104B30000199C86201980A99086302980A99C862A3
:104B4000FFE740F20411C2F200010868013008607A
:104B500006980C900C9880F3108800200EB080BD51
:104B600080B500F083F900F0D3FD40F22C11C2F2C1
:104B700000010020086040F22811C2F20001086024
:104B800040F22411C2F20001086040F22011C2F28A
:104B90000001086040F21011C2F20001086040F20A
:104BA0000C11C2F20001086040F2FC01C2F20001E7
:104BB000086040F2F801C2F20001086040F20811FA
:104BC000C2F20001086040F20411C2F20001086064
:104BD00040F21C11C2F20001086040F21811C2F24A
:104BE0000001086080BD000080B582B040F208007E
:104BF000C2F20000006810F10F3F13D0FFE740F24F
:104C00000801C2F200014FF0F0300860FBF7A8FB8A
:104C1000FFF7A6FF40F24811C2F200010868013018
:104C20000860FFE740F20801C2F2000101914FF075
:104C3000F030086040F21410C2F20000006836F054
:104C4000F1FB019900200860FBF7D2FB02B080BDA8
:104C500080B592B0DDF864C0DDF860C0DDF85CC0FE
:104C6000DDF858C0DDF854C0DDF850C00990089157
:104C7000079206930020019014981599EF22FBF7F4
:104C8000C1FE0998B021FBF7E7FE089809998862F0
:104C900007980999486406980999886414980999AD
:104CA000C86015980999486116980999C8621698BC
:104CB0000999C1F894001898099988611898099978
:104CC000C86109992020C1F89C00149800900099AF
:104CD00015980844013800900098099908611698C1
:104CE0001799884207D0FFE709990020C8630999FE
:104CF000C1F8980007E016980999C86316980999B1
:104D0000C1F89800FFE7099903200863099945F263
:104D10006160C0F60000486509988065099844F60E
:104D2000ED61C0F60001FBF7C3FBEFF310801090BC
:104D300010980B9072B60B980590099945F2442093
:104D4000C5F24840086040F23010C2F2000000682E
:104D500068B9FFE7099840F23411C2F20001086017
:104D60000998C0F888000998C0F88C001AE040F251
:104D70003410C2F20000006804900498D0F88C004F
:104D8000039009980499C1F88C0009980399C1F817
:104D9000880003980999C1F88C0004980999C1F812
:104DA0008800FFE740F23011C2F2000108680130CC
:104DB000086040F24811C2F2000108680130086042
:104DC0001998012832D1FFE740F20800C2F2000032
:104DD0000068EFF305810C910C990843B0F1F03FA6
:104DE00011D3FFE740F23C10C2F2000000680290CD
:104DF000029838B1FFE70298C06B01900299C86A27
:104E0000C863FFE702E000200290FFE705980F90DB
:104E10000F9880F31088099800F06CF9029820B17F
:104E2000FFE701980299C863FFE71BE005980E9021
:104E30000E9880F31088EFF31080119011980A906B
:104E400072B60A98059040F24811C2F20001086853
:104E50000138086005980D900D9880F3108800F0D7
:104E600011F9FFE7002012B080BD000080B582B0CC
:104E700040F23811C2F2000100200190086040F2B7
:104E80003C11C2F20001086040F2CC11C2F20001F4
:104E9000086040F24011C2F200012020086040F298
:104EA0004C10C2F200008021FBF7D6FD019840F2C1
:104EB0003411C2F20001086040F23011C2F2000168
:104EC000086040F24811C2F20001086040F244114B
:104ED000C2F20001086040F20011C2F2000108684D
:104EE00040F08570086002B080BD000080B588B0D9
:104EF00040F23810C2F20000006801900198416C45
:104F0000806C884740F24410C2F20000006840B153
:104F1000FFE740F24410C2F20000016801988847A0
:104F2000FFE7EFF3108007900798039072B603989D
:104F3000029001990120086301998863019900207A
:104F4000C86440F24811C2F20001086801300860EC
:104F500002980490049880F31088EFF31480059071
:104F600005980090009820F00400009000980690AA
:104F7000069880F31488019800F0E0F908B080BD2D
:104F800080B58EB00490EFF310800D900D980590D1
:104F900072B60598039040F23810C2F20000006823
:104FA0000190019840B9FFE703980B900B9880F3AC
:104FB00010881320029062E040F20800C2F2000064
:104FC0000068EFF305810C910C99084340B1FFE7AD
:104FD00003980A900A9880F31088132002904DE0FD
:104FE000019840F28421C2F20001884208D1FFE713
:104FF00003980990099880F31088132002903CE0F0
:10500000049840B9FFE703980890089880F3108847
:105010000020029030E040F24810C2F20000006828
:1050200040B1FFE703980790079880F3108813209A
:10503000029020E00199042008630199012088630F
:1050400001990020C1F8840004980199C86440F2D5
:105050004811C2F200010868013008600398069008
:10506000069880F31088019800F068F90198D0F84C
:1050700084000290FFE7FFE7FFE7FFE7FFE7029802
:105080000EB080BD87B040F24810C2F20000006848
:105090000290029860BBFFE740F23810C2F20000B5
:1050A0000068019040F23C10C2F2000000680090DD
:1050B0000198009988421AD0FFE74EF60451CEF2CB
:1050C00000014FF080500860EFF3058004900498D1
:1050D00060B9FFE7EFF3108005900598039062B682
:1050E00003980690069880F31088FFE7FFE7FFE734
:1050F00007B0704780B596B00990EFF31080139019
:1051000013980C9072B60C9808900998406E28B1CC
:10511000FFE709984C3000F0F5FB03E00999002007
:10512000C864FFE740F24811C2F200010868013884
:1051300008600998806B002840F0A880FFE7099874
:10514000006B002800F0A180FFE70998406B002861
:1051500040F09380FFE70999002008630998C06A2E
:105160000790079940F24C10C2F2000050F821005D
:105170000590059800286FD1FFE70998079A40F23B
:105180004C11C2F2000141F822000998006209980E
:105190004062079901208840069040F2CC11C2F28B
:1051A00000010868069A10430860079840F2401111
:1051B000C2F20001096888424DD2FFE7079840F229
:1051C0004011C2F20001086040F23C10C2F200003F
:1051D00000680390039838B9FFE7099840F23C1142
:1051E000C2F20001086035E007980399C96B884254
:1051F0002FD2FFE7099840F23C11C2F2000108608B
:1052000008981090109880F3108840F24810C2F26D
:105210000000006801900198D0B9FFE74EF60451F4
:10522000CEF200014FF080500860EFF3058011903E
:10523000119860B9FFE7EFF31080149014980B9069
:1052400062B60B980D900D9880F31088FFE7FFE78A
:1052500072E0FFE7FFE70FE00598406A04900998C5
:105260000499086209980599486204980999486266
:10527000059809990862FFE706E00999002048634C
:10528000099903200863FFE7FFE71DE00998006B19
:10529000012818D0FFE70998006B022812D0FFE719
:1052A0000998406B30B9FFE7099900208863099994
:1052B000086306E009990020486309990320086300
:1052C000FFE7FFE7FFE7FFE740F23810C2F2000018
:1052D0000068029008980F900F9880F31088029849
:1052E00040F23C11C2F200010968884224D0FFE775
:1052F00040F24810C2F20000006801900198D0B955
:10530000FFE74EF60451CEF200014FF080500860E6
:10531000EFF305801290129860B9FFE7EFF3108069
:10532000159015980A9062B60A980E900E9880F320
:105330001088FFE7FFE7FFE716B080BD80B59CB09F
:105340000A9040F23810C2F2000000680190EFF3BA
:105350001080189018980E9072B60E9809900A98BE
:105360000199884218D1FFE70A98C06C0090009814
:1053700050B1FFE70098013028B1FFE70A984C30A0
:1053800000F056FAFFE7FFE70A98C06940F234716F
:10539000C2F200010860FFE740F24811C2F20001CA
:1053A0000868013808600A98806B012840F0D180B5
:1053B000FFE70A99002088630A98C06A08900A9853
:1053C000006A039003980A9988421ED0FFE70A9862
:1053D000406A029002980399486203980299086211
:1053E000089940F24C10C2F2000050F821000A99CE
:1053F000884209D1FFE70398089A40F24C11C2F2A3
:10540000000141F82200FFE760E0089A40F24C10EA
:10541000C2F20000002140F82210089A01209040BA
:10542000059040F2CC10C2F200000268059B9A433E
:1054300002600791006806900698A8BBFFE740F25B
:105440004011C2F200012020086040F23C11C2F27B
:1054500000010020086009981490149880F31088C7
:1054600040F24810C2F20000006804900498D0B9DD
:10547000FFE74EF60451CEF200014FF08050086075
:10548000EFF305801590159860B9FFE7EFF31080F2
:10549000199019980D9062B60D980F900F9880F39F
:1054A0001088FFE7FFE787E0069890FAA0F00690E3
:1054B0000698B0FA80F0059007980599084440F2E4
:1054C0004011C2F200010860FFE7FFE70A9840F2CE
:1054D0003C11C2F200010968884239D1FFE740F26D
:1054E0004010C2F20000016840F24C10C2F200000D
:1054F00050F8210040F23C11C2F200010860099806
:105500001390139880F3108840F24810C2F2000004
:10551000006804900498D0B9FFE74EF60451CEF22B
:1055200000014FF080500860EFF305801690169848
:1055300060B9FFE7EFF310801A901A980C9062B6EA
:105540000C981090109880F31088FFE7FFE733E085
:10555000FFE709981290129880F31088019840F2A2
:105560003C11C2F200010968884224D0FFE740F2F2
:105570004810C2F20000006804900498D0B9FFE718
:105580004EF60451CEF200014FF080500860EFF368
:1055900005801790179860B9FFE7EFF310801B9014
:1055A0001B980B9062B60B981190119880F310889D
:1055B000FFE7FFE7FFE7FFE71CB080BD85B040F2E3
:1055C0003810C2F2000000680090EFF310800490E1
:1055D0000498029072B60298019040F2E411C2F26F
:1055E000000100200860009890B3FFE70098006B6E
:1055F00068BBFFE70099C86988610098806940F23C
:105600003471C2F2000108600099086A88421DD016
:10561000FFE70099C86AC96B884216D1FFE7009876
:10562000016AC26A40F24C10C2F2000040F8221037
:1056300040F24011C2F20001096850F8210040F226
:105640003C11C2F200010860FFE7FFE7FFE7FFE758
:1056500001980390039880F3108805B0704700000C
:1056600080B58AB0059005980390EFF310800990FB
:105670000998069072B6069804900398006B042867
:1056800010D1FFE740F24811C2F200010868013072
:10569000086004980890089880F310880398FFF732
:1056A00029FD14E00398806E02900398D0F8AC00B6
:1056B000019004980790079880F31088029828B109
:1056C000FFE7029A039801999047FFE7FFE70AB0C6
:1056D00080BD000080B584B0EFF310800390039884
:1056E000019072B60198009040F24811C2F2000198
:1056F00008680130086000980290029880F31088D2
:1057000040F28420C2F20000FFF7F4FC04B080BD38
:1057100080B58AB040F28021C2F2000100200890DA
:10572000086040F23471C2F20001086040F2E411F6
:10573000C2F20001086040F2E011C2F2000108600C
:1057400040F2E811C2F20001086040F2EC10C2F22F
:10575000000007908021FBF77FF90799089840F235
:105760007022C2F20002116040F2DC12C2F20002AA
:1057700011607C3140F26C22C2F2000211601168AB
:105780000431116040F27C22C2F2000240F2343156
:10579000C2F20001116040F27822C2F200024FF41E
:1057A0008061116040F27421C2F200010860FFE7DD
:1057B00040F27C20C2F20000006840F27821C2F280
:1057C00000010A6840F27421C2F200010B686946C8
:1057D0004FF0000CC1F814C0C1F810C0CB608B6052
:1057E0004A60086040F28420C2F200004CF224714A
:1057F000C0F6040145F67512C0F6000244F64D13DA
:10580000C4F25413FFF724FA0990FFE7099800281F
:10581000CED1FFE740F2D811C2F2000100200860AB
:1058200040F2D411C2F2000108600AB080BD00004D
:1058300087B00690069800680190019800285FD014
:10584000FFE701980130002859D0FFE706988069EA
:10585000002853D1FFE70198212803D3FFE71F2039
:10586000009003E0019801380090FFE740F2DC105F
:10587000C2F200000068009900EB810005900598D5
:1058800040F26C21C2F200010968884213D3FFE79D
:10589000059840F26C21C2F200010968401A80109C
:1058A000029040F27020C2F200000068029900EB02
:1058B00081000590FFE70598006840B9FFE706986A
:1058C00000610698406106980599086012E0059805
:1058D0000068049004984069039006980399086151
:1058E00006980499486104980699086103980699F6
:1058F0004861FFE7059806998861FFE7FFE7FFE742
:1059000007B0704784B003900398806902900298B2
:1059100070B3FFE7039800690190039801998842EA
:105920000BD1FFE7029800680399884204D1FFE792
:10593000029900200860FFE716E003984069009094
:1059400000980199486101980099086102980068DF
:105950000399884207D1FFE702980199886101986D
:1059600002990860FFE7FFE7039900208861FFE7DD
:1059700004B0704780B598B00A90002002900A9851
:1059800044F64D11C4F25411884240F0FD80FFE707
:10599000FFE7EFF31080149014980E9072B60E98F3
:1059A000099040F2DC10C2F2000000680068089024
:1059B000089820B1FFE7089908A88861FFE740F23E
:1059C000DC10C2F20000026800211160016804319D
:1059D0000160006840F26C21C2F20001096888424F
:1059E0000BD1FFE740F27020C2F20000006840F2E5
:1059F000DC11C2F200010860FFE740F2E011C2F2E0
:105A000000010020086009981390139880F3108813
:105A1000EFF31080159015980D9072B60D980990BF
:105A2000FFE70898002800F08680FFE708980490B8
:105A3000089800690690002007900498069988420B
:105A400003D1FFE7002008900EE00498406905901C
:105A5000059806994861069805990861069908A86D
:105A6000886106980890FFE70498006821280ED303
:105A7000FFE7049908682038086000200390049923
:105A800007A88861049800610498079019E00498B9
:105A9000806803900498C068029004994868086080
:105AA0000498006840B1FFE7049907A8886104984A
:105AB00000610498079003E0049900208861FFE7E3
:105AC000FFE7049840F2E811C2F20001086009986B
:105AD0001290129880F31088039820B1FFE7039981
:105AE00002988847FFE7EFF31080169016980C9005
:105AF00072B60C98099040F2E811C2F20001002041
:105B0000086007980499884207D1FFE704990020AC
:105B100088610498FFF78CFEFFE7099811901198AF
:105B200080F31088EFF31080179017980B9072B6DF
:105B30000B98099075E740F2E010C2F2000000688F
:105B4000D8B9FFE740F28420C2F200000190019929
:105B50000320086301990120886340F24811C2F2D2
:105B6000000108680130086009981090109880F3CF
:105B700010880198FFF7E2FB05E009980F900F9855
:105B800080F31088FFE704E718B080BD80B592B0BD
:105B9000DDF850C009900891079206930020049008
:105BA000099818B9FFE7022004909BE01498342864
:105BB00003D0FFE70220049093E0EFF310801090F1
:105BC00010980B9072B60B98059040F24811C2F2F3
:105BD000000108680130086005980D900D9880F369
:105BE000108840F20810C2F2000000680290002005
:105BF0000390FFE7039840F20411C2F20001096824
:105C000088420FD2FFE709980299884201D1FFE745
:105C100008E00298C06A0290FFE7FFE703980130AE
:105C20000390E7E7EFF31080119011980A9072B695
:105C30000A98059040F24811C2F200010868013844
:105C4000086005980C900C9880F31088FFF71AFAFA
:105C500009980299884203D1FFE7022004903FE0AF
:105C6000079818B9FFE70320049038E006986328E6
:105C700003D8FFE70520049030E040F23810C2F26C
:105C8000000000680190019840F28421C2F20001F6
:105C9000884203D1FFE713200490FFE740F2080099
:105CA000C2F200000068EFF305810F910F990843DD
:105CB00098B1FFE740F20800C2F200000068EFF37D
:105CC00005810E910E9908430009B0F10F3F03D2F0
:105CD000FFE713200490FFE7FFE7FFE7FFE7FFE799
:105CE000FFE7FFE7049840B9FFE709980899079A8A
:105CF000069BFEF79DFE0490FFE7049812B080BD5E
:105D00002DE9F0419AB0DDF898C0DDF894C0DDF8D7
:105D100090C0DDF88CC0DDF888C0DDF884C0DDF807
:105D200080C0119010910F920E9300200C9011984A
:105D300018B9FFE70E200C90F0E02698B02803D0A9
:105D4000FFE70E200C90E8E0EFF310801890189811
:105D5000139072B613980D9040F24811C2F20001F0
:105D60000868013008600D981590159880F3108828
:105D700000200B9040F23411C2F200010968099131
:105D800020990791079A21991144013907910799A0
:105D900008910A90FFE70A9840F23011C2F2000120
:105DA000096888423AD2FFE711980999884203D1DD
:105DB000FFE701200B90FFE70B98012801D1FFE7D7
:105DC0002CE020980999C96888420CD3FFE72098F5
:105DD00009990969884205D2FFE700202090012037
:105DE0000B90FFE7FFE708980999C96888420CD330
:105DF000FFE7089809990969884205D2FFE7002062
:105E0000209001200B90FFE7FFE70998D0F8880069
:105E10000990FFE70A9801300A90BCE7EFF3108081
:105E200019901998129072B612980D9040F248117C
:105E3000C2F200010868013808600D9814901498A7
:105E400080F31088FFF71EF911980999884203D151
:105E5000FFE70E200C905FE0209818B9FFE70320C1
:105E60000C9058E00F9818B9FFE703200C9051E010
:105E70002198C72803D8FFE705200C9049E0229815
:105E8000202803D3FFE70F200C9041E023982299AC
:105E9000884203D9FFE718200C9038E025980228A3
:105EA00003D3FFE710200C9030E040F23810C2F22C
:105EB000000000680690069840F28421C2F20001BA
:105EC000884203D1FFE713200C90FFE740F208005F
:105ED000C2F200000068EFF305811791179908439B
:105EE00098B1FFE740F20800C2F200000068EFF34B
:105EF00005811691169908430009B0F10F3F03D2AE
:105F0000FFE713200C90FFE7FFE7FFE7FFE7FFE75E
:105F1000FFE7FFE7FFE7FFE7FFE7FFE70C98E8B9D8
:105F2000FFE7119810990F9A0E9BDDF880C0219C15
:105F3000229D239E249FDDF89480EE46CEF81480A7
:105F4000CEF81070CEF80C60CEF80850CEF80440B1
:105F5000CEF800C0FEF77CFE0C90FFE70C981AB05C
:105F6000BDE8F08185B003900291019200930398FF
:105F700049F69711C1F69911884211D8FFE70098A8
:105F8000012805D1FFE70199086801380860FFE79B
:105F9000039800EB8001029800EB410004900AE0B6
:105FA000009828B9FFE70199086801300860FFE709
:105FB00003980490FFE7049805B0704780B588B057
:105FC000079006918DF817200493069840B3FFE7D9
:105FD0009DF81800800718BBFFE7069800799DF828
:105FE000171088421CD1FFE7069803900398406879
:105FF000000A029000200190FFE701980299884270
:106000000DDAFFE7049A07980399019B01EB8301DE
:1060100089689047FFE7019801300190EDE708E0BB
:10602000069828B1FFE7049A079806999047FFE77A
:10603000FFE708B080BD000080B582B0009000206E
:10604000A8B9FFE700981FF0C1F880B1FFE70098FA
:10605000006846F22C41C0F60401884207D1FFE7F0
:1060600000981DF03BF820F07DFA019002E00098C6
:106070000190FFE7019802B080BD000080B584B0B8
:106080000390039901200E29029028D0FFE703997D
:1060900001201E29029022D0FFE703981FF006FA84
:1060A000014601200190B9B9FFE703981FF08EF86F
:1060B00001460020009061B1FFE70398006846F2B6
:1060C0007051C0F60401401AB0FA80F04009009007
:1060D000FFE700980190FFE701980290FFE7029820
:1060E00000F0010004B080BD80B584B00390039837
:1060F000FFF7C4FF014601200290F9B9FFE7002134
:1061000008460190B9B9FFE703981FF05FF8014610
:106110000020009061B1FFE70398006846F22C412F
:10612000C0F60401401AB0FA80F040090090FFE781
:1061300000980190FFE701980290FFE7029800F0B5
:10614000010004B080BD000080B586B005900491C8
:10615000002070B9FFE705981EF090FF48B1FFE7F7
:106160000598006846F23C21C0F60401884211D02F
:10617000FFE7002078B9FFE705981EF07FFF50B1D8
:10618000FFE70598006846F27C11C0F604018842DA
:1061900001D1FFE70BE049F64300C0F6040049F6E1
:1061A000EA01C0F6040140F28712FDF72BFF0598C3
:1061B00003900398C179B0F8050040EA014080BB24
:1061C000FFE7039801794020002211F00FFC0290B4
:1061D0000820019003988268C0680299019B1A44C4
:1061E00051430FF0A7F90399C86001980399A1F8EA
:1061F0000500000CC871DDF80CC0DCF80C00DCF800
:1062000008104B1C029A03FB02009CF807E0BCF844
:1062100005C04CEA0E4C6144C91A5143FAF7FAFB27
:10622000FFE7039A1079D1689268049B12F06AFA2A
:106230000399886801308860039931F8050F8A78DE
:1062400040EA024001380880000C8870062006B041
:1062500080BD000080B5A4B08DF88B002191209204
:1062600021981F909DF88B0001460691242800F28A
:1062700020810699DFE811F0D400D400D400D400C6
:10628000D4001D011D011D011D011D011D011D0168
:106290001D011D0164001D011D011D011D011D01C8
:1062A0001D011D011D011D011D011D011D012500F7
:1062B0001D011D011D011D011D011D011D011D01EE
:1062C00077001F98006846F21861C0F60401884202
:1062D00003D1FFE700202390EEE021981CA90122C2
:1062E000059200F027FA059A209819A918F0A2F84B
:1062F0009DF878104020002211F078FB18901A9831
:106300001899B0FBF1F017909DF878001F998968F3
:10631000179A114400F0D6FA16901698C0681C9986
:106320001D9AFAF779FA1698C0681D9908441999C8
:10633000179A189B5A43FAF76FFA16982390BBE006
:106340001F98006846F21861C0F60401884203D124
:10635000FFE700202390AFE02198209900F022F978
:1063600021982390A8E0209810A9012217F0B2FFED
:1063700060B3FFE7002070B9FFE721981EF07EFEB2
:1063800048B1FFE72198006846F23C21C0F60401BD
:10639000884203D0FFE70E2023908DE0219813A9B7
:1063A0000122049200F0C6F9DDF810C01398149988
:1063B000109A119BEE46CEF800C009F049F900286A
:1063C00018BF01201FF0F0FB239075E020981FF00C
:1063D0004DF8F8B9FFE720981EF050FE48B1FFE7EE
:1063E0002098006846F27051C0F60401884211D02E
:1063F000FFE7002088B9FFE720981EF03FFE60B15C
:10640000FFE72098006846F22C41C0F6040188425C
:1064100003D1FFE7002024F0E1FE0E2023904BE0A3
:1064200021980DA90122039200F084F9039A209883
:106430000AA917F04FFF18B9FFE70E2023903BE0A1
:1064400000208DF827000F980DF12701029135F0FB
:10645000E5F9029908900C9835F0E0F90790089852
:106460000799884222D1FFE7089866281ED0FFE7E7
:10647000089864281AD0FFE79DF88B00022805D001
:10648000FFE79DF82700C00780B1FFE79DF88B006C
:106490000D990E9A0A9BDDF82CC0EE46CEF800C08E
:1064A00025F05EFE1FF080FB239005E0002024F025
:1064B00095FE00202390FFE7239824B080BD0000C4
:1064C00080B58CB08DF82B0009919DF82B00012828
:1064D00022D0FFE7002070B9FFE709981EF0CEFD3B
:1064E00048B1FFE70998006846F27021C0F6040140
:1064F000884211D0FFE7002090BBFFE709981EF00B
:10650000BDFD68B3FFE70998006846F23C21C0F67C
:106510000401884224D1FFE7099806A9012217F057
:10652000D9FEE8B1FFE79DF82B104020002211F0C2
:106530005DFA059007980599B0FBF1F004909DF87D
:106540002B00049900F0BEF903900398C0680699E7
:10655000049A059B5A43FAF75FF903980B901DE0E4
:1065600009981FF033F90190019818B9FFE700204E
:10657000029003E0019840100290FFE79DF82B0085
:10658000029900F09FF90090009809999DF82B203E
:10659000029B00F0A1F800980B90FFE70B980CB05D
:1065A00080BD000080B58AB008900791002070B9C6
:1065B000FFE708981EF062FD48B1FFE70898006801
:1065C00046F23C21C0F60401884211D0FFE70020CA
:1065D00078B9FFE708981EF051FD50B1FFE7089821
:1065E000006846F27C11C0F60401884201D1FFE741
:1065F0000BE049F64300C0F6040049F6EA01C0F694
:10660000040140F29D12FDF7FDFC089806900798E2
:1066100003A9012217F05EFE48B9FFE70698079923
:1066200000231A4600F058F80620099050E006981A
:1066300001794020002211F0D9F9029004980299C2
:10664000B0FBF1F001900698C179B0F8050040EA7E
:106650000140019988421CD2FFE706988168C06812
:10666000019A1144029A51430EF064FF0699C860E2
:1066700006990020C871A1F805000898079988427A
:1066800006D1FFE7079803A9012217F0D3FEFFE721
:106690000BE0019A069931F8050F8B7840EA034028
:1066A000801A0880000C8870FFE706998868C9681E
:1066B000029B00FB03100399019A5A43FAF7ACF8C6
:1066C000019A069988681044886006200990FFE7BF
:1066D00009980AB080BD000080B588B00790069187
:1066E0008DF81720049306980021009117F09EFF63
:1066F0000146009803910190FFE7039818F0BAFE55
:106700000290A0B1FFE7049828B9FFE70798029923
:10671000FFF71AFD0AE09DF817000799C968019A6A
:10672000531C0193029B11F0EDFFFFE7E5E708B072
:1067300080BD000080B586B0049003910292049859
:1067400001900198007900F07F014020002211F0B3
:106750004DF900900198C06803990860019880681D
:1067600000994843039948600198007900F07F0040
:10677000039988600198006846F21861C0F6040128
:1067800088421CD1FFE7019800790006002809D44F
:10679000FFE79DF808008007002803D5FFE70120E8
:1067A00005900FE003990B680198C279B0F80500D5
:1067B00040EA0240009A00FB02300860FFE7002038
:1067C0000590FFE7059806B080BD000080B584B055
:1067D00002900298019001984168C06889688842D7
:1067E00015D2FFE7DDF804E0DEF80410DEF808203B
:1067F000DEF80C30087900F07F00C96803F1010C65
:10680000CEF80CC01A4411F0AFFA039002E0002059
:106810000390FFE7039804B080BD000084B00390AC
:1068200002910398019002980090009946F2B010EE
:10683000C0F60400086001980099486000990020A3
:1068400088600099C8600198006846F21861C0F637
:106850000401884209D1FFE70198C179B0F8050029
:1068600040EA014000998860FFE7009804B0704753
:1068700080B588B006900591049203930598049919
:106880006B4600221A600122022310F0F7FC0398E5
:10689000006821F061FD02900598012807D1FFE70B
:1068A00002980078002100F00DF8079007E00298A8
:1068B000007803994968FFF703FE0790FFE7079800
:1068C00008B080BD80B586B08DF8170004919DF8A2
:1068D000171040200022019211F088F80390102038
:1068E0000EF0CEFD0146019802919DF8173046F258
:1068F0003C22C0F6040246F27C11C0F60401012BD2
:1069000008BF1146029A11609DF81710029A117182
:106910000299C871A1F8050004980299886003984B
:106920000299896848430EF0ABFD0299C86002984D
:1069300006B080BD80B586B0059004918DF80F201B
:10694000049802900298007901280FD1FFE705987A
:1069500049F6DE01C0F6040124F026FA05980299F2
:106960008A68C968012326F0E1FB42E00598029994
:106970000A7949F63801C0F6040124F047FB029871
:106980008068A8B3FFE7059849F6DA01C0F604016C
:1069900024F00AFA00200190FFE701980299896823
:1069A00088421DD2FFE7019840B1FFE7059847F202
:1069B000B471C0F6040124F0F7F9FFE705980090E0
:1069C00002990879C968019A11F0CEF90146009838
:1069D000012220F08FFBFFE7019801300190DCE7F6
:1069E000059848F6E431C0F6040124F0DDF9FFE72C
:1069F000FFE7059849F6F711C0F6040124F0D4F931
:106A000006B080BD80B598B0169015911492149878
:106A100018B9FFE70020179020E216981390002085
:106A2000002840F0D981FFE715981EF027FB0028C9
:106A300000F0D281FFE71598006846F2C871C0F6F1
:106A40000401884240F0C881FFE7139880681599D7
:106A500010AA25F0FFFC30B9FFE749F61310C0F685
:106A6000040024F0BBFB1498042800F04181FFE7E8
:106A700000220D921398007900F07F01402010F061
:106A8000B5FF0C9014981EF0F9FA002852D0FFE7D9
:106A900014980068807B40B1FFE714980068817B00
:106AA00000EB81000069029002E000200290FFE705
:106AB000029846F60521C0F6000188423AD1FFE768
:106AC00014980B900C9801900B98007900F07F01BE
:106AD0004020002210F08AFF01460198884207D02A
:106AE000FFE7FFE749F68310C0F6040024F0BAFB85
:106AF0000B9880680F900B98C0680E900020C0B96A
:106B0000FFE714981EF0BAFA98B1FFE714980068EE
:106B100046F21861C0F6040188420AD1FFE70B98DB
:106B2000C179B0F8050040EA01400C9948430D9046
:106B3000FFE726E00020E8B9FFE714981EF09EFA70
:106B4000C0B1FFE71498006846F27021C0F6040156
:106B500088420FD1FFE70C98012801D0FFE7C1E779
:106B6000149808A9012217F065FC09980F9008985D
:106B70000E9005E049F64410C0F6040024F02EFB08
:106B8000FFE70F981099119A891A084407901398F3
:106B9000C06806901398006846F21861C0F60401B8
:106BA000884219D1FFE7139800790006002803D422
:106BB000FFE70020179051E1079808B1FFE791E740
:106BC0001398C179B0F8050040EA01400C99069A83
:106BD00000FB01200690FFE7079801284ADBFFE74A
:106BE00007981399CA79B1F8051041EA0241884221
:106BF0001ED9FFE713988168C068079A11440C9A60
:106C000051430EF097FC1399C86007981399A1F8A7
:106C10000500000CC8710E980699884204D1FFE760
:106C20001398C0680E90FFE71398C0680690FFE7BE
:106C3000069A0F9B1098119900EB030C0C9B0CFB10
:106C4000032001FB0321139A9268DDF81CE07244D3
:106C5000A2EB0C025A43F9F724FE069910980C9BFC
:106C600000FB03100E990D9A11440F9A5A43F9F73D
:106C700018FE2AE0069910980C9B00FB03100E9951
:106C80000D9A11440F9A5A43F9F70BFE06990F9A81
:106C90001098DDF844C010440C9B00FB03100CFB63
:106CA0000311139A9268A2EB0C025A43F9F7F9FD0B
:106CB000069813998968079A8B180C9A03FB0200AF
:106CC000C91A5143F9F7A6FEFFE7079A139931F85D
:106CD000050F8B7840EA0340801A0880000C88700A
:106CE000079A139988681044886006201790B5E0C9
:106CF0001398007900F07F014020002210F076FE0A
:106D00000490049808B1FFE70BE049F6D300C0F601
:106D1000040049F6EA01C0F6040140F22322FDF71F
:106D200071F91398006846F21861C0F604018842B0
:106D300037D1FFE71099C817B1F1807170F10000E9
:106D40000ADBFFE746F21400C0F6040049F66711BB
:106D5000C0F6040124F090FA10200EF091FB05908B
:106D60000599DDF84CC0DCF80000DCF80420DCF804
:106D70000830DCF80CC0C1F80CC08B604A600860B9
:106D8000109A059931F8050F8B7840EA03401044BA
:106D90000880000C887010991198401A0599886035
:106DA00017E013980079109A1199891AFFF78AFD54
:106DB00005900598C0681399C968049BDDF840C028
:106DC000119A0CFB0311A2EB0C025A43F9F724FDB4
:106DD000FFE70598179041E0139908688968159AAC
:106DE000002317F06DFB03901398006846F21861BA
:106DF000C0F60401884217D1FFE71398C179B0F8B3
:106E0000050040EA014103980844039014980428BF
:106E100009D0FFE7139800790006002803D4FFE7A4
:106E2000002017901AE0FFE7149804280AD1FFE722
:106E30001399087900F07F00C968039A10F094FF55
:106E400017900BE01399087900F07F00C968039A46
:106E5000149B11F057FC06201790FFE7179818B005
:106E600080BD000080B586B08DF8130003910398B3
:106E700002909DF8130001460191042804D0FFE719
:106E80000198052809D00EE002988068002818BFF4
:106E900001201EF089FE059008E0029880684000FD
:106EA0000130059002E000200590FFE7059806B04C
:106EB00080BD000082B0019001981CF0DFFCC0880A
:106EC0000090009A9723972A08BF422346F2EC00CD
:106ED000C0F604004AF28551C0F6040124F0DEF940
:106EE00080B598B08DF85E0016911592149302A8A3
:106EF00029F050FE28BBFFE79DF85E001699159A11
:106F000011F02CF8019029F01BFE002090B9FFE74A
:106F100001981EF097F968B1FFE70198006846F202
:106F20003831C0F60401884204D1FFE700208DF813
:106F30005F000AE001981499086001208DF85F0055
:106F400003E000208DF85F00FFE79DF85F0018B0B8
:106F500080BD000080B582B00190019880680EF07D
:106F600087FA02B080BD000080B582B0019001991F
:106F70000020086001990120486001984068800065
:106F80000EF07EFA0199886002B080BD84B0039053
:106F9000029120200190029A039841680020B1EBF1
:106FA000521F00900DD9FFE70398806802994A09A3
:106FB00050F8220001F01F01C84000F001000090CD
:106FC000FFE7009800F0010004B0704780B586B07C
:106FD0000590049120200390059800680499884248
:106FE00004D9FFE705980068019002E00498019039
:106FF000FFE7019805990860049905984068B0EB8F
:10700000511F10D8FFE7059840684000029005988E
:107010008068029989000EF08DFA059988600298BF
:1070200005994860FFE7049800F01F02012101FA6A
:1070300002F305998968420951F82200184341F882
:10704000220006B080BD000080B584B08DF80F002E
:107050000291019202980E3818BF01208DF80300AA
:107060009DF80F009DF8031001F001014900013166
:10707000019A10F073FF04B080BD000080B586B0A7
:107080000490039102920193039802996B460022A7
:107090001A60012310F00CF9039818B9FFE70E20CD
:1070A000059007E0019800681EF014FB1EF086FDB5
:1070B0000590FFE7059806B080BD000080B584B05C
:1070C000039002918DF8072002980E3818BF012016
:1070D0008DF806009DF80700032816D1FFE79DF8FC
:1070E0000600C00740B1FFE7039849F29851C0F687
:1070F000040123F059FE07E0039849F29251C0F6CB
:10710000040123F051FEFFE715E09DF80600C007DB
:1071100040B1FFE7039849F2A121C0F6040123F032
:1071200043FE07E0039849F28D21C0F6040123F0E5
:107130003BFEFFE7FFE704B080BD000080B584B0F0
:107140008DF80B0001919DF80B00052803D1FFE796
:107150000020039011E001980E3818BF01208DF82F
:1071600003009DF80B009DF8031001F00101490098
:10717000013126F0F9F90390FFE7039804B080BDD0
:1071800080B584B00390029101920198006808B123
:10719000FFE708E003980090009840680299019A80
:1071A00018F0FAFEFFE704B080BD000080B588B09B
:1071B0008DF81B00059104929DF81B00022803D056
:1071C000FFE7002007901DE00598039004980290C7
:1071D00003988168029882680020914201900AD148
:1071E000FFE70398406802994968401AB0FA80F0B6
:1071F00040090190FFE7019800F001001EF0E8FC53
:107200000790FFE7079808B080BD000080B586B002
:1072100005900491039202930598019001994868A2
:107220008968049A039BDDF808C0EE46CEF800C0DA
:1072300012F030FB06B080BD84B08DF80B000191D8
:10724000019800909DF80B00062808D1FFE70098F0
:1072500041688068484040000130039002E000200F
:107260000390FFE7039804B07047000080B58AB030
:107270008DF8270008910792089880680690089872
:107280004068059046F2C870C0F604000190059869
:10729000029006980390079804909DF827005528BF
:1072A00009D1FFE70898006801A9042221F070FACB
:1072B000089908600AE00899086851F8042C01A9A7
:1072C00021F066FA089808380890FFE708980AB095
:1072D00080BD000080B586B0049003918DF80B202E
:1072E00001939DF80B00922810D1FFE7049800212C
:1072F0002AF002FA2D2808D1FFE704980399019A91
:1073000000F068F88DF8170060E0FFE79DF80B00CB
:10731000962840D1FFE7049800212AF0EDF995283E
:1073200001D1FFE70BE04AF66950C0F604004AF6C7
:107330009751C0F6040140F2AE32FCF763FE0498A8
:1073400001212AF0D9F9922801D1FFE70BE04AF692
:107350002060C0F604004AF69751C0F6040140F2DE
:10736000AF32FCF74FFE049802212AF0C5F92D2810
:1073700010D1FFE704980399019A00F02BF840B16F
:10738000FFE7049948680238486001208DF817002B
:107390001CE0FFE7FFE79DF80B0006280AD0FFE797
:1073A0009DF80B00362805D0FFE79DF80B00332829
:1073B00008D1FFE704980399019A00F00BF88DF8C3
:1073C000170003E000208DF81700FFE79DF8170075
:1073D00006B080BD80B58AB00890079106920698E5
:1073E0000590FFE7059888B1FFE7089805990139EE
:1073F00005912AF061F90490049822F029FD20B942
:10740000FFE700208DF8270035E0EBE70698002124
:107410001FF00EFC039006980290FFE70298E0B17F
:10742000FFE708982AF06CFC0190019822F088FB95
:107430000399029A013A01EB820102928860019855
:1074400050B1FFE79DF80400800728B9FFE70898CE
:1074500001992AF00DF9FFE7E0E7089800900799F5
:10746000039A0EF09FF8014600982AF07BFE012057
:107470008DF82700FFE79DF827000AB080BD0000C7
:1074800080B588B0069005910492039305980499FD
:107490006B4600221A6003230FF0F0FE059830B906
:1074A000FFE701200021FFF70DFA07904EE0039857
:1074B00000681DF0DBFF80B9FFE7039800681DF04E
:1074C000DDFDE0B1FFE703980068006846F2705107
:1074D000C0F60401884212D1FFE7039800681CF04F
:1074E00049F9029002990120FFF7ECF90190019807
:1074F000C0680299F9F78EFA0198079026E0039880
:1075000000681DF0F3FE80B9FFE7039800681DF0E6
:10751000B5FDA0B1FFE703980068006846F60001DA
:10752000C0F6040188420AD1FFE70598012806D178
:10753000FFE749F6A410C0F6040023F079FE039893
:1075400001680120FEF7BCFF0790FFE7079808B02D
:1075500080BD000080B584B003900291039801289B
:107560000CD1FFE702980068009040F20A500190A9
:1075700068460290039801300390FFE70399029B4D
:1075800046F60000C0F60400002220F031FF04B0EF
:1075900080BD000080B582B00190019946F2702054
:1075A000C0F604001AF06AFA02B080BD80B582B05D
:1075B000019000910198009946F27022C0F60402F1
:1075C0001AF0B4FA02B080BD80B582B0019000918B
:1075D0000198009946F60002C0F604021AF0A6FAD5
:1075E00002B080BD80B586B00490049803900398E3
:1075F00080681DF0C3FE40B1FFE703988068C008B3
:1076000001A92BF09DF9029008E00398806880683A
:10761000019003988068C0680290FFE70398C068F3
:10762000019988420ED2FFE702980399C968405C2D
:107630004000013000900399C8680130C86000988C
:10764000059002E000200590FFE7059806B080BD98
:1076500080B5A0B01E901D911C921B931C9810B178
:10766000FFE710F08BF81D9830B9FFE743F60810DC
:10767000C0F604001F90F8E00020A0B9FFE71B98B7
:1076800000681DF0A3FD70B1FFE71B98006800685B
:1076900046F27021C0F60401884204D1FFE71B982E
:1076A00000681F90E1E01B9800681DF067FE88B934
:1076B000FFE71B9800681DF089FD00285CD0FFE7FC
:1076C0001B980068006846F60001C0F60401884275
:1076D00052D1FFE71D98022804D3FFE71D98042824
:1076E00006D3FFE749F6A410C0F6040023F0A0FD7E
:1076F0001B9800681DF042FE40B1FFE71B98006830
:10770000C00819A92BF01CF91A9008E01B98006812
:10771000806819901B980068C0681A90FFE71B9852
:1077200000681DF02BFE38B1FFE71B980068C00809
:107730002BF0E2FA189004E01B980068406818905B
:10774000FFE7189830B9FFE71A9819992BF0CEF88F
:107750001890FFE7199A46F27020C0F60400002145
:107760001FF050F917901A981799C8601898179930
:10777000486017981F9078E01D98022801D3FFE712
:107780006DE01B9800681DF091FED0B1FFE71B98DB
:107790000068401016901698B0F1FF3F03DCFFE739
:1077A000002023F05FFD169912A8019035F030FEFD
:1077B00014981699F9F72EF901981EF0E9FA1F901E
:1077C00053E01B9800680FA9012216F083FD30B129
:1077D000FFE70F9810991EF0CDFA1F9045E01B9817
:1077E00000681DF0F3FF0A900A9828B9FFE70BA87C
:1077F000102135F0DDFD07E00A9840100990099945
:107800000BA835F0D5FDFFE71B98006805A916F019
:107810000DFF0490FFE7049817F02CFE0390C8B109
:10782000FFE703981BF0A6FF02900298002805D4FA
:10783000FFE70298B0F5807F06DBFFE74AF26B2096
:10784000C0F6040023F00EFD9DF808100BA835F0DB
:1078500021FCE0E70BA81EF09BFA1F9005E04AF21E
:107860008840C0F6040023F0E3FC1F9820B080BDE0
:1078700080B58CB00A90099108920A981BF0FEFF1F
:1078800007900A981DF07AFD38B1FFE70A98C00802
:1078900005A92BF055F8069006E00A988068059037
:1078A0000A98C0680690FFE70898042836D1FFE7D9
:1078B000002028BBFFE709981DF088FC00B3FFE714
:1078C0000998006846F2C871C0F60401884217D1D1
:1078D000FFE70598099902AA24F0BCFD30B9FFE73B
:1078E00049F61310C0F6040023F078FC07980699B7
:1078F000029B039A1944D21A1FF0FEF80B9010E075
:1079000007980599099A002316F0DAFD0190069868
:107910000199405C400001300B9002E000200B9088
:10792000FFE70B980CB080BD80B588B0079006913A
:107930008DF81720069808B1FFE70BE048F2702099
:10794000C0F6040048F29151C0F6040140F20F2243
:10795000FCF758FB9DF81800800728B3FFE706984E
:1079600000F00F0002281DD1FFE7069800090490DF
:107970009DF817000146029140B1FFE702980128E7
:1079800009D0FFE70298022806D1FFE7079804997B
:1079900004F0E2F905E0FFE70798049903F0DCFA48
:1079A000FFE700E0BCE0BAE0069803900398007996
:1079B00001460191062817D0FFE701982C280CD02A
:1079C000FFE701982D281CD0FFE701982E2859D0F9
:1079D000FFE701989D2807D080E0079803999DF85C
:1079E000172000F0A9F87AE09DF8170008B1FFE72A
:1079F00096E00798039A5168090A083200F098F94E
:107A00006DE00398806808B9FFE789E00398806813
:107A100060B1FFE70398007A800738B9FFE7039861
:107A200080680079922801D1FFE70BE048F2EE2050
:107A3000C0F6040048F29151C0F604014FF40E72F2
:107A4000FCF7E0FA039881680020009081B1FFE71D
:107A500003990020097A8907009049B9FFE7039844
:107A6000806800799238B0FA80F040090090FFE712
:107A700000989DF8170008B1FFE751E0039880686F
:107A800003902DE09DF8170008B1FFE748E0039848
:107A9000806830B9FFE707980022114600F048F9E6
:107AA0001BE00398806878B1FFE70398007A8007AD
:107AB00050B9FFE7039880680079922804D1FFE766
:107AC0000398806803900BE00798039901F108027E
:107AD000012100F02DF9FFE7FFE700E020E028E0BA
:107AE000039841680220B0EB112F10D1FFE70398F3
:107AF000C06860B1FFE70398007B800738B9FFE7F3
:107B00000398C0680079AC2801D1FFE708E0079826
:107B1000039A5168090A083200F00AF909E008E0FE
:107B20000798069948F2C972C0F6040204F03CFABC
:107B3000FFE708B080BD000080B588B007900691CF
:107B40008DF817209DF81700022806D0FFE7079848
:107B50000699896803F09AFAFFE70698C06800283A
:107B600000F0DA80FFE70698007B8007002840F0ED
:107B7000D380FFE70698C0680490049800798E28A7
:107B800059D1FFE704984068000A03909DF8170058
:107B9000022817D0FFE700200290FFE70298039920
:107BA000013988420DDAFFE707980499029A01EB40
:107BB0008201896803F06AFAFFE7029801300290B7
:107BC000ECE7FFE70498039900EB8100406848B1B7
:107BD000FFE70498039900EB81000079800708B95A
:107BE000FFE70BE048F26F00C0F6040048F2915145
:107BF000C0F604014FF4E872FCF704FA0498039904
:107C000000EB810041680020019061B1FFE704981A
:107C1000039900EB8100007900F00300B0FA80F0D6
:107C200040090190FFE701980498039900EB810057
:107C300040680490FFE70498007931282BD1FFE7D2
:107C40009DF8170002280AD1FFE70798406A13F051
:107C50003DFA0798406A012113F022FC1AE00798C8
:107C60000499896803F012FA9DF8170001280AD1D7
:107C7000FFE70798406A12F0C7FE0798406A0021A4
:107C800013F00EFC05E00798406A012113F008FC90
:107C9000FFE7FFE749E00498007932283AD1FFE78F
:107CA0000498806800F00F00022801D1FFE70BE084
:107CB00047F6D170C0F6040048F29151C0F60401B5
:107CC0004FF4F172FCF79EF99DF8170001280DD1D1
:107CD000FFE70798406A12F08DFE0798406A049902
:107CE00089680909002212F0BFFD12E09DF8170013
:107CF000022805D1FFE70798406A13F0F1F9FFE782
:107D00000798406A049989680909012212F0ACFDBC
:107D1000FFE70AE0FFE7FFE70798069948F2C97214
:107D2000C0F6040204F040F9FFE708B080BD00008F
:107D300080B586B00590049103924FF0FF30029019
:107D400000200190FFE701980499884236D2FFE7AE
:107D50000398019950F8210058B3FFE7039801995F
:107D600010F82100800720BBFFE70398019950F825
:107D70002100007922281CD1FFE70298013058B970
:107D8000FFE70598406A0199049BCA431A4413F01F
:107D9000B9FB019802900BE005980399019A51F8FC
:107DA000221048F64922C0F6040204F0FDF834E03F
:107DB000FFE7FFE7019801300190C4E70298013026
:107DC00030B9FFE70598406A049913F0ABFBFFE771
:107DD00000200090FFE70098049988421DD2FFE739
:107DE0000098029988420AD1FFE705980399009A02
:107DF00051F8221089680022FFF796FD08E00598E7
:107E00000399009A51F822100022FFF78DFDFFE739
:107E1000FFE7009801300090DDE706B080BD00006C
:107E200080B58AB009900891089800F00F000228E8
:107E300006D1FFE709980899090901F025FF31E10A
:107E40000898002800F0B480FFE79DF82000800724
:107E5000002840F0AD80FFE7089800792C2840F01A
:107E6000A780FFE70898079009980799896803F0A9
:107E70000DF90798C068002800F09880FFE7079880
:107E8000007B8007002840F09180FFE70798C068DA
:107E90000690069800798E2853D1FFE7069840682F
:107EA000000A059000200490FFE704980599013925
:107EB00088420DDAFFE709980699049A01EB8201DE
:107EC000896803F0E3F8FFE7049801300490ECE7D9
:107ED0000698059900EB8100406848B1FFE70698D5
:107EE000059900EB81000079800708B9FFE70BE0F6
:107EF00048F26F00C0F6040048F29151C0F6040148
:107F000040F2D232FCF77EF80698059900EB81002A
:107F100041680020019061B1FFE70698059900EBE8
:107F20008100007900F00300B0FA80F04009019070
:107F3000FFE701980698059900EB810040680690DC
:107F4000FFE70698007931280BD1FFE709980699D9
:107F5000896803F09BF80998406A022113F0A0FA9F
:107F600023E00698007932281DD1FFE70698806843
:107F700000F00F00022801D1FFE70BE047F6D170B7
:107F8000C0F6040048F29151C0F6040140F2D93223
:107F9000FCF738F8069881680998406A09090222B6
:107FA00012F062FC00E07EE0FFE700E07BE078E0BA
:107FB0000898002873D0FFE79DF82000800700286C
:107FC0006DD1FFE7089800792D2868D1FFE7089860
:107FD00080680890089808B9FFE764E0089858B1ED
:107FE000FFE79DF82000800730B9FFE70898007987
:107FF000922801D1FFE70BE048F22C30C0F60400D4
:1080000048F29151C0F6040140F2E732FBF7FAFF63
:1080100008990020009079B1FFE700209DF820101A
:108020008907009041B9FFE7089800799238B0FAC3
:1080300080F040090090FFE70098089803900398AB
:1080400041680220B0EB112F10D1FFE70398C06800
:1080500060B1FFE70398007B800738B9FFE703981A
:10806000C0680079AC2801D1FFE71CE00020029035
:10807000FFE7029803994968B0EB112F0DD2FFE793
:1080800009980399029A01EB82018968FFF7C8FEFB
:10809000FFE7029801300290EBE7FFE700E002E023
:1080A000FFE7FFE708E00998089948F2B172C0F6C7
:1080B000040203F079FFFFE70AB080BD80B58AB003
:1080C000099008918DF81F200693089821F038FF39
:1080D00060B1FFE79DF81F00C00730B9FFE70998BE
:1080E000406A069912F0D4FDFFE7ADE0089821F050
:1080F00031FF60B1FFE79DF81F00C00730B1FFE717
:108100000998406A069912F0C3FDFFE79CE00898C1
:10811000002800F08980FFE79DF8200080070028F4
:1081200040F08280FFE70898059005984068000AB3
:108130000490059800791E2856D1FFE79DF81F008E
:10814000C007A0BBFFE7FFE7099800F0BBFA039068
:1081500000200290FFE7029804990139884213DA5F
:10816000FFE709980599029A01EB820189689DF859
:108170001FC0039B012222EA0C02FFF79FFFFFE7CB
:10818000029801300290E6E709980599049A01EBFC
:1081900082014968069B9DF81F2002F00102FFF74B
:1081A0008DFF0998406A039912F0A0FD1BE0FFE7DC
:1081B00000200190FFE701980499884212DAFFE756
:1081C00009980599019A01EB82018968069B9DF83F
:1081D0001F2002F00102FFF771FFFFE70198013055
:1081E0000190E8E7FFE72FE0059800791F2807D105
:1081F000FFE79DF81F00C00708B9FFE7D8E7A3E72E
:108200000598007920280CD1FFE70998059989681D
:108210009DF81FC0069B012222EA0C02FFF74EFFC9
:1082200012E0FFE7FFE7FFE7FFE7FFE7099808999C
:1082300002F02CFF0998406A069A9DF81F1001F081
:10824000010112F0E9FEFFE70AB080BD80B588B0F9
:108250000790069107A80AF0A7FE8DF817000020E6
:1082600004900390FFE707980078002849D0FFE7C3
:10827000012002900798007834F00AFA28B1FFE74D
:1082800007A80AF06DFE0290FFE7079800787828AB
:1082900005D1FFE702990398084403902CE0079862
:1082A0000078732808D1FFE7049801300490029900
:1082B0000398084403901EE002990498084404902F
:1082C0009DF817000799097801AA0FF08FFB00901D
:1082D000FFE70298411E029160B1FFE70398019900
:1082E0000844013849420840039000990398084423
:1082F0000390EEE7FFE7FFE7FFE7079801300790FD
:10830000B1E7039806990860049808B080BD0000A2
:1083100082B00190009102B07047000080B586B035
:1083200004900391049840F6A221884206D0FFE70A
:10833000049840F65A21884204D1FFE701208DF8C5
:10834000170036E0002090B9FFE703981CF06EFF9D
:1083500068B1FFE70398006846F2E861C0F60401DF
:10836000884204D1FFE701208DF8170021E00020AA
:108370000290FFE70298022817D8FFE70398029AB5
:1083800042F2EC21C0F60401895C6A46012317F031
:108390007FFE009820B1FFE701208DF8170008E06C
:1083A000FFE7029801300290E4E700208DF8170003
:1083B000FFE79DF8170006B080BD000081B0009077
:1083C00001B0704780B582B001900198406830B923
:1083D000FFE74AF2D550C0F6040022F043FF02B096
:1083E00080BD000080B586B0059004910392029391
:1083F00005980190049890B1FFE7029800681BF07F
:108400003DFA0090009801994968884206D0FFE73C
:108410004CF20330C0F6040022F00AFFFFE7019897
:1084200080680499039A029B11F0D2F906B080BDCE
:1084300080B58AB0099008910792069307980028A2
:1084400001D4FFE70BE048F25040C0F6040048F2C8
:108450009151C0F6040140F26A22FBF7D3FD069861
:10846000002801D4FFE70BE048F26440C0F60400A6
:1084700048F29151C0F6040140F26B22FBF7C2FDB5
:108480000698012806DBFFE70899C88A40F0080033
:10849000C882FFE707980899C883002005900998CB
:1084A000006A007800284ED0FFE700200490FFE724
:1084B00004980999096A098D884243DAFFE7099807
:1084C000006AC06A049900EBC10003900398007829
:1084D000052805D0FFE70398007806282DD1FFE78F
:1084E00000200290FFE702980899098D884223DA5C
:1084F000FFE70898C06A029900EBC100019001985B
:108500000078062813D1FFE703984068019949686D
:1085100088420CD1FFE70998406A039A5168528853
:10852000002312F0BFFC059801300590FFE7FFE73C
:10853000029801300290D6E7FFE7FFE70498013088
:108540000490B5E7FFE7059840B9FFE70998406A4E
:108550000899079A069B12F02DFD0CE00998406AD5
:108560000899059A079BDDF818C0EE46CEF800C0C2
:1085700012F0DEFCFFE70AB080BD000080B590B0CD
:108580000E900D910C920B930E980A900A988068A9
:108590000D9908440C9900EB4100099009980528B1
:1085A00021D8FFE70A9800F10C018068820004A836
:1085B0000190F8F7B8F901980A99896800EB8100F1
:1085C0000B990D9A0C9B02EB43029200F8F7ABF962
:1085D000019B0A99486889680D9A11440C9A11F018
:1085E000F7F80F9029E0099880000CF049FF0390FC
:1085F00003980A9A02F10C0192689200F8F793F935
:1086000003980A99896800EB81000B990D9A0C9BDD
:1086100002EB43029200F8F786F90A9948688968E4
:108620000D9A11440C9A039B11F0D2F80290039812
:108630000CF01EFF02980F90FFE70F9810B080BD5E
:1086400080B58CB00B900A91099216F085F80790CE
:1086500017F096FD08900A9816F0B8F8099817F0E8
:10866000A7FD4EF2AD71C0F6010105A828F0AAFAE7
:1086700010200CF005FF0490049946F24860C0F603
:10868000040008600A9804994860049801900B98C7
:1086900011F0F4FD0199024610685268CA608860C2
:1086A0000B9811F0F7FD0499002217F0D1FD03900B
:1086B000039811F049F80290012028F04FFA02982F
:1086C0000CB080BD81B00090009AD068411CD16090
:1086D00001B0704780B584B00390029140F6084025
:1086E000C2F20100D0F8E40008B1FFE72DE00398E2
:1086F000FFF7E8FF0190039802998968019B012226
:108700000092FFF7DBFC009A0398406A1F2112F0E9
:10871000B9FB0298C06868B1FFE703980299C9687D
:1087200002F0B4FC0398406A012100231A4612F0BB
:1087300015F9FFE70398406A012112F097FC0398AE
:10874000406A019912F0D2FAFFE704B080BD000040
:1087500080B58CB00B900A910B98FFF7B3FF09908E
:108760000B98FFF7AFFF08900B98FFF7ABFF079050
:108770000B98FFF7A7FF06900B980A99C96802F0BB
:1087800085FC0B98406A40F245110022009212F0DD
:10879000A9FB009B0B98406A19461A4612F0F4F8A0
:1087A0000B98808AADF816000B98C08AADF81400BB
:1087B0000B98408BADF812000B98FFF783FF0390E6
:1087C0000B98FFF77FFF029003980B99888202981D
:1087D0000B99C8820B99088B48830B98406A0299C1
:1087E00012F084FA0B9808990122019202F074FBAE
:1087F0000B98406A12F0FEF80B9840F2471100F017
:10880000A5FD009A0B980A998968FFF78DF8009AE0
:108810000B98406A079912F0EDFB0B98406A089993
:1088200012F064FA0B98406A12F0A6FC0B98406AAA
:1088300012F0E0F8019A0B98406A40F2331112F0FE
:1088400021FB0B98406A082112F032F800990B982E
:10885000406A069A12F0E0FB0B98406A12F0FAFBAD
:10886000019A0B98406A099912F0C4FB0B98406A70
:10887000069912F03BFA01990B98406A11F09CFF9F
:108880000B9801F0D1F90B98406A12F0C7F80B98D9
:10889000406A079912F02AFA0B980A99096902F0BE
:1088A000F5FB0B98406A029912F0F2F9BDF8160038
:1088B0000B998882BDF814000B99C882BDF812008C
:1088C0000B9948830B98406A099912F00FFA0B989C
:1088D0000A99496902F0DAFB0B98406A039912F091
:1088E00005FA0B98406A12F0B5FB0CB080BD000091
:1088F00080B586B0059004910498806830B1FFE798
:108900000498007A800708B9FFE70BE048F21C00E2
:10891000C0F6040048F29151C0F6040140F2BA7268
:10892000FBF770FB049881680020009049B1FFE7D5
:108930000498007A00F00300B0FA80F0400900903B
:10894000FFE7009804988068039003980079032853
:108950000DD1FFE70598039901F05CFE039880694B
:1089600002900299C88A40F00100C88233E005985D
:10897000006AC08A01909DF80400C00748B9FFE76B
:108980000598039948F2E472C0F6040203F00CFB68
:1089900021E003980079162805D1FFE7059803998F
:1089A000FFF7D6FE16E003980079182801D1FFE7FB
:1089B0000BE048F61920C0F6040048F29151C0F6C9
:1089C000040140F2CF72FBF71DFB0399059800F0FC
:1089D00005F8FFE7FFE706B080BD000080B584B072
:1089E00003900291029808307A2101AA21F08AF9B5
:1089F0000090009808B1FFE70BE048F29240C0F603
:108A0000040048F29151C0F6040140F2B372FBF742
:108A1000F9FA00990398019A029BDB6800F002F8CA
:108A200004B080BD80B58EB00D900C910B920A936E
:108A30000C9828B9FFE70D980A9902F027FB00E18E
:108A40000D98FFF73FFE09900D98FFF73BFE089049
:108A50000D98FFF737FE07900D98FFF733FE06904D
:108A60000B98006818B3FFE70B9800788007F0B9FF
:108A7000FFE70B98006800797B2818D1FFE70B9877
:108A8000006805900D980599896802F0FFFA0D9825
:108A9000406A11F0AFFF0D9840F2431100F056FC10
:108AA0000D980599C9680022FEF73EFF12E00D9867
:108AB0000B99096802F0EAFA0D98406A11F09AFFE2
:108AC0000D9840F2431100F041FC0D98406A12F0FD
:108AD000C1FAFFE70D9809990222009202F0FCF911
:108AE0000D98406A0321039111F066FE0D980C99D0
:108AF00001390B9A04320A9BFFF794FF0D98406AE4
:108B00006FF0020111F058FE0D98406A0899099A19
:108B1000079B11F081FE0D98406A11F06BFF0D98D4
:108B2000406A12F0D3FA0D98406A12F0D9FA0D9803
:108B3000406A4FF4A27101910022049212F0D2F91E
:108B40000D98406A12F0C2FA0D98406A12F0BEFA0F
:108B50000D98406A11F04EFF049A0D98406A0A2160
:108B600011F082FE0D98406A12F0BAFA0D98406A30
:108B70000F21029112F066F90399049B0D98406A47
:108B80001A4611F001FF0D9803F086FF04990D9825
:108B9000406A069A12F040FA0D98406A12F05AFAAA
:108BA00002990D98406A12F04DF90D98406A0699A5
:108BB00012F06EF800990D98406A11F0FDFD0D98C5
:108BC000406A079912F092F80D98406A12F07EFA06
:108BD0000D98406A12F07AFA0D98406A089912F0DE
:108BE00085F80199049A0D98406A12F07BF9029970
:108BF0000D98406A12F026F90D98406A11F0FAFEBD
:108C00000D98406A11F0F6FE0399049B0D98406A96
:108C10001A4611F0B9FE0D9803F03EFF0D98406A18
:108C200012F018FA0D98406A4FF0FF3111F0C4FDB0
:108C30000D98406A069912F059F80D9800F0F4FF6B
:108C4000FFE70EB080BD000080B582B001900091BA
:108C500001980099012200F003F802B080BD0000E5
:108C600080B58EB00D900C918DF82F200C988068F7
:108C70000A900A9868B9FFE79DF82F00C00738B13D
:108C8000FFE70D98406A0021022211F049FEFFE73C
:108C900038E10A98002800F02881FFE79DF82800B5
:108CA0008007002840F02181FFE70A980C900C987B
:108CB0000079372815D1FFE79DF82F00C00738B19C
:108CC000FFE70D98406A0121022211F029FEFFE71B
:108CD0000D980A9902F0DAF90D98406A12F0D4FB67
:108CE00002E10C9800799F2840F0FC80FFE70C9887
:108CF000C06830B1FFE70C98007B800708B9FFE738
:108D00000BE048F29B00C0F6040048F29151C0F617
:108D100004014FF42162FBF775F90C98C16800203B
:108D2000029049B1FFE70C98007B00F00300B0FA15
:108D300080F040090290FFE702980C98C068099003
:108D400009980079A12840F09E80FFE70998083033
:108D5000A22108AA20F0D6FF07900C98806828B3BB
:108D6000FFE70C98007A800700BBFFE70C9880684B
:108D7000007937281AD1FFE79DF82F00C00740B1CE
:108D8000FFE70D98406A07990131022211F0C8FDF2
:108D9000FFE70D980C99896802F078F90D98406A00
:108DA00012F072FB01208DF81B0008E00D980C9961
:108DB000896802F06BF900208DF81B00FFE70020A6
:108DC0000590FFE70598079988424ED2FFE708987B
:108DD000059950F82100049004990020019079B180
:108DE000FFE700209DF810108907019041B9FFE7C7
:108DF000049800793738B0FA80F040090190FFE715
:108E0000019800F001008DF80F000D98049902F010
:108E10003DF99DF81B00C00798B1FFE79DF80F00D2
:108E2000C00748B9FFE70D980C9948F6C012C0F684
:108E3000040203F0B9F865E00D98406A12F024FBD3
:108E40000EE09DF80F00C00748B1FFE70D980C99A0
:108E500048F6FA12C0F6040203F0A6F852E0FFE763
:108E6000FFE7059801300590ACE79DF81B00C007AF
:108E700040B9FFE70D98406A07990131032211F0CC
:108E80004FFDFFE72DE009980079AC2801D1FFE7FD
:108E90000BE048F6D100C0F6040048F29151C0F64C
:108EA000040140F64B22FBF7ADF80C98806888B1BE
:108EB000FFE70C98007A800760B9FFE70C9880689C
:108EC0000079372806D1FFE70D980C99042200F0AD
:108ED0006BFC05E00D980C99052200F065FCFFE79E
:108EE000FFE700E002E0FFE70BE0FFE70D980A99DB
:108EF00002F0CCF80D98406A0121032211F010FD18
:108F0000FFE7FFE70EB080BD80B584B0039002910B
:108F10000298806838B9FFE70398406A002101226F
:108F200011F0FEFC48E002988068C0B3FFE70298A9
:108F3000007A800798BBFFE7029880680079922842
:108F40002DD1FFE7029880680190019841680220C6
:108F5000B0EB112F15D1FFE70198C06888B1FFE78A
:108F60000198007B800760B9FFE70198C06800792D
:108F7000AC2806D1FFE703980199032200F014FC06
:108F80000CE00398019901F0A7FC0398406A01994D
:108F90004968090A012211F0C3FCFFE70BE00398BE
:108FA0000299896802F072F80398406A012211461A
:108FB00011F0B6FCFFE7FFE704B080BD80B582B0DA
:108FC000019000910198006A007807280FD0FFE710
:108FD0000198006A0078022809D0FFE701980099FB
:108FE00048F63D02C0F6040202F0DEFF07E00198F9
:108FF000009900F007F8019803F04EFDFFE702B07A
:1090000080BD000080B590B00F900E910F980E9922
:10901000896802F03BF80E98C06808B9FFE729E1BB
:1090200001200D900E980C300C900C98006800797F
:109030008E280AD1FFE70C9800684068000A0D905E
:109040000C98006808300C90FFE700200B900F98F8
:10905000006A0078072840F08880FFE70E98806853
:1090600000F00F00022840F08080FFE70E98816832
:109070009A20B0EB111F78D1FFE70C9800680079B7
:10908000302872D1FFE70C980068806800286CD106
:10909000FFE70F980A2101F05FFF00208DF82B00F9
:1090A0000F98006AC06A09900F98006A008D0890B6
:1090B000FFE70898B0B1FFE709984078C00748B1CA
:1090C000FFE70F980999496801F046FF01208DF8E4
:1090D0002B0007E0FFE7089801380890099808304E
:1090E0000990E6E79DF82B00C00750B9FFE70F98FD
:1090F0000C99096848F2DF62C0F6040202F054FFDE
:10910000B8E00D98032825D3FFE70C984068007954
:1091100032281FD1FFE70C9880680079302819D1D8
:10912000FFE70C98406807900C98806806900F98AD
:10913000406A0799896809090122029211F0D2FE5A
:10914000029A0F9806998968002303F007F8032014
:109150000B9009E00F98406A022100231A4611F093
:10916000FDFB01200B90FFE73BE00E98806800F0CC
:109170000F00022834D1FFE70E98816840F21F10DB
:10918000B0EB111F2CD1FFE70C9800680079302854
:1091900026D1FFE70C980068806808B3FFE70C98B9
:1091A0000068007A8007D8B9FFE70C9800688068EB
:1091B00000792F2814D1FFE70F98406A002301930C
:1091C00019461A4611F0CAFB019A0C98006880688B
:1091D00005900F980599FFF743FD01200B90FFE7DD
:1091E000FFE7FFE70B980D99884243D2FFE70B9802
:1091F00001300D99884230D2FFE70C980B9950F856
:1092000021000079322828D1FFE70C980B9900EB58
:1092100081004068007930281FD1FFE70C980B9936
:1092200050F8210004900C980B9900EB81004068E5
:1092300003900F98406A04998968090900220092F6
:1092400011F050FE009B0F9803998968012202F0EB
:1092500085FF0B9801300B9007E00F980C990B9A43
:1092600051F8221001F012FFFFE7FFE70B980130E1
:109270000B90B7E710B080BD80B584B00390029129
:109280000298806838B9FFE70398406A00221146C7
:1092900011F046FB57E00298806860B1FFE7029842
:1092A000007A800738B9FFE7029880680079922831
:1092B00001D1FFE70BE048F2EE20C0F6040048F2CF
:1092C0009151C0F6040140F6DE12FAF79BFE0298B7
:1092D00081680020019081B1FFE702990020097A9E
:1092E0008907019049B9FFE70298806800799238B0
:1092F000B0FA80F040090190FFE701980298806879
:109300000290029841680220B0EB112F15D1FFE7BF
:109310000298C06888B1FFE70298007B800760B9B7
:10932000FFE70298C0680079AC2806D1FFE70398F0
:109330000299062200F038FA04E00398029901F03D
:10934000F7FAFFE7FFE704B080BD000080B584B006
:10935000039002910398406A02990022019211F051
:10936000C1FD019B0398406A19461A4611F00CFB97
:10937000039803F091FB04B080BD000080B586B077
:1093800005900491049840680D388DF80F000498FA
:109390004068000A029005980499896801F076FEF9
:1093A00001200190FFE701980299884213DAFFE754
:1093B00005980499019A01EB8201896801F066FE23
:1093C0000598406A9DF80F1011F072FAFFE70198B6
:1093D00001300190E7E706B080BD000080B584B0A1
:1093E0000390029102980079092805D1FFE70398BC
:1093F000808AADF8060004E00398C08AADF8060044
:10940000FFE7BDF806004FF6FF71884209D1FFE77C
:109410000398029948F68302C0F6040202F0C4FDE4
:10942000FFE70399088B498B884201DBFFE70BE0DC
:1094300048F27570C0F6040048F29151C0F604017C
:1094400040F20942FAF7DEFD0398028B438B406A33
:10945000BDF80610D21A12F071F804B080BD0000F9
:1094600080B586B00490039102920193029801683E
:109470007320B0EB111F04D0FFE700208DF8170018
:109480002AE0039802280DD0FFE7049802990968A2
:1094900048F64C12C0F6040202F086FD01208DF859
:1094A000170019E0029840680009009000984128D0
:1094B00004D1FFE701990120086009E004980299AE
:1094C000496848F64C12C0F6040202F06DFDFFE751
:1094D00001208DF81700FFE79DF8170006B080BD4A
:1094E00080B584B00390029103980299026A128BAE
:1094F00000F008F801900398019902F02DFC04B0E7
:1095000080BD000080B586B0059004910392059857
:10951000407801280BD1FFE70598049A039B0121AD
:109520002BF04AFE0290029804994861FFE70598E3
:10953000406A11F033FC0498406901900598019944
:1095400000231A46FEF774FF0598406A0199898A3C
:1095500011F06CFC0498C0680090009868B1FFE7B7
:109560009DF80000800740B9FFE700980079A32824
:1095700003D1FFE700200090FFE705980099002243
:10958000022302F0EBFD0198808A06B080BD000046
:1095900080B58CB00B900A910A984068000A099037
:1095A0000B980A99896801F071FD09990020032937
:1095B0000146C8BF01218DF8231007909DF82300B4
:1095C000C00728B1FFE70B98FFF77CF80790FFE78B
:1095D00001200690FFE7069801300999884280F241
:1095E000BA80FFE70B980A99069A01EB8201C968D5
:1095F00001F04CFD069802300999884209DAFFE72C
:109600000B98406A11F0F6F90B98406A11F05EFD74
:10961000FFE70A98069900EB8100806800F00F00D0
:109620000A281ED1FFE70A98069900EB810080689E
:1096300000098DF817009DF81700252804D1FFE7D1
:1096400006208DF8160005E09DF8170034388DF8D7
:109650001600FFE70B98406A9DF8161011F028F9E4
:1096600067E00A98069900EB8100806848B1FFE73F
:109670000A98069900EB8100007A800708B9FFE795
:109680000BE048F2C200C0F6040048F29151C0F667
:10969000040140F6B702FAF7B5FC0A98069900EB08
:1096A000810081680020019061B1FFE70A98069966
:1096B00000EB8100007A00F00300B0FA80F040096E
:1096C0000190FFE701980A98069900EB81008068F5
:1096D00004900498007903900398852806D1FFE749
:1096E0000B98406A322111F0E3F821E003988628B4
:1096F00001D1FFE70BE048F67810C0F6040048F20D
:109700009151C0F6040140F6BD02FAF77BFC0498C3
:10971000806830B9FFE70B98406A072111F0C8F85C
:1097200005E00B98406A332111F0C2F8FFE7FFE72C
:10973000FFE7069802300999884207DAFFE70B989D
:10974000406A079A002111F0B3FAFFE7FFE7069895
:10975000023006903FE79DF82300C00708B3FFE7FB
:109760000B98FEF7AFFF02900B98406A029911F038
:109770008FFA0B98406A079911F0B8FA0B98406A73
:10978000012111F019F80B98406A11F0A9FC0B980F
:10979000406A11F05FFC0B98406A029911F0A6FA3A
:1097A000FFE70CB080BD000080B588B0079006913F
:1097B0008DF81720069841680220B0EB112F01D1D7
:1097C000FFE70BE048F29840C0F6040048F29151E0
:1097D000C0F6040140F6C112FAF714FC0698C068FE
:1097E00060B1FFE70698007B800738B9FFE706986D
:1097F000C0680079AC2801D1FFE70BE048F25F3088
:10980000C0F6040048F29151C0F6040140F6C212BD
:10981000FAF7F8FB0698C1680020019081B1FFE7D4
:1098200006990020097B8907019049B9FFE706984E
:10983000C0680079AC38B0FA80F040090190FFE7C9
:1098400001980698C06804900798407801280DD1C7
:10985000FFE707989DF81710069A036A1B8B2BF0F9
:10986000ABFC0390039804994861FFE704984069B2
:1098700002900798029900231A46FEF7D9FD07982F
:109880000499C96801F002FC9DF81700062806D16A
:10989000FFE70798406A002111F0C0F9FFE7079839
:1098A000406A012100231A4611F058F808B080BD23
:1098B00080B584B0039002910398406A01900298A9
:1098C00009F046FB0146019811F072FA04B080BD20
:1098D00080B584B00390029101920198007870B134
:1098E000FFE701980078032809D0FFE70398029961
:1098F00048F21872C0F6040202F056FB10E001991B
:10990000032008700398006A019949682BF092FBC4
:109910000190019820B1FFE7019903200870FFE74B
:1099200004B080BD80B584B00390029101928DF89F
:1099300003309DF80300C00730B1FFE70398029998
:10994000019AFFF7C5FF05E003980299019A00F01C
:1099500003F8FFE704B080BD80B584B003900291A6
:10996000019201980078B8B9FFE7019901200870C9
:109970000398006A01992BF049F9019800780128B1
:1099800009D1FFE70398029948F2EF52C0F60402AA
:1099900002F00AFBFFE70EE001980078062809D0E4
:1099A000FFE70398029948F23772C0F6040202F00A
:1099B000FBFAFFE7FFE704B080BD000080B592B07E
:1099C000119010911098083042210FAA20F09AF9B6
:1099D0000E901198006A008B0D9000200C900B9057
:1099E000FFE70B980E99884280F09A80FFE70F9866
:1099F0000B9950F8210080B1FFE70F980B9910F8F0
:109A00002100800748B9FFE70F980B9950F8210013
:109A10000079412801D1FFE70BE048F29830C0F609
:109A2000040048F29151C0F604014FF46172FAF754
:109A3000E9FA0F980B9950F8211000200190A1B17C
:109A4000FFE70F990B9A002011F822108907019067
:109A500059B9FFE70F980B9950F821000079413868
:109A6000B0FA80F040090190FFE701980F980B9938
:109A700050F821000A900A9808306C2109AA20F0B9
:109A800041F9089011980899099A0DABFFF7E8FC85
:109A900020B1FFE70C9801300C903CE01198099937
:109AA000096801F0F3FA01200790FFE70798089989
:109AB000884225D2FFE70998079950F8210000F065
:109AC0000F00022801D1FFE70BE048F2E900C0F6E1
:109AD000040048F29151C0F6040140F29632FAF7C0
:109AE00091FA0998079950F821101198406A0909CC
:109AF000002210F0B9FEFFE7079801300790D5E784
:109B00000A98C06830B1FFE711980A99C96801F056
:109B1000BDFAFFE7FFE7FFE70B9801300B9060E726
:109B20001098C068069000200590069800790328D8
:109B300007D1FFE7119806990D9A00F07DFD059079
:109B400056E006980079442838D1FFE706988068E7
:109B500030B1FFE70698007A800708B9FFE70BE00D
:109B600048F24300C0F6040048F29151C0F60401E7
:109B700040F2A932FAF746FA069881680020009070
:109B800049B1FFE70698007A00F00300B0FA80F0D0
:109B900040090090FFE700980698806804901198AB
:109BA00004990D9A00F048FD05900498806903908F
:109BB0000399C88A40F00100C88218E0069800792D
:109BC000382801D1FFE70BE048F2AC60C0F6040092
:109BD00048F29151C0F604014FF46C72FAF712FA90
:109BE000069911980D9AFFF78DFC0590FFE7FFE7A6
:109BF00000200290FFE702980E990C9A891A884279
:109C00000CD2FFE71198406A012100231A4610F098
:109C1000A5FEFFE7029801300290ECE71198059944
:109C200002F09AF812B080BD80B582B00190019820
:109C3000008B012801DBFFE70BE048F27740C0F61C
:109C4000040048F29151C0F6040140F23312FAF7D1
:109C5000D9F90199088B013808830198406A10F0FE
:109C6000E7FE02B080BD000080B582B00190009197
:109C700001980099896847F62163C0F600039D2288
:109C8000FCF79CF902B080BD80B582B001900091D4
:109C900001984078012806D1FFE70198006A0099F1
:109CA00011F0E0FC0AE00198026A406A009B43F66A
:109CB0009011C0F6040111F0F5FCFFE702B080BD81
:109CC00080B582B00190009101980099C96801F0B7
:109CD000DDF901980099896801F0D8F902B080BDDA
:109CE00080B584B0039002910398406A002111F07E
:109CF0006BF80398406A0F2111F0A4F803980299B9
:109D000001AA04F001FA0398019902F025F804B0C1
:109D100080BD000082B0019000910198806868B910
:109D2000FFE7009850B1FFE79DF80000800728B9D1
:109D3000FFE70098006801998860FFE702B070476C
:109D400080B58EB00D900C910C98C0680B900B985C
:109D5000002847D1FFE70D980078D8B1FFE70D98AC
:109D6000006A0078B0B9FFE70D9840F2511101F098
:109D7000F3F80D980C99896801F088F90D98406AFC
:109D8000012100231A4610F0E9FD0D98406A11F0F8
:109D900061F926E00C98007A800738B1FFE70C984B
:109DA000806800F00F0002280FD1FFE70C98806850
:109DB00060B1FFE70C98007A800738B9FFE70C988C
:109DC000806800793A2801D1FFE709E00D980C99E5
:109DD000896801F05BF90D98406A11F03BF9FFE7E3
:109DE000FFE76CE10B98002800F06781FFE79DF822
:109DF0002C008007002840F06081FFE70B980A9054
:109E00000A980079099009985B2823D1FFE70A98FE
:109E1000C068D0B9FFE70D98006A0078072813D111
:109E2000FFE70C98806800F00F0002280BD1FFE7D5
:109E30000C988068000908900D98006A089904221F
:109E40002BF00CF9FFE7FFE703E00A98C0680B90DE
:109E500080E031E10998562836D1FFE70D980C993A
:109E600089680122FDF760FD0D980A99C96801F023
:109E70000DF90A98806800F00F000A2801D1FFE769
:109E80000BE047F6F570C0F6040048F29151C0F6B9
:109E900004014FF40062FAF7B5F80A9880680009E7
:109EA0008DF81F009DF81F003E388DF81E000D989C
:109EB000406A9DF81E1010F0FBFC0D980C99896803
:109EC0000222FDF731FDF6E00998572841D1FFE75E
:109ED0000A9841684FF0FF3000EB112006900D9872
:109EE0000A99069A01EB8201896801F0CFF8069879
:109EF000012805DBFFE70D98406A10F07BFDFFE7C6
:109F00000D980C99896800220292FDF70DFD0298C8
:109F10000590FFE705980699884219DAFFE705984A
:109F200001300699884205DAFFE70D98406A10F083
:109F300061FDFFE70D980A99059A01EB8201896896
:109F40000022FDF7F1FCFFE7059801300590E1E7FD
:109F5000B0E0FFE70B98002800F0A180FFE79DF834
:109F60002C008007002840F09A80FFE70B980079CA
:109F7000062840F09480FFE70C988068002800F0E5
:109F80008E80FFE70C98007A8007002840F08780D9
:109F9000FFE70C9880680079062840F08080FFE792
:109FA0000C98806804900B980A9004984068000A06
:109FB000039003980A994968B0EB112F6ED1FFE71F
:109FC0000398022804D0FFE70398032866D1FFE72F
:109FD0000498806858B1FFE70498007A800730B988
:109FE000FFE7049880680079222857D0FFE704989B
:109FF000C06858B1FFE70498007B800730B9FFE7DD
:10A000000498C0680079222848D0FFE70398022806
:10A010000FD0FFE70498006958B1FFE70498007C6F
:10A02000800730B9FFE7049800690079222835D00D
:10A03000FFE70D980A99896801F028F80D980A99A8
:10A04000C96801F023F8039803280AD1FFE70D98A7
:10A050000A99096901F01AF80D98406A11F036F86A
:10A06000FFE70D98406A11F03BF80D980499896854
:10A0700000220192FDF758FC019A0D980499C968D5
:10A08000FDF752FC0398032807D1FFE70D980499C8
:10A0900009690022FDF748FCFFE710E0FFE70D9893
:10A0A0000B9900F0F3FF0D980C9989680022FDF7D9
:10A0B0003BFCFFE7FFE7FFE700E04BE7FFE70EB001
:10A0C00080BD000080B584B003900291039802998E
:10A0D000C96800F0DBFF0298806800098DF807006E
:10A0E0009DF80700332804D1FFE702208DF8060011
:10A0F0002CE09DF807003F2805D0FFE79DF80700FA
:10A10000402801D1FFE70BE048F25D50C0F60400A3
:10A1100048F29151C0F6040140F6F602F9F772FFD9
:10A120009DF8071001203F29009008D0FFE79DF817
:10A1300007004038B0FA80F040090090FFE700982F
:10A140009DF807003F388DF80600FFE70398406A46
:10A150009DF8061011F0C6F904B080BDB0B594B0FA
:10A16000139012911298806800F00F00022840F0BE
:10A17000E380FFE71298C068002800F0DD80FFE769
:10A180001298007B8007002840F0D680FFE71298E5
:10A19000C06800792C2840F0CF80FFE71298C06893
:10A1A00011901198806800F00F00022840F0C380E1
:10A1B000FFE7119881687C20B0EB111F40F0BB8055
:10A1C000FFE71198C0680079302840F0B480FFE7BD
:10A1D0001198C0688068109010A8A4210FAA1FF0E1
:10A1E00091FD0E9000208DF82B000E98002800F0B5
:10A1F0008580FFE70E98032800F28080FFE70120AA
:10A200008DF82B000E9801280CD1FFE700201FF0DD
:10A21000B5FE0D900F9800680C9001201FF0AEFE67
:10A220000B9028E00E9802280BD1FFE70F980068EA
:10A230000D900F9840680C9001201FF09FFE0B902E
:10A2400018E00F9800680D900F9840680C900F98D8
:10A2500080680B909DF82C00C00730B1FFE70B9988
:10A260000020B0EB610F04D1FFE700208DF82B0038
:10A27000FFE7FFE7FFE79DF82B00C007E0B1FFE72E
:10A280000D98C8B1FFE79DF834008007A0B9FFE73B
:10A290000D98007909900998A62808D0FFE7099839
:10A2A000A72804D0FFE70998A82804D1FFE70020D9
:10A2B0008DF82B00FFE7FFE79DF82B00C007E0B10A
:10A2C000FFE70C98C8B1FFE79DF830008007A0B900
:10A2D000FFE70C98007908900898A62808D0FFE7B7
:10A2E0000898A72804D0FFE70898A82804D1FFE71A
:10A2F00000208DF82B00FFE7FFE7FFE79DF82B001C
:10A30000C007B8B1FFE71398DDF848E00D9A0C9B41
:10A31000DDF82CC0DEF80810DEF81040DEF814502E
:10A32000EE46CEF80850CEF80440CEF800C000F05B
:10A330006FF86BE0FFE7FFE71398808AADF81E0027
:10A340001398C08AADF81C001398408BADF81A0022
:10A350001398FEF7B7F905901398FEF7B3F9049038
:10A3600005981399888204981399C8821399088BC9
:10A3700048831399888A40F4004088821398FEF736
:10A38000A1F9039013981299C96800F07FFE139801
:10A39000406A012110F042FC1398406A049910F0C1
:10A3A000A5FC1398406A039910F022FC13981299A7
:10A3B00089680022FDF7B8FA13981299096900F02C
:10A3C00065FE1398406A049910F062FC1398406A85
:10A3D000039910F08BFC1398406A10F015FCBDF83F
:10A3E0001E0013998882BDF81C001399C882BDF81D
:10A3F0001A001399488313981299496900F046FE90
:10A400001398406A059910F071FCFFE714B0B0BDD5
:10A4100080B58CB0DDF840C0DDF83CC0DDF838C058
:10A420000B900A91099208930B98808AADF81E0050
:10A430000B98C08AADF81C000B98408BADF81A0041
:10A440000B98FEF73FF905900B98FEF73BF9049047
:10A4500005980B99888204980B99C8820B99088BF0
:10A4600048830B98FEF72EF903900B98FEF72AF914
:10A4700002900899012088438DF807009DF8070095
:10A48000C00728B1FFE70B98089900F0FFFDFFE730
:10A490000B98099900F0FAFD0B98406A029910F0A8
:10A4A000F7FB0B98406A039910F020FC0B98406A68
:10A4B00010F0A0FA0B980A990022FDF735FA0B98D4
:10A4C0000F9900F0E3FD0B98406A049910F00EFC20
:10A4D0000B980E9900F0DAFD0B98406A0E2110F0EF
:10A4E000E7F90B98406A029910F000FC9DF807000C
:10A4F000C00748B1FFE70B98406A10F085FA0B9847
:10A50000406A10F0EDFD08E00B98406A10F072FA16
:10A510000B98089900F0BAFDFFE79DF83800C007D6
:10A5200008B1FFE70BE048F2CA20C0F6040048F289
:10A530009151C0F6040140F2BF52F9F763FD0E9845
:10A540004010002806D4FFE70B98406A002110F065
:10A55000AFF905E00B98406A012110F0A9F9FFE777
:10A560000B98406A039A012110F056FDBDF81E00B9
:10A570000B998882BDF81C000B99C882BDF81A009F
:10A580000B99488300200090109828B3FFE70B98A0
:10A59000406A10F05FFD9DF80700C00728B1FFE793
:10A5A0000B98406A10F056FDFFE70B98109900F0E9
:10A5B0006DFD0B98FEF786F800900B98406A0099A5
:10A5C00010F066FB0B98406A9DF8071001F001013E
:10A5D000013110F0F1F8FFE70B98406A059910F08F
:10A5E00085FB0B98406A10F035FD9DF80700C00709
:10A5F00028B1FFE70B98406A10F02CFDFFE7109898
:10A6000030B1FFE70B98406A009910F06FFBFFE74D
:10A610000CB080BD80B584B003900291039802997C
:10A62000026A128B00F008F801900398019901F07A
:10A6300093FB04B080BD000080B586B00590049106
:10A6400003920598407801280BD1FFE70598049AFA
:10A65000039B07212AF0B0FD0290029804998861BB
:10A66000FFE704988069019005980199049AD268DF
:10A67000462300F005F80198808A06B080BD0000EE
:10A6800080B586B00590049103928DF80B30059843
:10A690008078002818BF01208DF80A000598008AEC
:10A6A000ADF808000598408AADF80600059900202D
:10A6B00088700599088205994882059803999DF844
:10A6C0000B204AF23173C0F60003FBF777FC0598C4
:10A6D000406808B1FFE728E00598408A01280FDBB1
:10A6E000FFE70598008A58B9FFE70599486A498A43
:10A6F000002210F015F90598406A10F00FFCFFE7F2
:10A7000005980499428A038AFDF792FE9DF80A0093
:10A7100000F0010005998870BDF8080005990882CD
:10A72000BDF8060005994882FFE706B080BD00002D
:10A7300080B588B007900691069800F00F000228B7
:10A7400004D1FFE74FF0FF30059027E0069830B1C5
:10A75000FFE79DF81800800708B9FFE70BE048F213
:10A760008B20C0F6040048F29151C0F6040140F27B
:10A770009922F9F747FC06990020009049B1FFE7BC
:10A780009DF8180000F00300B0FA80F04009009036
:10A79000FFE70098069800790590FFE7059849289B
:10A7A00004D0FFE705984F2804D1FFE7079901205F
:10A7B00088708EE005984A2804D0FFE70598502855
:10A7C00001D1FFE784E00598013028B9FFE706983A
:10A7D00004900020039027E00598482809D1FFE75E
:10A7E000069802900298806804900298006903908D
:10A7F00019E005984E2801D1FFE70BE048F23260DE
:10A80000C0F6040048F29151C0F6040140F2BE22A5
:10A81000F9F7F8FB06980190019880680490019878
:10A82000C0680390FFE7FFE7039890B9FFE7079838
:10A83000807868B9FFE70798408A48B1FFE7079832
:10A84000069948F66322C0F6040201F0ADFB40E031
:10A850003DE00798807880B3FFE70799088A0130C8
:10A8600008820798008A012818D1FFE70798408AD4
:10A87000012807DBFFE70799486A498A002210F0A0
:10A880004FF804E00798406A10F048FBFFE707988C
:10A89000406A0021022210F043F8FFE7079803996D
:10A8A00000F0F4FB0798406A0499090910F0BEFA19
:10A8B0000798406A10F0E8FD08E00799488A0130DF
:10A8C00048820798039900F0E1FBFFE7FFE7FFE705
:10A8D000FFE708B080BD000080B584B0039002910E
:10A8E00002984068000A019000200090FFE700985D
:10A8F000019988421ADAFFE703980299009A01EB5E
:10A900008201896800F0C2FB0398406848B1FFE704
:10A9100003980299009A01EB82018968FFF7FAF91E
:10A9200004E0FFE7009801300090E0E704B080BD4C
:10A9300080B584B00390029102984068000A0190AB
:10A9400000200090FFE70098019988420DD2FFE7B0
:10A9500003980299009A01EB8201896800F096FB46
:10A96000FFE7009801300090EDE70398406A0199F5
:10A9700000220FF0D5FF04B080BD000080B588B084
:10A980000790069107984078012846D1FFE706987E
:10A9900000791038B0FA80F040098DF817009DF862
:10A9A0001700C00770B9FFE70798006A007848B938
:10A9B000FFE70798069948F20D62C0F6040201F01D
:10A9C000F3FA2AE0069808306D2104AA1FF09AF9DC
:10A9D000039000200290FFE70298039988421BD25F
:10A9E000FFE70498029950F82100000901900798A8
:10A9F000006A019900222AF031FB0090079806991D
:10AA0000009A9DF8173003F00103FEF78BFFFFE774
:10AA1000029801300290DFE7FFE708B080BD000038
:10AA200080B58AB0099008910998FDF74BFE079010
:10AA3000089880681FF084FA58BBFFE70998FDF773
:10AA400041FE0690099808998968069B0022FDF747
:10AA500035FB09980899C96800F018FB08988068C8
:10AA60001FF078FA08B1FFE799E00898006920B96B
:10AA7000FFE70898406930B1FFE70998406A0799F5
:10AA800010F006F9FFE70998406A069910F02EF9D0
:10AA9000FFE708981030712105AA1FF033F90490E0
:10AAA00000200390FFE703980499884271D2FFE7E2
:10AAB0000598039950F8210080B1FFE705980399A4
:10AAC00010F82100800748B9FFE70598039950F86E
:10AAD00021000079722801D1FFE70BE048F236200F
:10AAE000C0F6040048F29151C0F6040140F246520B
:10AAF000F9F788FA0598039950F821100020009082
:10AB0000A1B1FFE70599039A002011F822108907E7
:10AB1000009059B9FFE70598039950F82100007992
:10AB20007238B0FA80F040090090FFE7009805986D
:10AB3000039950F821000290029880681FF000FAF3
:10AB400010BBFFE70998FDF7BDFD01900998029938
:10AB50008968019B0022FDF7B1FA09980299C9683A
:10AB600000F094FA029880681FF0F4F908B1FFE74A
:10AB700015E00998406A079910F08AF80998406A28
:10AB8000019910F0B3F8FFE7FFE703980130039055
:10AB900089E709980899496900F078FAFFE7099868
:10ABA000406A079910F0A2F80AB080BD80B598B04D
:10ABB0001790169116988068159000201490FFE762
:10ABC000159800F00F000A280DD0FFE7159878B10E
:10ABD000FFE79DF85400800750B9FFE7159800790A
:10ABE000652805D1FFE7159813900020159027E000
:10ABF000159818B3FFE79DF854008007F0B9FFE7F8
:10AC000015980079622819D1FFE7159812901298CB
:10AC1000806813901298C0681590159808B1FFE7E6
:10AC20000BE048F20C10C0F6040048F29151C0F657
:10AC3000040140F29B42F9F7E5F900E025E0FFE767
:10AC400013A8652111AA1FF05DF8109000200F9045
:10AC5000FFE70F981099884216D2FFE711980F99D5
:10AC600050F8210040F2CA51884204D1FFE71498FD
:10AC70000130149003E0149803301490FFE7FFE7CD
:10AC80000F9801300F90E4E7FFE71698C06840F294
:10AC90001A4188422BD1FFE71798006A007848B123
:10ACA000FFE71798169948F25872C0F6040201F0AF
:10ACB0007BF9FEE01798406A149910F085F8179810
:10ACC000406A052110F0B2F81798406A012100226D
:10ACD00004920FF025FE179815990EAA03F014FAA6
:10ACE00004991798406A02220FF0B2FFE1E017982A
:10ACF000406A149910F068F816980C306A210DAA71
:10AD00001FF000F80C9000200B90FFE70B980C99B7
:10AD1000884252D2FFE70D980B9950F8210080B17C
:10AD2000FFE70D980B9910F82100800748B9FFE75D
:10AD30000D980B9950F821000079672801D1FFE7A1
:10AD40000BE048F26610C0F6040048F29151C0F6DC
:10AD5000040140F2CA42F9F755F90D980B9950F8E1
:10AD6000211000200390A1B1FFE70D990B9A00205C
:10AD700011F822108907039059B9FFE70D980B9934
:10AD800050F8210000796738B0FA80F0400903904C
:10AD9000FFE703980D980B9950F821000A900A9844
:10ADA0008068000909901798406A099910F03EF8E8
:10ADB000FFE70B9801300B90A8E71798406A0C99B1
:10ADC000002202920FF0ACFD1798159908AA03F023
:10ADD0009BF902980790FFE707980C99884263D285
:10ADE000FFE70D98079950F8210080B1FFE70D9813
:10ADF000079910F82100800748B9FFE70D980799D7
:10AE000050F821000079672801D1FFE70BE048F2F4
:10AE10006610C0F6040048F29151C0F6040140F2F9
:10AE2000D542F9F7EFF80D98079950F82110002056
:10AE30000190A1B1FFE70D99079A002011F82210A7
:10AE40008907019059B9FFE70D98079950F821003B
:10AE500000796738B0FA80F040090190FFE7019867
:10AE60000D98079950F8210006900698806800090F
:10AE700005901798406A059901220FF0E9FE06989F
:10AE8000C06828B9FFE71798059900F065FF06E04C
:10AE900017980699C968090900F05EFFFFE7FFE708
:10AEA00007980130079097E71798406A10F0D2F89A
:10AEB000FFE718B080BD000080B582B0019000911E
:10AEC00001980099896849F6E143C0F600036B22B6
:10AED000FBF774F802B080BD80B584B00390029196
:10AEE00001920398406A0299019A10F02FF9039990
:10AEF000088B013008830399088B096A898C884282
:10AF000005DDFFE70399088B096A8884FFE704B031
:10AF100080BD000080B584B0039002910398407812
:10AF200001280CD1FFE70398029A016A0B8B0221DA
:10AF30002AF042F90190019802990861FFE702980E
:10AF40000069009003980099029A92684C23FFF7D9
:10AF500097FB04B080BD000080B582B001900091E5
:10AF600001984078012806D1FFE70198006A00990E
:10AF700010F06CFB0AE00198026A406A009B43F6FD
:10AF80009811C0F6040110F08DFBFFE702B080BD00
:10AF900080B582B0019000910198009A9168D268C2
:10AFA00000F002F802B080BD80B588B0079006912D
:10AFB0000592069800F00F00022809D0FFE70798D5
:10AFC000069948F2C972C0F6040200F0EDFFFFE7EF
:10AFD0000798059900F05AF80798406A0FF00AFDA3
:10AFE00006980009049007984078012848D1FFE7A7
:10AFF0000798006A0078032842DBFFE70798006A99
:10B00000007806283CDCFFE70798006A406804994E
:10B0100010F028FB039003980078032807D1FFE77E
:10B020000798006A049903222AF018F827E0079885
:10B03000006A049900222AF011F802900798006A29
:10B0400040684068B0FA80F040098DF807009DF82C
:10B050000700C00748B9FFE702980078012804D12B
:10B06000FFE7029900200870FFE707980699029A07
:10B070009DF8073003F00103FEF754FCFFE7FFE7FC
:10B080000798049900F068FE08B080BD80B588B0CC
:10B0900007900691069808B9FFE769E09DF8180047
:10B0A000C00748B1FFE70698401005900798406A2E
:10B0B00005990FF089FE5AE09DF81800800768B3E3
:10B0C000FFE7069800090490069800F00F0001467B
:10B0D0000191022808D0FFE70198062809D0FFE770
:10B0E00001980A280BD00BE007980499FFF734FF6A
:10B0F00013E00798406A04990FF098FE0DE0FFE70F
:10B100000498052801D1FFE706E00798406A9DF8FA
:10B1100010100FF097FEFFE7FFE727E00698039077
:10B120000798406A039909680FF0E4FF03980079D3
:10B130003A2801D8FFE70BE048F68E10C0F604006D
:10B1400048F29151C0F6040140F61232F8F75AFF66
:10B150000398017942F25830C0F6040050F82100FB
:10B160000290029A079803999047FFE7FFE7FFE7ED
:10B1700008B080BD80B582B001900091019800991F
:10B180008968FFF783FF0198406A032110F0AAF94C
:10B1900002B080BD80B586B0059004910498007916
:10B1A0001E38B0FA80F040098DF80F000598FDF7C1
:10B1B00089FA029004984068000A019000200090EB
:10B1C000FFE70098019988421DDAFFE70598049986
:10B1D000009A01EB82018968FFF758FF009801305F
:10B1E000019988420ADAFFE70598406A029A9DF8B9
:10B1F0000F1001F001010FF05BFDFFE7FFE7009882
:10B2000001300090DDE70598406A02990FF06EFD6D
:10B2100006B080BD80B582B0019000910198009980
:10B22000FFF75AFB0198406A22210FF041FB02B060
:10B2300080BD000080B582B00190009100988068C8
:10B2400030B9FFE70198406A00210FF00FFF2DE0B1
:10B2500000988068F0B1FFE70098007A8007C8B9CD
:10B26000FFE70098806800795E2813D1FFE7009817
:10B2700080680090019800998968FFF707FF01989E
:10B280000099C968FFF702FF0198406A02210FF098
:10B29000EDFE0AE0019800998968FFF7F7FE019832
:10B2A000406A01210FF0E2FEFFE7FFE702B080BD38
:10B2B00080B586B0059004910598006A007807284B
:10B2C00009D0FFE70598049948F62302C0F6040266
:10B2D00000F06AFE49E00498806830B9FFE70598FD
:10B2E000406A0F210FF0AEFD3AE00498806880B309
:10B2F000FFE70498007A800758BBFFE7049880684E
:10B3000000791B2825D1FFE70498806803900398F3
:10B31000C06802900598FDF7D5F90190059802994B
:10B320008968019B0022FCF7C9FE0598039989688A
:10B33000FFF7ACFE0598406A0FF0BAFE0598406A28
:10B3400001990FF0D3FC05980299C968FFF79EFE9A
:10B3500005E0059804998968FFF798FEFFE7FFE785
:10B360000598406A0FF0A4FEFFE706B080BD00001C
:10B3700080B592B0119010918DF83F209DF83F005C
:10B380001199487010981199086211990020C860AD
:10B39000119828309DF83F1010F070FA1198406A0B
:10B3A0009DF83F10109A0FF0F1FE11984078012897
:10B3B00006D1FFE710990020488410998884FFE7A0
:10B3C0001098C06848B3FFE71098007B800720BB47
:10B3D000FFE71098C06800793F281ED1FFE710985A
:10B3E000007808B9FFE70BE048F21B50C0F60400F4
:10B3F00048F29151C0F6040140F6EF32F8F702FE30
:10B400001098C0680E9011980E998968FFF73EFE5B
:10B410001198406A0FF04CFE8CE210980078C8B981
:10B42000FFE71198007830B9FFE711981099C968C3
:10B43000FCF76EFFFFE711981099C968FFF726FE29
:10B440001198406A0F210FF0FDFC1198406A0FF02F
:10B450002FFE6EE21098007807285DD1FFE7109864
:10B46000C06830B1FFE71098007B800708B9FFE79C
:10B470000BE048F2A720C0F6040048F29151C0F654
:10B48000040140F6FB32F8F7BDFD1098C1680020BA
:10B49000059049B1FFE71098007B00F00300B0FA77
:10B4A00080F040090590FFE705981098C0680D905E
:10B4B0000D980079032801D1FFE70BE048F25160B5
:10B4C000C0F6040048F29151C0F6040140F6FD3286
:10B4D000F8F798FD1198407801280ED1FFE71199EF
:10B4E0000020887011980D99C9684BF6FD43C0F68D
:10B4F00000034622FAF762FDFFE711980D994969AA
:10B50000FFF7C4FD1198406A0F210FF09BFC1198C2
:10B51000406A0FF0CDFD0BE21098007802286FD141
:10B52000FFE71098C06830B1FFE71098007B8007F4
:10B5300008B9FFE70BE048F2A720C0F6040048F284
:10B540009151C0F6040140F61142F8F75BFD1098E6
:10B55000C1680020049049B1FFE71098007B00F01B
:10B560000300B0FA80F040090490FFE704981098B7
:10B57000C0680C900C9841680320B0EB112F01D1EA
:10B58000FFE70BE048F2C140C0F6040048F29151D9
:10B59000C0F6040140F61342F8F734FD0C991198F7
:10B5A000406A09680FF0A6FD1198407801280ED175
:10B5B000FFE711990020887011980C9989684BF663
:10B5C0001D53C0F600034C22FAF7F8FCFFE7119870
:10B5D0000C99C968FFF75AFD1098C08AC00750B18E
:10B5E000FFE71198406A0FF035FD1198406A0F216E
:10B5F0000FF028FCFFE71198406A0FF059FD96E123
:10B60000109800780328C0F2EE80FFE710980078C9
:10B61000062800F3E880FFE71098C06830B1FFE724
:10B620001098007B800708B9FFE70BE048F2A720DD
:10B63000C0F6040048F29151C0F6040140F62A42D7
:10B64000F8F7E0FC1098C1680020039049B1FFE7CB
:10B650001098007B00F00300B0FA80F040090390DE
:10B66000FFE703981098C0680B900B984168022080
:10B67000B0EB112F01D1FFE70BE048F29840C0F684
:10B68000040048F29151C0F6040140F62C42F8F74C
:10B69000B9FC0B98C06860B1FFE70B98007B80078E
:10B6A00038B9FFE70B98C0680079AC2801D1FFE7F3
:10B6B0000BE048F25F30C0F6040048F29151C0F64A
:10B6C000040140F62D42F8F79DFC0B98C16800205C
:10B6D000029081B1FFE70B990020097B8907029056
:10B6E00049B9FFE70B98C0680079AC38B0FA80F030
:10B6F00040090290FFE702980B98C0680A90012069
:10B7000009901198407801280AD1FFE71198006A42
:10B710000999042229F0A2FC109901204883FFE72F
:10B720001198406A0B9909680FF0E4FC10980078B2
:10B73000032807D1FFE71198406A002101220FF08A
:10B74000EFF819E010980078042807D1FFE7119866
:10B75000406A002102220FF0E3F80CE01098007814
:10B76000052807D1FFE71198406A002103220FF056
:10B77000D7F8FFE7FFE7FFE710980078062811D118
:10B78000FFE71198406A0FF0C9FB11980999FFF77C
:10B79000E3FB1198406A0FF0C1FB1198406A0FF06B
:10B7A000BDFB09E011980999FFF7D6FB1198406A93
:10B7B00001210FF033FAFFE711980A990B9A92686A
:10B7C000002300F0D5F810980078062806D1FFE78E
:10B7D0001198406A0F210FF035FBFFE71198406A7E
:10B7E0000FF066FCA2E010980078012801D1FFE775
:10B7F0000BE048F24250C0F6040048F29151C0F606
:10B80000040140F65B42F8F7FDFB1098C06830B1C8
:10B81000FFE71098007B800708B9FFE70BE048F2CC
:10B82000A720C0F6040048F29151C0F6040140F68A
:10B830005C42F8F7E7FB1098C1680020019049B11D
:10B84000FFE71098007B00F00300B0FA80F0400999
:10B850000190FFE701981098C06808900898007957
:10B86000382801D1FFE70BE048F27E60C0F6040003
:10B8700048F29151C0F6040140F65E42F8F7C2FB6F
:10B8800011984078012806D1FFE710980A21042278
:10B8900029F0E4FBFFE711981721FFF75DFB1198F2
:10B8A000162100F059FA1198406A08998968090927
:10B8B0000FF0BCFA11981A2100F04EFA119808996D
:10B8C0000969FCF725FD119808990969FFF7DEFB66
:10B8D00010980A2129F086FB0790079808B1FFE726
:10B8E0000BE048F23750C0F6040048F29151C0F620
:10B8F00004014FF44762F8F785FB079800780428A5
:10B9000006D1FFE71198406A0F210FF09BFA08E07B
:10B910001198406A07994A880A2100230FF0C2FA59
:10B92000FFE71198406A0FF0C3FBFFE7FFE7FFE76F
:10B93000FFE7FFE71198406A0FF086F88DF81B00CB
:10B940001198008B08B9FFE70BE048F23440C0F6CD
:10B95000040048F29151C0F6040140F67C42F8F729
:10B9600051FB9DF81B0000F0010012B080BD0000EB
:10B9700080B58AB009900891079206930998FCF760
:10B98000A1FE05900998FCF79DFE04900998406A75
:10B9900005990FF0ABF90998406A04990FF028F95E
:10B9A0000998089989680022FBF7BEFF089800698A
:10B9B0000390FFE7039800BBFFE709980799FFF79B
:10B9C00065FB0998006A007806280AD1FFE7099804
:10B9D000406A00210FF010FE0998406A0FF03AFB10
:10B9E0000AE00998016A406A0978069B052202EB81
:10B9F00083020FF0EBFCFFE738E003980079AD28F5
:10BA00000DD1FFE703980290099802998968059B78
:10BA10000022FCF753FB0298C0680390CAE7039822
:10BA20000079AC2801D1FFE70BE048F60010C0F622
:10BA3000040048F29151C0F6040140F6A432F8F730
:10BA4000E1FA0398019009980199C968FFF71EFB74
:10BA50000998406A01210FF0E1F809980199079AC5
:10BA6000069B0133FFF784FFFFE7FFE70998406A71
:10BA700005990FF00DF90998406A04990FF036F90D
:10BA80000998406A0FF0C0F80AB080BD80B58AB04E
:10BA900084460C98CDF824C008918DF81F208DF8AD
:10BAA0001E308DF81D000998006AC08A80070028A2
:10BAB00009D5FFE70998089948F6AF22C0F60402B5
:10BAC00000F072FA18E1002006900121059104901F
:10BAD000089800F00F00022814D1FFE70898000929
:10BAE00006900998807830B1FFE70998016A888B41
:10BAF0000130888305E00998016A488B013048834A
:10BB0000FFE7DBE0089830B1FFE79DF820008007F1
:10BB100008B9FFE70BE048F28B20C0F6040048F2BA
:10BB20009151C0F6040140F64132F8F76BFA0899DA
:10BB30000020029049B1FFE79DF8200000F00300CB
:10BB4000B0FA80F040090290FFE70298089804904C
:10BB5000049800799DF81F10884215D1FFE70498DA
:10BB60008068000906900998807830B1FFE709984D
:10BB7000016A888B0130888305E00998016A488B47
:10BB800001304883FFE798E0049800799DF81E1083
:10BB9000884270D1FFE70998807848B1FFE709989B
:10BBA000089948F6AF22C0F6040200F0FDF9A3E0C0
:10BBB000099901208870032005900498806818B9BD
:10BBC000FFE70020049055E00498806800F00F0023
:10BBD00002280DD1FFE70998016AC88A40F00400E5
:10BBE000C88204988068000906900020049040E014
:10BBF0000498806860B1FFE70498007A800738B93C
:10BC0000FFE70498806800794B2801D1FFE70BE03B
:10BC100048F2FF10C0F6040048F29151C0F604014A
:10BC20004FF43662F8F7EEF904988168002001902D
:10BC300081B1FFE704990020097A8907019049B989
:10BC4000FFE70498806800794B38B0FA80F040092B
:10BC50000190FFE701980998016AC88A40F0040042
:10BC6000C88204988068049004988068000906904F
:10BC7000FFE7FFE720E0049800799DF81D10884257
:10BC800001D1FFE70BE048F6A300C0F6040048F23C
:10BC90009151C0F6040140F66832F8F7B3F9049800
:10BCA000806800090690052005900998016AC88AF5
:10BCB00040F00200C882FFE7FFE7FFE70698D8B12F
:10BCC000FFE70998006A0699002229F0C7F9039056
:10BCD0000398007848B1FFE70998089948F2B952EB
:10BCE000C0F6040200F060F906E003990420087031
:10BCF000059803994870FFE70AB080BD80B584B00D
:10BD000003900291039802996B464A221A604822D6
:10BD10004923FFF7BBFE04B080BD000080B584B0AE
:10BD200003900291039802996B4650221A604E22AA
:10BD30004F23FFF7ABFE04B080BD000080B582B09A
:10BD4000019000910198009948F6DD12C0F60402B6
:10BD500000F02AF902B080BD80B582B00190009158
:10BD600001984078012806D1FFE70198006A009900
:10BD70000FF078FC0AE00198026A406A009B43F6E3
:10BD8000A011C0F604010FF08DFCFFE702B080BDEA
:10BD900080B586B0059004910498007934282FD19D
:10BDA000FFE7059804998968FFF770F90498C0685F
:10BDB00030B1FFE70498007B800708B9FFE70BE08C
:10BDC00048F29B00C0F6040048F29151C0F604010D
:10BDD00040F67C22F8F716F90498C168002002901A
:10BDE00049B1FFE70498007B00F00300B0FA80F04F
:10BDF00040090290FFE702980498C068049005E0AB
:10BE00000598406A0F210FF01DF8FFE704980079AC
:10BE1000352801D1FFE70BE048F2EA40C0F6040004
:10BE200048F29151C0F6040140F68322F8F7EAF88F
:10BE3000049880680390039860B9FFE70598406A0A
:10BE40000F210EF0FFFF0598406A022104220EF038
:10BE500067FDA6E00398002800F09780FFE79DF8B3
:10BE60000C008007002840F09080FFE703980490C2
:10BE7000049800799A281ED1FFE70598406A0F219F
:10BE80000EF0E0FF049880680390039838B9FFE74C
:10BE90000598406A022104220EF042FD0AE005984E
:10BEA0000399FFF7F3F80598406A032104220EF086
:10BEB00037FDFFE768E0049800799B2858D1FFE739
:10BEC000059804998968FFF7E1F80498C06830B1D3
:10BED000FFE70498007B800708B9FFE70BE048F212
:10BEE0009B00C0F6040048F29151C0F6040140F6F0
:10BEF0009822F8F787F80498C1680020019049B1AA
:10BF0000FFE70498007B00F00300B0FA80F04009DE
:10BF10000190FFE701980498C068049004980079A4
:10BF20009C2801D1FFE70BE048F65600C0F604005C
:10BF300048F29151C0F6040140F69A22F8F762F8EF
:10BF40000498806838B9FFE70598406A0221042206
:10BF50000EF0E6FC0BE0059804998968FFF796F867
:10BF60000598406A032104220EF0DAFCFFE70AE09C
:10BF700005980399FFF78AF80598406A0221042280
:10BF80000EF0CEFCFFE7FFE70AE005980399FFF704
:10BF90007DF80598406A022104220EF0C1FCFFE7FB
:10BFA000FFE706B080BD000080B584B00390029129
:10BFB00001920398406870B9FFE7019946F2A40026
:10BFC000C0F604001AF05CF80399486003980299DF
:10BFD000FDF7A0FEFFE704B080BD000080B586B08D
:10BFE0000590049104984068000A0390059804990C
:10BFF0008968FFF74BF801200290FFE702980130B3
:10C000000399884220DAFFE705980499029A01EB28
:10C010008201C968FFF73AF80498029900EB8100A1
:10C02000806800098DF807009DF8070024388DF816
:10C0300006000598406A9DF806100EF039FCFFE7EF
:10C04000029802300290D9E706B080BD80B586B074
:10C05000059004910498C06860B1FFE70498007BE4
:10C06000800738B9FFE70498C0680079812801D1BA
:10C07000FFE70BE048F2A310C0F6040048F291512C
:10C08000C0F6040140F64A02F7F7BCFF0498C16805
:10C090000020009081B1FFE704990020097B890707
:10C0A000009049B9FFE70498C06800798138B0FA78
:10C0B00080F040090090FFE700980498C068039062
:10C0C0000598FCF7FFFA02900598FCF7FBFA01903F
:10C0D000059803998968029B0022FBF7EFFF0598FA
:10C0E00004998968FEF7D2FF0598406A01990EF01D
:10C0F000CFFD0598406A02990EF0F8FD0598406A58
:10C100004FF0FF310EF058FB05980399C968FEF710
:10C11000BDFF0598406A01990EF0E8FD06B080BDAC
:10C1200080B582B001900091019800998968FEF76E
:10C13000ADFF0198406A00210FF0B2F902B080BD56
:10C1400080B582B001900091019800998968002320
:10C150001A4600F003F802B080BD000080B58CB034
:10C160000B900A918DF8272008930AA8A42107AA0A
:10C170001DF0C8FD069008980590002004900390DB
:10C1800002900190FFE701980699884280F0F180C3
:10C19000FFE70798019950F82100002800F0B780C8
:10C1A000FFE70798019910F821008007002840F068
:10C1B000AE80FFE70798019950F8210000900098A1
:10C1C0000079A62830D1FFE79DF80C0080070028F1
:10C1D00009D5FFE70B98009948F20D42C0F604021A
:10C1E000FFF7E2FEE3E001981E2809D3FFE70B9872
:10C1F000009948F66A12C0F60402FFF7D5FED6E0B1
:10C20000039840F0010003900199012000FA01F128
:10C210000298084302900B9800998968FEF736FF50
:10C2200005980130059071E000980079A72811D198
:10C23000FFE7039840F0020003900B98406A0EF06D
:10C240006DFE0B9800998968FEF720FF0498013075
:10C2500004905AE000980079A82854D1FFE700988C
:10C26000C068B0B1FFE70098007B800788B9FFE79E
:10C270000098C0680079AA280BD1FFE70B98009AB4
:10C280009168D2689268FEF78FFE0598013005909C
:10C2900038E00098C06858B1FFE70098007B80073D
:10C2A00030B9FFE70098C0680079AC2820D0FFE7DC
:10C2B0000098806800F00F00022809D0FFE70B9873
:10C2C000009948F2CE52C0F60402FFF76DFE6EE010
:10C2D0000B98406A0099896809090EF0A7FD0B9830
:10C2E0000099C968FEF7D2FE04980130049008E076
:10C2F0000B9800990622FDF757FA05980130059032
:10C30000FFE7FFE700E003E0FFE7FFE72CE0FFE7E0
:10C310009DF80C00800700280CD5FFE70B980799C3
:10C32000019A51F8221048F21C42C0F60402FFF7AD
:10C330003BFE3CE0049860B1FFE70B980799019A37
:10C3400051F8221048F2F762C0F60402FFF72CFE03
:10C350002DE00B980799019A51F82210FEF796FEEE
:10C36000059801300590FFE7FFE701980130019043
:10C3700009E7039830B1FFE70B98406A02990EF085
:10C3800023FDFFE79DF82700C00740B1FFE70B98AA
:10C39000406A0599049A039B0EF0F6FA07E00B98A1
:10C3A000406A0599049A039B0EF0D8FAFFE70CB097
:10C3B00080BD000080B582B0019000910198406A74
:10C3C00000998968090900220EF04EFA02B080BD7A
:10C3D00080B592B0DDF850C0119010910F920E937D
:10C3E0001198FCF76FF90D901198FCF76BF90C9010
:10C3F00011980D990122FEF76FFD11981099FEF723
:10C4000045FE1198406A0C99002203920EF0F2FD4D
:10C410001198406A0D990EF069FC1198406A0EF06F
:10C42000ABFE1198FCF74EF9014603980B910A9068
:10C43000FFE70A980F99884280F2F580FFE70E988F
:10C440000A9950F8210080B1FFE70E980A9910F878
:10C450002100800748B9FFE70E980A9950F821009B
:10C460000079752801D1FFE70BE048F2CD30C0F626
:10C47000040048F29151C0F6040140F24A62F7F715
:10C48000C1FD0E980A9950F8211000200290A1B128
:10C49000FFE70E990A9A002011F8221089070290EE
:10C4A00059B9FFE70E980A9950F8210000797538BC
:10C4B000B0FA80F040090290FFE702980E980A99BE
:10C4C00050F821000990002008901198FCF7FAF824
:10C4D000079009988068B0B9FFE70A9801300F9972
:10C4E00088420FD0FFE711980E990A9A51F822104E
:10C4F00048F69122C0F60402FFF756FD1198FDF7A9
:10C5000093FBA6E02EE00998806806900698A8B1F3
:10C51000FFE79DF81800800780B9FFE706980590AF
:10C5200005980079762808D1FFE70598806806907D
:10C530000598C06800090890FFE7FFE71198406A76
:10C540000EF058FA11980699FEF7A0FD1198406A6E
:10C5500008210EF0ADF91198406A079A00210EF0FB
:10C560005BFDFFE7089828B9FFE71198406A0EF0D5
:10C5700071FD04E011980899FFF7EEFBFFE700203A
:10C580000490089850B1FFE71198FCF79BF80490CD
:10C59000119804990222FEF79FFCFFE71198099970
:10C5A000C968FEF773FD089838B3FFE71198406A31
:10C5B0000F2101910EF046FC1198406A04990EF08B
:10C5C00095FB1198406A01210EF0F6F80199119837
:10C5D000406A0EF037FC11980899FFF7BDFB1198DF
:10C5E0000899FDF751FB1198406A4FF0FF310EF0AA
:10C5F000E3F81198FDF718FBFFE71198406A0B99D3
:10C60000012200920EF0F6FC1198406A07990EF094
:10C610006DFB00991198406A0EF0CEF8FFE70A987A
:10C6200001300A9005E71198FDF7FEFA1198406A6B
:10C630000EF0F4F91198406A0C990EF057FB11981E
:10C640001499FEF723FD1198406A0B990EF04EFBEA
:10C65000FFE712B080BD000080B586B0DDF824C0D1
:10C66000DDF820C005900491039202930598FCF731
:10C6700029F80190059801990222FEF72DFC0398F4
:10C6800000BBFFE7089808B9FFE70BE048F2E010AD
:10C69000C0F6040048F29151C0F6040140F29F62D6
:10C6A000F7F7B0FC0598406A03210EF085F805986D
:10C6B0000499FEF7EBFC0598406A6FF002010EF05A
:10C6C0007BF80BE005980499039A029BDDF820C0E3
:10C6D000EE46CEF800C0FFF77BFEFFE70598406A04
:10C6E0000F210EF0AFFB0598406A01990EF0FEFA9B
:10C6F0000598406A01210EF05FF805980999FEF748
:10C70000C5FC0598406A4FF0FF310EF055F80598CA
:10C71000FDF78AFA06B080BD10B58AB0099008917D
:10C720000898C06830B1FFE70898007B800708B917
:10C73000FFE70BE048F29B00C0F6040048F291517D
:10C74000C0F6040140F2B762F7F75CFC0898C168D4
:10C750000020029049B1FFE70898007B00F0030039
:10C76000B0FA80F040090290FFE702980898C0688C
:10C7700007900798007978280DD1FFE70998089964
:10C780008968079A93686A465360002313601A46C3
:10C79000FFF762FF49E007980079742830D1FFE77E
:10C7A00007980830772106AA1DF0ACFA0590079883
:10C7B000006978B9FFE7099808998968059A069B86
:10C7C000DDF81CC0DCF80CC0EE46CEF800C0FFF768
:10C7D000FFFD14E0099808998968059A069BDDF821
:10C7E0001CE0DEF80CC0DEF810E0DEF80840EE4693
:10C7F000CEF80440CEF800C0FFF72EFFFFE713E0AD
:10C8000008980C30772104AA1DF07CFA039009984F
:10C8100008998968039A049BEE464FF0000CCEF805
:10C8200000C0FFF7D5FDFFE7FFE70AB010BD00002D
:10C8300080B588B0079006910798808AADF81600F9
:10C840000798C08AADF814000798408BADF8120025
:10C850000798FBF737FF03900798FBF733FF029029
:10C8600003980799888202980799C8820799088BCC
:10C870004883069880681DF063FB38BBFFE7079884
:10C88000FBF720FF0190069880681DF063FB30B92C
:10C89000FFE70798406A02990EF0FAF9FFE7079858
:10C8A000406A01990EF022FA07980699C968FEF7C6
:10C8B000EDFB0798406A02990EF018FA079806995E
:10C8C0008968019B0122FBF7F9FBFFE7BDF8160021
:10C8D00007998882BDF814000799C882BDF8120034
:10C8E00007994883079806990969FEF7CFFB0798CF
:10C8F000406A03990EF0FAF908B080BD80B584B0A3
:10C9000003900291029808307A2101AA1DF0FAF9E9
:10C910000090009808B1FFE70BE048F29240C0F6A3
:10C92000040048F29151C0F604014FF4DE62F7F7BB
:10C9300069FB00990398019A029BDB6800F002F8FA
:10C9400004B080BD80B588B007900691059204932D
:10C95000069828B9FFE707980499FEF797FB47E088
:10C960000798FBF7AFFE03900598006800B3FFE758
:10C97000059800788007D8B9FFE705980068007926
:10C980007B2815D1FFE70598006802900798029967
:10C990008968FEF77BFB0798039900220192FEF756
:10C9A0009BFA019A07980299C968FAF7BDFF0EE051
:10C9B000079805990968FEF769FB07980399002213
:10C9C000FEF78AFA0798406A0EF044FBFFE70798E3
:10C9D00006990139059A0432049BFFF7B3FF0798C3
:10C9E000406A03990EF0F0FD0798FDF71DF9FFE787
:10C9F00008B080BD80B582B0019000910198006AB6
:10CA0000007807280FD0FFE70198006A0078022815
:10CA100009D0FFE70198009948F60A02C0F604021F
:10CA2000FFF7C2FA35E00098806858B9FFE701982F
:10CA3000406A0F210EF006FA0198406A00210EF0BC
:10CA4000DBFD26E000988068B8B1FFE70098007A27
:10CA5000800790B9FFE7009880680079AF280CD173
:10CA6000FFE7009880680090019800998968FEF7B8
:10CA70000DFB019800F010F80AE001980099896810
:10CA8000FEF704FB0198406A00210EF0B5FDFFE7B8
:10CA9000FFE702B080BD000080B582B00190019830
:10CAA000406A00210EF0BAF80198406A0F210EF09A
:10CAB000C9F90198406A01210EF09EFD02B080BDC7
:10CAC00080B582B001900091019800998968FEF7C5
:10CAD000DDFA0198406A0EF0BDFA02B080BD000098
:10CAE00080B584B00390029101920198006808B16A
:10CAF000FFE71CE0039800900298B0F5087F08D18A
:10CB0000FFE7009890ED010A19F0E6FB0199086033
:10CB10000DE00298B0F5E57F08D1FFE7009890EDB1
:10CB2000020A19F0D9FB01990860FFE7FFE704B09A
:10CB300080BD000080B584B08DF80F000291019295
:10CB4000029800909DF80F00009991ED010AD1ED37
:10CB5000020A019915F038FA04B080BD80B590B092
:10CB60000E900D910C920B930D980C996B46002230
:10CB70001A6002230AF0B6FB0D98029040B1FFE75D
:10CB8000029801280CD0FFE70298022850D050E00C
:10CB9000DFED5A0AB0EE600A19F098F90F90AAE09A
:10CBA0000B98006818F0AEFB80B9FFE70B9800689F
:10CBB00018F070FAB8B1FFE70B980068006846F605
:10CBC0000001C0F6040188420DD1FFE70B98006810
:10CBD0000AA91BF055FB099009980A9900221DF03B
:10CBE00049FA0F9087E00020A0B9FFE70B98006892
:10CBF00018F050FA70B1FFE70B980068006846F231
:10CC00003831C0F60401884204D1FFE70B98006870
:10CC10000F9070E00B98006808A907AA16F06AFC4C
:10CC20009DED080ADDED070A19F050F90F9062E05A
:10CC3000FFE70020B8B9FFE70B98006818F02AFA60
:10CC400088B1FFE70B980068006846F23831C0F6FB
:10CC50000401884207D1FFE70B98006806A905AADE
:10CC600015F06EFB08E00B98006816F0B3FC8DED34
:10CC7000060A00200590FFE7002038BBFFE70B986D
:10CC8000406818F007FA08B3FFE70B98406800689F
:10CC900046F23831C0F60401884217D1FFE70B98FD
:10CCA000406804A903AA15F04BFB9DED031A9DED06
:10CCB000060A30EE410A8DED060A9DED041A9DED3F
:10CCC000050A30EE010A8DED050A0CE00B9840686C
:10CCD00016F080FCB0EE401A9DED050A30EE010A18
:10CCE0008DED050AFFE79DED060ADDED050A19F059
:10CCF000EDF80F90FFE70F9810B080BD0000000026
:10CD000080B588B0079006918DF81720069804909A
:10CD100000200290049890ED010AB5EE400AF1EE71
:10CD200010FA1ED0FFE707984AF28901C0F6040105
:10CD30001EF03AF80798049991ED010A6A466321BA
:10CD400051604FF0FF311160672100231A461DF03A
:10CD5000B1FC0220029049F6CC10C0F6040003900A
:10CD600005E047F2C650C0F604000390FFE70798BD
:10CD7000049991ED020A029A6B46632159604FF0C3
:10CD8000FF311960672100231DF094FC0798039977
:10CD90001EF00AF808B080BD80B588B08DF81B0081
:10CDA0000591059804909DF81B0001460391072802
:10CDB00057D80399DFE801F034375555045522441C
:10CDC000049890ED010A0120B5EE400AF1EE10FA48
:10CDD00002900CD1FFE7049890ED020A0020B5EE16
:10CDE000400AF1EE10FA18BF01200290FFE7029806
:10CDF00000F0010018F0F6FE079035E0049890ED81
:10CE0000010A10F0C7FC0190049890ED020A10F09E
:10CE1000C1FC01460198484040000130079023E0E2
:10CE20000598079020E0049890ED010A90ED021A11
:10CE3000B1EE400AF1EE410A19F048F8079013E00C
:10CE4000049890ED010A90ED021A21EE011A20EEED
:10CE5000000A30EE010A33F001FB19F03DFA0790A9
:10CE600002E000200790FFE7079808B080BD0000AF
:10CE700080B582B08DED010ACDED000A9DED010A6D
:10CE8000DDED000A00F002F802B080BD82B08DED49
:10CE9000010ACDED000A01980099C90F61F3DF7016
:10CEA00001909DED010A02B07047000082B08DED47
:10CEB000010ACDED000A01980099C90F61F3DF70F6
:10CEC00001909DED010A02B07047000081B0009012
:10CED00001B0704780B588B006900698C06820B150
:10CEE000FFE701208DF81F007EE0069840680121D1
:10CEF00011F05EFB4FF4A26008F0C2FA0699C86018
:10CF00000698C06804304FF4A161F3F7A5FD0698B8
:10CF1000C168C8600698C1684DF20120C0F60000E3
:10CF200008610698C168002081F80C050698007A0F
:10CF3000C0F3830005900698007A00F003000128F2
:10CF400007D1FFE7059818B9FFE708200590FFE72C
:10CF500034E00698C068043004A92FF0DBFE03908B
:10CF60000398B0F1FF3F04DCFFE700208DF81F00BD
:10CF70003AE00698007A00F00300022803D1FFE7A8
:10CF8000039858B9FFE70698007A00F003000328D9
:10CF900008D1FFE70398012804D0FFE700208DF8AF
:10CFA0001F0021E0059828B1FFE704980599884201
:10CFB00003DAFFE704980590FFE7FFE705990120F2
:10CFC000019088400290029808F05AFA0699C968C0
:10CFD00008600698C06850F8041B029A30F03EF8CA
:10CFE00001988DF81F00FFE79DF81F0008B080BD75
:10CFF00080B588B0069005910492039305980428A3
:10D000001AD1FFE70698029000200190029840682C
:10D0100078B1FFE70298007A8009C00728B1FFE7DE
:10D020000298406820F06CF9FFE702990020486000
:10D03000FFE70198079006E00399162008604FF07B
:10D04000FF300790FFE7079808B080BD80B58CB02F
:10D050000B900A91099208930A9809996B4600224D
:10D060001A60012204230AF087F80A98022806D3DE
:10D07000FFE70898406816F07DFB049002E000206E
:10D080000490FFE7049807900A98032806D3FFE767
:10D090000898806816F06EFB039002E00020039071
:10D0A000FFE7039806900798002804D4FFE7079845
:10D0B000042806DBFFE74AF2F340C0F604001EF046
:10D0C000D1F8069870B1FFE70698052804DBFFE762
:10D0D0000698102806DBFFE747F20860C0F6040058
:10D0E0001EF0C0F80B99102018F0CCFC05900898A1
:10D0F0000068059948609DF81C200599087A02F09F
:10D10000030200F0FC00104408729DF818200599F5
:10D11000087A02F00F0200F0C30040EA82000872B1
:10D1200005990020C8600A98042806D3FFE70898EC
:10D13000C06818F0CFFA029002E000200290FFE7EA
:10D14000029A002A18BF01220599087A00F0BF0050
:10D1500040EA8210087205980CB080BD80B588B096
:10D1600006900591049203930698029002984068F5
:10D1700028B1FFE70298FFF7ADFE38B9FFE7039942
:10D18000162008604FF0FF30079036E00298C06824
:10D1900090F80C05C00718B1FFE7002007902CE0BD
:10D1A00005980299C968086205980499084402998B
:10D1B000C96848620298C06804302FF0E3FE01900D
:10D1C0000198012806D1FFE70298C168012081F883
:10D1D0000C05FFE70198B0F1FF3F07DCFFE703997B
:10D1E000162008604FF0FF30079006E00298C068F4
:10D1F000006A0599401A0790FFE7079808B080BDBC
:10D2000080B586B00590059804900498406811F0A8
:10D21000BBF903900398D0F800C0049840680DF162
:10D220000701012202ABE04700900098013018B9D5
:10D23000FFE702981DF0DCFF009838B9FFE745F6DC
:10D240002860C0F6040000211EF016F89DF80700C3
:10D2500006B080BD85B00390039802900298806864
:10D2600001900298C0680199C968884217D0FFE709
:10D27000019800690299C96850F82100009002994C
:10D28000C8680130C86001994968884204D1FFE745
:10D2900002990020C860FFE70098049002E0002097
:10D2A0000490FFE7049805B07047000082B0019039
:10D2B00001988168C068401A00900098B0F1FF3F63
:10D2C00006DCFFE701984168009808440090FFE7FA
:10D2D000009802B07047000080B588B007900691B2
:10D2E00005920493069805996B4600221A60022263
:10D2F00003230AF011F80498406816F03BFA0390F3
:10D300000398B0F1FF3F03DCFFE700201DF0AAFF08
:10D310000799182018F0B6FB029003980130029983
:10D32000486002990020C8600299886002984068AD
:10D33000800008F0B9F8029908610698032807D31D
:10D34000FFE70498806816F015FA02994861FFE734
:10D3500002980499096815F0B3F8029808B080BDE6
:10D3600080B584B003900398029002998868C968D8
:10D3700088420AD1FFE745F6DC60C0F6040049F6B2
:10D380002831C0F604011DF077FF0298C06828B963
:10D39000FFE7029948680138C86004E00299C8684C
:10D3A0000138C860FFE70298C168006950F82100A1
:10D3B00001900298C2680169002041F8220001989A
:10D3C00004B080BD80B584B00390039802900299A8
:10D3D0008868C96888420AD1FFE745F6DC60C0F674
:10D3E000040049F62831C0F604011DF045FF0298FB
:10D3F0008168006950F821000190029882680169F3
:10D40000002041F822000299886801308860029962
:10D410004968884204D1FFE7029900208860FFE74D
:10D42000019804B080BD000080B588B006900591D9
:10D430000492049818B9FFE70020079032E006989C
:10D440000390039801680091FFF730FF01460098B0
:10D45000059A002311F034F802900398806802992D
:10D4600008440190019803994968884206D3FFE770
:10D47000039841680198401A0190FFE70498042836
:10D4800007D1FFE703980069019950F82100079040
:10D4900008E0049803990969019A41F822000620DE
:10D4A0000790FFE7079808B080BD000080B586B000
:10D4B0008DF813000391039802909DF81300014624
:10D4C0000191042804D0FFE7019805280AD010E054
:10D4D00002998868C968401A18BF012018F08CFBAF
:10D4E000059009E00298FFF7E1FE40000130059049
:10D4F00002E000200590FFE7059806B080BD00001F
:10D5000080B598B08DF85B00159114921598139022
:10D510009DF85B00023801460691222800F2248122
:10D520000699DFE811F032002101210121012101DA
:10D5300021012101070121012101210121012101F5
:10D5400021012101210121012101210121010701E5
:10D5500021012101210121012101210121012101BB
:10D56000210121012101210121012300139804300F
:10D570001499002213F056F812901298002818BF40
:10D58000012018F043FB1790F1E0002108460590B8
:10D5900091BBFFE7159817F089FD01460020059023
:10D5A00051B3FFE715980168002046F28062C0F68B
:10D5B0000402914205901FD1FFE700210846049024
:10D5C000B9B9FFE7149817F071FD014600200390E8
:10D5D00061B1FFE71498006846F28061C0F604016B
:10D5E000401AB0FA80F040090390FFE703980490D6
:10D5F000FFE704980590FFE70598C007002851D081
:10D60000FFE714981190002010900F90139810A924
:10D6100000F086F90E9011980FA900F081F90D9095
:10D62000FFE70E990020029031B1FFE70D98002826
:10D6300018BF01200290FFE70298C007F8B1FFE78A
:10D640000E9800680D99096815F038F840B1FFE7A9
:10D650000E9840680D99496815F030F818B9FFE741
:10D660000E20179083E0FFE7139810A900F058F9F7
:10D670000E9011980FA900F053F90D90D1E70E9973
:10D680000020019031B9FFE70D98B0FA80F0400911
:10D690000190FFE70198C1070E20002918BF1E2046
:10D6A000179064E00020002841D1FFE7149817F09C
:10D6B000FDFCE0B3FFE71498006846F28831C0F63D
:10D6C0000401884233D1FFE714980C901398406806
:10D6D000C0080C994968B0EBD10F03D0FFE70E20CA
:10D6E000179044E000200B900A90FFE713980BA9D5
:10D6F00000F016F90A90B8B1FFE70C9804300A99C7
:10D700000968002212F08EFF0990099840B1FFE7E6
:10D710000A9840680999496814F0D0FF18B9FFE7E2
:10D720000E20179023E0E1E71E2017901FE00E2047
:10D7300017901CE09DF85B00162805D1FFE71598AF
:10D7400014F0D6FE1590FFE71598079014980890EE
:10D7500043F61810C0F60400021D022007A900F0CD
:10D76000FDFA1598179002E000201790FFE7179830
:10D7700018B080BD80B582B00190019800900098EB
:10D780000EF062F90098043012F0BEFE062002B0DE
:10D7900080BD000080B58AB0099008910898406863
:10D7A0000021019110F042FF0146019807910621E6
:10D7B000069105900998032804D3FFE7089880682C
:10D7C0000690FFE70898406818F000F80390039867
:10D7D00028B9FFE7002018F0B1FB049005E003989A
:10D7E000401018F0ABFB0490FFE704980290FFE7AD
:10D7F000079811F03FFE059060B1FFE70698009092
:10D80000029804300599012212F00CFF014600989D
:10D810004860EDE704980AB080BD000080B582B092
:10D820000190009101980099002200F003F802B0E5
:10D8300080BD000080B586B0059004918DF80F2062
:10D840000498006802909DF80F0020B1FFE702984D
:10D850000EF0FAF8FFE702980430049949689DF841
:10D860000F2012F0DFFE0190019820B1FFE7019830
:10D87000406818BBFFE70598022811D1FFE79DF823
:10D880000F00022808D1FFE70498416845F60070B0
:10D89000C0F604001DF01AFD06200090FFE703E02B
:10D8A000049880680090FFE79DF80F00012804D1DC
:10D8B000FFE7009801994860FFE70CE00198406895
:10D8C00000909DF80F00022804D1FFE70199002085
:10D8D0004860FFE7FFE7009806B080BD83B0029084
:10D8E000019101980090009946F2DC30C0F60400E6
:10D8F00008600099012008710298009988600099D9
:10D900000020C860009803B07047000080B582B066
:10D9100001900198002100F0D5FA02B080BD00000E
:10D9200080B588B0069005910698806804900698A6
:10D9300004300390059800680290FFE7029804996C
:10D94000884216D2FFE70398029913F0C1F958B143
:10D95000FFE70298013005990860039880680299F2
:10D9600000EBC100079031E0FFE702980130029020
:10D97000E4E7039801680020B0EBD10F05D0FFE782
:10D9800002980499884201D1FFE70AE049F6F420A1
:10D99000C0F6040049F68021C0F604014522F6F7DE
:10D9A00031FB0398026801200021B1EBD20F0190F6
:10D9B00008D0FFE702980499401AB0FA80F04009B5
:10D9C0000190FFE7019800200790FFE7079808B053
:10D9D00080BD000080B582B001900198012100F067
:10D9E00071FA02B080BD000080B582B00190009154
:10D9F000019800990222FFF71DFF02B080BD0000D0
:10DA000080B588B007900798069006980EF01CF82D
:10DA1000069841680020B0EBD10F0AD1FFE745F628
:10DA20000070C0F6040049F60F31C0F604011DF085
:10DA300023FC00200590069840688008C00740B18C
:10DA4000FFE7069841684FF0FF3000EBD1000590EA
:10DA5000FFE7069805A9FFF763FF0490049808B153
:10DA6000FFE70BE049F6EF20C0F6040049F68021FD
:10DA7000C0F604014FF4B872F6F7C4FA0699486884
:10DA80000838486004980068029004984068039041
:10DA9000049904200860049900204860022002A92B
:10DAA00019F0C6F80190019808B080BD80B58EB01D
:10DAB0000D900C918DF82F200C980A9001208DF874
:10DAC000270047F2B470C0F60400089048F6917041
:10DAD000C0F6040007909DF82F00032804D0FFE74C
:10DAE00001208DF82F0006E00D98806808900D98B1
:10DAF000C0680790FFE70A98006846F28831C0F6D0
:10DB00000401884210D0FFE79DF82F0003280BD0B6
:10DB1000FFE70D980A990968CA8849F67921C0F685
:10DB200004011DF073FAFFE70D9849F62E31C0F697
:10DB300004011DF039F9002006900590FFE70A98CE
:10DB400006A9FFF7EDFE059000287CD0FFE79DF8C1
:10DB50002700C00728B9FFE70D9808991DF024F9A0
:10DB6000FFE700208DF827009DF82F100329039070
:10DB700037D1FFE70598006817F0D0FB0146012078
:10DB8000029049BBFFE70598006817F08FFA01463D
:10DB900000200190E9B1FFE7059800680068007B6C
:10DBA00048B1FFE7059800680068017B00EB810041
:10DBB0000069009002E000200090FFE7009847F223
:10DBC000D131C0F60201401AB0FA80F0400901904C
:10DBD000FFE701980290FFE7029880F001000390B0
:10DBE000FFE7039800F001008DF813009DF8130083
:10DBF000C00740B1FFE70D9847F60C11C0F60401CD
:10DC00001DF0D2F8FFE70D98059909689DF82F20BF
:10DC100019F070FA9DF81300C00740B1FFE70D98A6
:10DC200047F60C11C0F604011DF0BEF8FFE70D9891
:10DC300007991DF0B9F80D98059949689DF82F20AE
:10DC400019F058FA7BE70D984CF2D901C0F604019F
:10DC50001DF0AAF80A98006846F28831C0F604015F
:10DC600088420DD0FFE79DF82F00032808D0FFE77A
:10DC70000D9849F6F711C0F604011DF095F8FFE77D
:10DC80000EB080BD80B582B00190009101980099DE
:10DC90000122FFF7CFFD02B080BD000080B586B045
:10DCA000049003910292029838B9FFE7049803990F
:10DCB00014F056FC0620059022E00298042817D1A3
:10DCC000FFE704980190019804300399002212F0B4
:10DCD000A9FC0090009838B9FFE7039945F6007059
:10DCE000C0F604001DF0F2FA00984068059007E0C5
:10DCF00004980399029A14F0C9FC06200590FFE7E6
:10DD0000059806B080BD000080B586B08DF8130080
:10DD10000391039802909DF8130001460191042895
:10DD200004D0FFE7019805280AD010E00298406867
:10DD3000C008002818BF012017F068FF059009E00F
:10DD400002984168012040EA9100059002E000201D
:10DD50000590FFE7059806B080BD000080B592B041
:10DD6000119010910F92109800680E900E980DF07F
:10DD70006BFE11980F990968C9086B4601221A6059
:10DD8000022309F0E3FA1198022867D1FFE71098FF
:10DD9000406817F00BF808B3FFE710980168406877
:10DDA00088421AD0FFE700200D900C90FFE71098F2
:10DDB00040680DA9FFF7B4FD0C9068B1FFE70C981F
:10DDC0000168406804900E980430012212F02AFC89
:10DDD000014604984860EAE7FFE73EE01098406893
:10DDE0000021039110F022FC014603980B910A9048
:10DDF000FFE70B9811F03EFB0A9068B3FFE70A9823
:10DE0000002110F013FC0990099811F033FB0890E1
:10DE1000099811F02FFB0790099811F02BFB069041
:10DE2000089830B1FFE7079818B1FFE7069830B1BE
:10DE3000FFE749F6A820C0F604001DF013FA079882
:10DE400002900E9804300899012212F0EBFB014673
:10DE500002984860FFE7CCE7FFE7FFE70020059066
:10DE6000FFE705980F99496888421DD2FFE70F9890
:10DE7000059912F02DFF90B1FFE70F988168059A80
:10DE800001EBC200406801900E98043051F8321046
:10DE9000012212F0C7FB014601984860FFE7FFE747
:10DEA000059801300590DCE7062012B080BD000027
:10DEB00080B582B001900198022100F003F802B011
:10DEC00080BD000080B582B001908DF803100198EC
:10DED0009DF8031018F040F802B080BD80B586B000
:10DEE0008DF8130003910292039801900198007A33
:10DEF000012803D0FFE70020059010E09DF81300F3
:10DF0000242803D0FFE70020059008E09DF81300C7
:10DF100001994968029AFFF7F3FA0590FFE705981F
:10DF200006B080BD84B003900291039801900298DE
:10DF30000090009946F2DC30C0F6040008600198B9
:10DF4000007A0099087101984068009988600099EA
:10DF50000020C860009804B07047000080B588B009
:10DF6000069006980590059988680C31FFF7D8FC53
:10DF70000490049818B9FFE70020079022E0059864
:10DF800000790146019140B1FFE70198012811D0C5
:10DF9000FFE70198022811D000E0FFE7049800682D
:10DFA0000290049840680390022002A918F040FEF5
:10DFB000079007E004980068079003E00498406821
:10DFC0000790FFE7079808B080BD000080B58CB0CF
:10DFD0000B900A918DF827200A98089001208DF85F
:10DFE0001F000B9808990A7A43F68411C0F60401C1
:10DFF00051F822101CF0D8FE0B9849F67D21C0F68E
:10E0000004011CF0D1FE0A9803A9FFF78BFF0290D0
:10E0100000200190FFE70298FFF7A0FF0190B0B148
:10E02000FFE79DF81F00C00740B9FFE70B9847F2D4
:10E03000B471C0F604011CF0B7FEFFE700208DF8B4
:10E040001F000B980199012219F054F8E3E70B988F
:10E0500048F20911C0F604011CF0A6FE0CB080BD08
:10E0600080B584B08DF80B000191019800909DF867
:10E070000B0006280AD1FFE70098007A022805D194
:10E08000FFE7019840000130039007E09DF80B0086
:10E0900000994968FFF738FE0390FFE7039804B042
:10E0A00080BD000080B58AB0099008910792099858
:10E0B0000799C9008A1C40F24D111EF06DFF0998A6
:10E0C0004068069010F04EFB049012F05FF8059047
:10E0D000069810F085FB069812F074F84EF2AD71B8
:10E0E000C0F6010102A822F06DFD089809990022EE
:10E0F00012F0AEF8019001980BF026FB012022F0FF
:10E100002DFD0AB080BD0000D0B502AF92B047F837
:10E110000C0C47F8101C47F8142C002007F8150CBD
:10E1200057F8100CF8B1FFE717F8100C8007D0B9BA
:10E13000FFE757F8100C0079682814D1FFE757F86B
:10E14000100C47F81C0C57F81C0CC068000957F855
:10E15000141C086057F81C0C806847F8100C01204C
:10E1600007F8150CFFE757F8100C58B9FFE757F8F8
:10E17000140C0121016057F80C0C406A00220CF0CD
:10E1800067FD1FE157F8100C00F00F00022819D1AD
:10E19000FFE757F8100C000947F8200C17F8150C8A
:10E1A000C00730B9FFE757F8200C57F8141C086077
:10E1B000FFE757F80C0C406A57F8201C00220CF0BF
:10E1C00047FDFEE057F8100C60B1FFE717F8100CA0
:10E1D000800738B9FFE757F8100C00796C2801D197
:10E1E000FFE70BE048F23510C0F6040048F2915109
:10E1F000C0F6040140F25742F5F704FF57F8101C2F
:10E20000002047F8500C91B1FFE7002017F8101CD0
:10E21000890747F8500C51B9FFE757F8100C0079FF
:10E220006C38B0FA80F0400947F8500CFFE757F817
:10E23000500C57F8100C47F8240C17F8150CC007B1
:10E2400040B9FFE757F8240C8068000957F8141C00
:10E250000860FFE757F8240C4068000A47F8280CCC
:10E2600057F8280C10B9FFE7FFE7FEE757F8280C2E
:10E27000013847F82C0C002047F8300CFFE757F81E
:10E28000300C57F8281C884217D2FFE757F8240CA7
:10E2900057F8301C00EB81008068000924F048FD2D
:10E2A000014657F82C0C084447F82C0CFFE757F8A8
:10E2B000300C013047F8300CE1E757F82C0C0730F0
:10E2C00020F007016846401A854647F8340C57F895
:10E2D000340C47F8380C002047F83C0CFFE757F89F
:10E2E0003C0C57F8281C884230D2FFE757F83C0C0A
:10E2F00040B1FFE757F8381C481C47F8380C2E206F
:10E300000870FFE757F8240C57F83C1C00EB81001D
:10E3100080680009A7F1400124F012FB47F8440C83
:10E3200057F8380C57F8441C57F8402CF2F774FA99
:10E3300057F8401C57F8380C084447F8380CFFE7EA
:10E3400057F83C0C013047F83C0CC8E757F8340C40
:10E3500057F82C1C24F0E2FB47F8480C57F8340C13
:10E3600011F006FF57F80C0C406A57F8481C0022C1
:10E370000CF06EFC17F8150CC00708B3FFE701207E
:10E3800047F84C0CFFE757F84C0C57F8281C88420C
:10E3900015D2FFE757F80C0C406A57F8241C57F8C1
:10E3A0004C2C01EB82018968090900220CF05CFA0F
:10E3B000FFE757F84C0C013047F84C0CE3E7FFE758
:10E3C000FFE7FFE7A7F10804A546D0BD80B58AB0F6
:10E3D0000990089108982FF0B3F80790082204924A
:10E3E000079847F62771C0F60401F2F7CAF9F8B9A1
:10E3F000FFE70798083005A906AA0FF05DF9059810
:10E40000022814D1FFE7069803900999039A10682F
:10E410005268CA6088600798083024F071FB029047
:10E42000099803998968029AFFF73CFE0DE0FFE71F
:10E43000079824F065FB0190019811F02FF90090E6
:10E440000998009900F004F8FFE70AB080BD0000C9
:10E4500080B584B0039002910298006801900398FF
:10E460000199C9008A1C40F24D111EF095FD0398D8
:10E47000406800900298009B01211A461BF03CFA6C
:10E4800004B080BD80B586B0DDF828C0DDF824C0BA
:10E49000DDF820C005900491039202939DF82800B6
:10E4A000C006002869D5FFE79DF82800C00798B18D
:10E4B000FFE705980499039A089BD21A029B01333F
:10E4C000DDF824C0EE46CEF804C04FF0010CCEF8C3
:10E4D00000C000F023FFFFE79DF828008007002818
:10E4E00016D5FFE705980499029BC91A039ADDF82F
:10E4F00020C0A2EB0C020133DDF824C0EE46CEF8BA
:10E5000004C04FF0010CCEF800C000F007FFFFE799
:10E510009DF828004007002815D5FFE705980499C5
:10E52000029BC91A039ADDF820C062440133DDF86A
:10E5300024C0EE46CEF804C04FF0010CCEF800C067
:10E5400000F0ECFEFFE79DF828000007002813D537
:10E55000FFE705980499039A089B1A44029B01332C
:10E56000DDF824C0EE46CEF804C04FF0010CCEF822
:10E5700000C000F0D3FEFFE744E005980499029A3A
:10E580001144039A089BD21A099BDDF828C00CF0AD
:10E59000010CEE46CEF800C027F094FD05980499D2
:10E5A000029A891A039A089BD21A099BDDF828C09F
:10E5B0000CF0020CEE46CEF800C027F083FD059863
:10E5C0000499029A891A039A089B1A44099BDDF858
:10E5D00028C00CF0040CEE46CEF800C027F072FD07
:10E5E00005980499029A1144039A089B1A44099BBE
:10E5F000DDF828C00CF0080CEE46CEF800C027F07D
:10E6000061FDFFE706B080BD80B584B0DDF81CC0B9
:10E61000DDF818C003900291019200930798A8B109
:10E62000FFE70098069900EB41000299C0430844B7
:10E63000029003980299019A0132DDF818C0009BFC
:10E6400043EA0C23D2B200F075FA12E00098069962
:10E6500000EB41010298401A0290039802999DF83C
:10E660000420DDF818C0009B43EA0C2300F062FA96
:10E67000FFE704B080BD000080B582B00190019832
:10E68000006A06F0F5FE019806F0F2FE02B080BDC9
:10E6900080B582B00190442006F006FF00900198FA
:10E6A0000099C860009802B080BD000080B582B0BB
:10E6B0000190009100980199C8610198C06980009B
:10E6C00006F0DEFE0199086202B080BD86B00490BB
:10E6D00003910498029002988079C00718B1FFE76F
:10E6E000029805902FE002984079032808DCFFE7A4
:10E6F000039A0299C86A1044C8620298059022E001
:10E700000299039AC86A096B1044884201D8FFE74E
:10E710000AE048F60D40C0F6040048F6E631C0F6BF
:10E7200004019B22F5F76EFC0298826AC16A406B75
:10E73000104408440190039A0299C86A1044C862C0
:10E7400001980590FFE7059806B0704786B00490E1
:10E7500003910498029002984079032808DCFFE7AF
:10E76000039A0299486A104448620298059020E092
:10E770000299039A486A896A1044884201D8FFE7DF
:10E780000AE048F67C40C0F6040048F6E631C0F6E0
:10E7900004016522F5F736FC0298416A406B084493
:10E7A0000190039A0299486A1044486201980590C2
:10E7B000FFE7059806B0704780B584B003900291DA
:10E7C0008DF80720039802990BF0F6FF03980121BA
:10E7D000FFF77CFF00909DF807000099087004B0D7
:10E7E00080BD000080B588B0079006918DF8172095
:10E7F000049307980390069901919DF817100291D0
:10E80000C06804990CF00CFF0199029A0346039822
:10E8100000F002F808B080BD80B584B0039002918A
:10E820008DF807200093039802999DF80720009B1C
:10E8300000F080F904B080BD80B58AB009900891DD
:10E840008DF81F200693099808999DF81F20FFF75F
:10E85000B3FF0DF1130005300390FFE7069800F0B9
:10E860007F0003994A1E039201F8010C0698C0111B
:10E870000690FFE706990020019039B1FFE706985E
:10E88000B0F1FF3018BF01200190FFE70198C007E9
:10E890000028E3D1FFE70698013068B9FFE7039845
:10E8A00000784006002807D4FFE70399481E03902C
:10E8B0007F2001F8010C10E0069868B9FFE7039883
:10E8C00000784006002807D5FFE70399481E03900B
:10E8D000002001F8010CFFE7FFE70998039A0DF10A
:10E8E0001301891A0531FFF7F1FE0290FFE7039843
:10E8F0000DF11301043188420BD0FFE70398411C4E
:10E900000391007840F0800002994A1C029208703E
:10E91000EDE703980078029908700AB080BD000006
:10E9200080B58AB0099008918DF81F200693099848
:10E9300008990BF041FF09988079C00708B1FFE7FB
:10E94000C2E09DF81F10002045290146B8BF0121F3
:10E950008DF817100121049103900998407903283C
:10E960004EDBFFE70999069A086AC96A50F8220047
:10E97000401A023803909DF81700C00748B1FFE71E
:10E98000039810F1400F04DBFFE70398402809DBF0
:10E99000FFE79DF81700C00738B9FFE703987F2805
:10E9A00003D8FFE700200490FFE704990398401A7A
:10E9B00003909DF81700C00720B9FFE703980028CF
:10E9C00001D4FFE70BE048F61330C0F6040048F628
:10E9D000E631C0F6040140F20312F5F713FB9DF88F
:10E9E00017100120C907019041B9FFE703990020E2
:10E9F000B1F1FF3FC8BF01200190FFE70198FFE799
:10EA0000099804990231FFF761FE02909DF81F00FA
:10EA100002990870049880BBFFE79DF81700C007B3
:10EA200020B1FFE7039840300390FFE703980028E8
:10EA300005D4FFE703987F2801DCFFE70BE048F6E9
:10EA4000EF40C0F6040048F6E631C0F6040140F29B
:10EA50000D12F5F7D7FA039900200029009007D48A
:10EA6000FFE7039900208029B8BF01200090FFE74D
:10EA7000009803980299487026E09DF81700C00797
:10EA800028B1FFE7039800F580400390FFE709985D
:10EA9000407904280ED1FFE70398002805D4FFE74A
:10EAA0000398B0F5004F05DBFFE70999012081F8D5
:10EAB0003800FFE7039840F08000029948700398FF
:10EAC000C00902998870FFE70AB080BD80B588B0A0
:10EAD000079006918DF817200493079803900699E4
:10EAE00001919DF817100291C06804990CF0EAFE9C
:10EAF0000199029A03460398FFF78EFE08B080BD85
:10EB000080B588B0079006918DF817200493079878
:10EB10000390069901919DF817100291C06804991D
:10EB20000CF0FCFE0199029A0346039800F002F8EB
:10EB300008B080BD80B584B0039002918DF80720A5
:10EB40000093039802999DF80720FFF735FE03987C
:10EB5000009A4EF2CD61C0F600010CF035FF04B012
:10EB600080BD000080B584B003908DF80B10039831
:10EB70000121FFF7ABFD01909DF80B000199087092
:10EB800004B080BD80B584B003908DF80B109DF863
:10EB90000B00019003980121FFF7D8FD0146019871
:10EBA000087004B080BD000080B58EB00D900C914F
:10EBB0000B920C9818B9FFE70B9808B1FFE70AE031
:10EBC00048F63530C0F6040048F6E631C0F60401D8
:10EBD0007622F5F717FA0C990120079031B9FFE773
:10EBE0000B98002818BF01200790FFE70798FFE760
:10EBF0000C990120069031B9FFE70B98002818BF47
:10EC000001200690FFE70698C00700286DD0FFE7B7
:10EC10000B98072804D3FFE70C9810282ED3FFE7A2
:10EC20000C981E2803D8FFE70C98059002E01F20DF
:10EC30000590FFE705980A900A980C99884203D23C
:10EC4000FFE7002009900CE00B98022803D8FFE7AB
:10EC50000B98049002E003200490FFE704980990C9
:10EC6000FFE70A98099940EA411003900D980121A5
:10EC7000FFF76CFD0146039808702DE00C980E28F4
:10EC800003D8FFE70C98029002E00F200290FFE704
:10EC900002980A900B9840F2FE71884203D8FFE771
:10ECA0000B98019003E040F2FF700190FFE701989C
:10ECB00009900D980221FFF749FD08900A98099ADA
:10ECC000702101EA1211084340F080000899087091
:10ECD000099808994870FFE70A990C98401A0C9017
:10ECE00009990B98401A0B9082E70EB080BD000086
:10ECF00080B584B00390029103980190C068029996
:10ED00000CF00CFE024601984EF24D71C0F6000167
:10ED10000CF05AFE04B080BD80B586B0049000208F
:10ED200078B9FFE7049816F0CDF950B1FFE70498E1
:10ED3000006846F2F431C0F60401884201D1FFE7D1
:10ED40000AE049F63030C0F6040049F65C31C0F6FE
:10ED500004014F22F5F756F9049803900398406890
:10ED600010F088FB0290029818B9FFE70020059088
:10ED70000EE0039A9068411C9160400001300090C1
:10ED8000029801900220694617F052FF0590FFE7B4
:10ED9000059806B080BD000080B58AB00990089142
:10EDA0000792069308980799069AEC4604ABCCF8AC
:10EDB000043042F2B063C0F60403CCF80030022302
:10EDC00008F0A0FD09990C2016F05CFE0390049851
:10EDD00000210FF02BFC0399486005980399886087
:10EDE00003980AB080BD000080B58CB00A900991EC
:10EDF0008DF823200FF0B0FC079011F0C1F90690B8
:10EE000001200590FFE7059900200229009008D80D
:10EE1000FFE705990A9A0020914238BF012000902F
:10EE2000FFE70098C00798B3FFE70998059950F8E5
:10EE30002100062827D0FFE70020A0B9FFE70998A6
:10EE4000059950F8210016F0C5F860B1FFE7099860
:10EE5000059950F82100006846F28831C0F6040197
:10EE6000884203D0FFE700201CF0E2F909980599D9
:10EE700050F8210006900598012803D1FFE7069875
:10EE80000790FFE7FFE7FFE7059801300590BAE735
:10EE90000020C0B9FFE70998006816F09BF890B110
:10EEA000FFE709980068006846F22431C0F60401C3
:10EEB000884208D1FFE7099800680799069AF9F790
:10EEC000BFFB0B9025E09DF8230058B9FFE7099898
:10EED000006819F017FA10F0E1FB049001208DF89A
:10EEE00023000DE00998006801A901220FF086FABD
:10EEF0000199029ADE20002310F0D6FB0490FFE770
:10EF000004989DF82310079A069B1AF0F5FC0B90C5
:10EF1000FFE70B980CB080BDD0B502AF8EB047F8BC
:10EF20000C0C47F8101C47F8142C47F8183C57F8FD
:10EF3000180CBA2113F024FB47F81C0C57F81C0CD2
:10EF400008B1FFE70BE047F63070C0F6040047F663
:10EF50005771C0F604014FF48C72F5F753F857F867
:10EF6000180C13F02FFB40F68221002211F05AFBFF
:10EF7000002818BF012007F81D0C57F81C0CA7F13A
:10EF8000240119F07DF947F8280C57F8280C57F898
:10EF9000241C084447F82C0C17F81D0CC00730B18E
:10EFA000FFE757F80C0C013847F80C0CFFE7FFE7B8
:10EFB00057F80C1C002047F83C0C59B1FFE757F8F4
:10EFC0002C1C57F8282C0020914288BF012047F8BC
:10EFD0003C0CFFE757F83C0CC00788B1FFE757F837
:10EFE0002C0C411E47F82C1C10F8010C2E2806D1C1
:10EFF000FFE757F80C0C013847F80C0CFFE7D7E790
:10F0000057F82C0C57F8281C88420AD1FFE745F620
:10F010009460C0F6040047F68571C0F604011CF048
:10F020002BF957F82C0C57F8281C401A57F8141CC9
:10F0300009680844013047F8300C57F8300C0730A5
:10F0400020F007016846401A854647F8340C57F807
:10F05000340C57F8281C57F82C2C521AF1F7DCFB0B
:10F0600057F8140C0068D8B1FFE757F8341C57F86C
:10F070002C0C57F8282C821A2E20885457F8340C60
:10F0800057F82C1C57F8282C891A0844013057F8D7
:10F09000101C096857F8142C1268F1F7BDFB05E045
:10F0A00057F8300C013847F8300CFFE757F8340CAC
:10F0B00057F8301C23F032FD47F8380C57F8340C61
:10F0C00011F052F857F8380C23F0A2FE57F8101C34
:10F0D000086057F8300C57F8141C0860A7F10804B2
:10F0E000A546D0BD80B586B00590049103920598E1
:10F0F0000290029841688068039A104488422FD396
:10F10000FFE702980078C00710B3FFE70298406855
:10F1100003990844103001900298C06801990122B7
:10F1200006F01EFA0090009850B9FFE702990020FF
:10F130000870029841688068C0430844039006E064
:10F1400001980299486000980299C860FFE706E0BC
:10F15000029841688068C04308440390FFE7FFE7D6
:10F1600002988168C06808440499039AF1F754FB37
:10F17000039A029988681044886006B080BD000038
:10F1800081B08DED000A9DED000AB0EEC00A01B01D
:10F190007047000080B582B0019047F24F40C0F642
:10F1A000040000F08DF8019800F08AF847F217404B
:10F1B000C0F6040000F084F847F26740C0F604008F
:10F1C00000F07EF84EF62850CEF20000006800F005
:10F1D0002FF847F26D40C0F6040000F071F84EF6CB
:10F1E0002C50CEF20000006800F022F847F25E409A
:10F1F000C0F6040000F064F84EF63450CEF2000081
:10F20000006800F015F847F25740C0F6040000F01F
:10F2100057F84EF63850CEF20000006800F008F8BB
:10F2200047F24C40C0F6040000F04AF802B080BD3E
:10F2300084B0039007200290FFE70298002831D4A1
:10F24000FFE7039802998900C84000F00F008DF88D
:10F2500007009DF80700092805DCFFE79DF8070077
:10F260003030009004E09DF8070037300090FFE751
:10F2700000988DF80600FFE744F20040C4F2000059
:10F2800000680006002801D4FFE7F5E79DF80600B6
:10F2900044F20441C4F200010860FFE7029801381B
:10F2A0000290CAE7FFE744F20040C4F200000068A1
:10F2B0004006002801D4FFE7F5E704B070470000DE
:10F2C00081B00090009808B9FFE724E0FFE70098BC
:10F2D0000078A8B1FFE7FFE744F20040C4F2000065
:10F2E00000680006002801D4FFE7F5E70098411CFC
:10F2F0000091007844F20441C4F200010860E6E79E
:10F30000FFE744F20040C4F2000000684006002815
:10F3100001D4FFE7F5E701B070470000B0B58CB04D
:10F32000DDF844C0DDF840C00B900A9109920893C3
:10F33000109801281CDBFFE70898012818DBFFE77D
:10F340000A9808990844012812DBFFE709981099E8
:10F35000084401280CDBFFE709980B99C98988420A
:10F3600006DAFFE70A980B998989884201DBFFE7F3
:10F3700058E00B9880890A99089A1144884204DA67
:10F38000FFE70B988089059004E00A9808990844E3
:10F390000590FFE7059807900B98C0890999109A86
:10F3A0001144884204DAFFE70B98C089049004E016
:10F3B0000998109908440490FFE7049806900A9869
:10F3C000012803DBFFE70A98039002E00020039086
:10F3D000FFE703980A900998012803DBFFE70998E3
:10F3E000029002E000200290FFE7029809900B983B
:10F3F000817C01EB410240F20C01C2F2000101EB01
:10F400008201D1F808C00A99099A079B5B1ADDF8B6
:10F4100018E0AEEB020E119D6C466560C4F800E08A
:10F42000E047FFE70CB0B0BD80B586B0049004980B
:10F430000390FFE70398806810F01CF80290D0B1A9
:10F44000FFE703984068062809D0FFE70398406863
:10F450000121002202AB0AF0BBF9019002E0029800
:10F460000190FFE7019816F035F918B1FFE702980F
:10F47000059003E0DEE700200590FFE7059806B061
:10F4800080BD000080B588B0079006910592049376
:10F49000069805996B46002202921A6002231A46CA
:10F4A00007F088FF07990C2016F0ECFA02990390F8
:10F4B00004980068039A5060049840680FF0B6F80A
:10F4C00003998860039808B080BD000080B58CB0B7
:10F4D000DDF83CC0DDF838C00B900A910992089322
:10F4E00000200790089908600F9908600E9908603D
:10F4F00040F60840C2F20100416A4868C96820F03D
:10F5000000400844069002200590FFE70598069900
:10F51000884266D2FFE7059804A923F011FA039008
:10F520000A9830B9FFE7039800785F2801D1FFE718
:10F5300053E00A98049988424ED8FFE70B98039944
:10F540000A9AF1F71EF9002846D1FFE709980599B4
:10F550002BF082F900283ED0FFE7079830B9FFE78B
:10F560000398079004980899086028E00A98029088
:10F57000FFE702990898026800209142019008D89C
:10F58000FFE70299049A0020914298BF0120019060
:10F59000FFE70198C00788B1FFE70798029A805CEF
:10F5A0000399895C884204D0FFE7029808990860B3
:10F5B00004E0FFE7029801300290DAE7FFE70E98D7
:10F5C000006820B9FFE705980E990860FFE70598E5
:10F5D0000F990860FFE7FFE7FFE705980130059006
:10F5E00094E707980CB080BD82B0019040F60840C7
:10F5F000C2F20100406A0090FFE70198006800999C
:10F60000496821F00041884204D2FFE70098006871
:10F610000090F2E70098406820F0004201990868E5
:10F62000801A0860019800680099C968884201D270
:10F63000FFE70AE04BF6CC20C0F604004BF26A610B
:10F64000C0F60401C622F4F7DDFC009802B0704752
:10F6500080B588B0DDF828C0069005910492039328
:10F660000598039988422DD3FFE70A98012807DB04
:10F67000FFE70020029005980399401A019006E0E8
:10F6800005980399401A029000200190FFE7FFE7D8
:10F690000698029908440499039AF1F727F828B9C3
:10F6A000FFE706980299084407900EE00298019936
:10F6B000884201D1FFE704E00A99029808440290C9
:10F6C000E6E7FFE700200790FFE7079808B080BD56
:10F6D00080B586B08DF8130003910292039813F061
:10F6E000FDFC8DED010A0020C8B9FFE7029815F076
:10F6F00001FDA0B1FFE70298006846F23831C0F67C
:10F70000040188420BD1FFE79DF813009DED010A2B
:10F710000299DFED090A12F057FC059008E09DF808
:10F7200013009DED010A029913F0A4FA0590FFE77A
:10F73000059806B080BD00BF0000000080B58AB00B
:10F740000890079106920593079806996B46002248
:10F750001A60012307F048FE0798019020B1FFE7E7
:10F760000198012806D006E09FED1C0A16F0B4FDB2
:10F7700009902FE0FFE70598006802A901220EF02A
:10F78000A9FD40B1FFE70298039900231A461AF039
:10F79000FDFD09901EE00020A0B9FFE70598006874
:10F7A00015F0A8FC70B1FFE705980068006846F204
:10F7B0002C41C0F60401884204D1FFE70598006897
:10F7C000099007E00598006813F004FF16F084FD27
:10F7D0000990FFE709980AB080BD00BF0000000053
:10F7E00080B586B0059004918DF80F20049813F031
:10F7F00075FC8DED020A05989DED020A6A466321AB
:10F8000051604FF0FF31116067214FF48072002387
:10F810001AF050FF06B080BD80B586B08DF8130099
:10F820000391039813F05AFC8DED020A9DF8130022
:10F8300001460191072844D80199DFE801F0191C1D
:10F840004242044211249DED020A0020B5EE400A16
:10F85000F1EE10FA18BF012016F0E2F9059033E03E
:10F860009DED020A0DF0A2FF4000013005902BE053
:10F870000398059028E09DED020AB1EE400A16F0CB
:10F880002BFD059020E0002028B9FFE70298F4F74F
:10F8900051FB58B912E0029832F03EF841EC100BDF
:10F8A00051EC100BF4F72CFB40B1FFE79DED020A81
:10F8B000B1EE400A16F010FD059005E003980590A2
:10F8C00002E000200590FFE7059806B080BD00002B
:10F8D00080B5A2B020908DF87F101E929DF87F0019
:10F8E00023280FD0FFE79DF87F0024280AD0FFE7E8
:10F8F0009DF87F00252805D0FFE79DF87F002A2886
:10F900005BD1FFE720981E99013921F0D5FE1C90AC
:10F910001C981DA91AF02AFA20B9FFE700208DF8DB
:10F92000870094E29DF87F00232804D1FFE716208A
:10F930008DF86F0017E09DF87F00242804D1FFE7C1
:10F9400017208DF86F000DE09DF87F00252804D169
:10F95000FFE718208DF86F0003E022208DF86F007C
:10F96000FFE7FFE7FFE71E9802381A90FFE71A98B3
:10F97000002821D4FFE720981A9921F09DFE1C90C1
:10F980001C9819A91AF0F2F920B9FFE700208DF8A8
:10F9900087005CE29DF86F001D99199A1DABF7F77F
:10F9A0009FFA20B9FFE700208DF887004FE2FFE7BC
:10F9B0001A9801381A90DAE72DE29DF87F00262880
:10F9C0000AD0FFE79DF87F00272805D0FFE79DF8C4
:10F9D0007F00282847D1FFE720981E99013921F0A0
:10F9E0006BFE189018981DA91AF0C0F920B9FFE70E
:10F9F00000208DF887002AE21E9802381790FFE752
:10FA0000179801282EDBFFE720981799013921F07C
:10FA100053FE1890189816A91AF0A8F920B9FFE714
:10FA200000208DF8870012E22098179921F044FEFB
:10FA300000098DF857009DF8570024388DF85600BE
:10FA40009DF856001D99169A1DABF7F749FA20B993
:10FA5000FFE700208DF88700F9E1FFE717980238EB
:10FA60001790CDE7D6E19DF87F0029286AD1FFE7FE
:10FA70002098002121F020FE149014981DA91AF05E
:10FA800075F920B9FFE700208DF88700DFE12098A5
:10FA9000012121F011FE00098DF84F009DF84F0063
:10FAA00033281BD1FFE71D9815F020FD90B9FFE723
:10FAB0001D9815F0C7FB48B1FFE71D98006846F296
:10FAC0007051C0F60401884204D0FFE700208DF891
:10FAD0008700BCE102208DF84E002CE09DF84F001D
:10FAE0003F2805D0FFE79DF84F00402801D1FFE7F0
:10FAF0000BE048F25D50C0F604004AF69751C0F69C
:10FB000004014FF44B72F4F77DFA9DF84F10012079
:10FB10003F29029008D0FFE79DF84F004038B0FA27
:10FB200080F040090290FFE702989DF84F003F38AF
:10FB30008DF84E00FFE79DF84E001D991DF014FD55
:10FB40001D9066E19DF87F00052840F0CF80FFE71B
:10FB50002098002121F0B0FD12901298002800F0AA
:10FB6000C180FFE7129858B1FFE79DF84800800771
:10FB700030B9FFE712980079562800F0B380FFE70C
:10FB8000129858B1FFE79DF84800800730B9FFE7A9
:10FB900012980079572800F0A580FFE720980121EE
:10FBA00021F08AFD1190119800F00F00022840F01A
:10FBB0009880FFE71298002800F09380FFE79DF8F7
:10FBC00048008007002840F08C80FFE712980079F9
:10FBD0002C2840F08680FFE71298806800F00F0024
:10FBE00002287ED1FFE7129881684820B0EB111FF0
:10FBF00077D1FFE71298C068002872D0FFE712980B
:10FC0000007B800700286CD1FFE71298C06800795C
:10FC1000302866D1FFE71198000910901298C0684B
:10FC200080680F900F981AF013F9B8B9FFE746F201
:10FC3000A400C0F604004AF66A61C0F6040116F09A
:10FC40001FFA0E900E98209989690968129A126815
:10FC5000002312F027FE0E9820F0E8FE0F9819F00E
:10FC60006FFF0D90209828301099C90002310122B1
:10FC700010F0D8FC0C900C98406808B9FFE70BE036
:10FC80004AF6D140C0F604004AF69751C0F6040186
:10FC900040F25132F4F7B6F90C990D98486010987B
:10FCA00023F0B6F800785F2810D1FFE7209822F003
:10FCB00027F8209822F024F82098082200231946DB
:10FCC00022F07AFA01208DF88700C0E0209822F017
:10FCD00017F820980F9922F045FA00208DF8870038
:10FCE000B5E0FFE700208DF88700B0E09DF87F00C9
:10FCF0002C2840F08880FFE72098012121F0DCFCCF
:10FD00000B902098002121F0D7FC0A900B9800F06E
:10FD10000F0002280DD1FFE70A9850B1FFE79DF8C8
:10FD20002800800728B9FFE70A980079322804D014
:10FD3000FFE700208DF8870089E00A98099009986C
:10FD4000806800F00F00022801D1FFE70BE047F6C2
:10FD5000D170C0F604004AF69751C0F6040140F293
:10FD60007332F4F74FF90B980009089009988068EE
:10FD7000000907900898C000811C43F66010C0F687
:10FD80000400002210F04EFC0690069820B9FFE710
:10FD900000208DF887005AE006984068079904AA69
:10FDA00010F0FAF8049838B3FFE7049815F09EFBBA
:10FDB000F8B9FFE7049815F045FA48B1FFE7049851
:10FDC000006846F27051C0F60401884211D0FFE786
:10FDD000002088B9FFE7049815F034FA60B1FFE716
:10FDE0000498006846F22C41C0F60401884203D111
:10FDF000FFE7059820B1FFE700208DF8870026E097
:10FE000004981D9003E000208DF887001FE0FFE7B5
:10FE1000FFE7FFE7FFE71E980390FFE7039840B175
:10FE2000FFE7209821F06CFFFFE70398013803906B
:10FE3000F4E7209801901D9A002105F0CBFB0146C4
:10FE4000019822F08FF901208DF88700FFE79DF8D7
:10FE5000870022B080BD000080B58AB008908DF880
:10FE60001F1006929DF81F001E2805D0FFE79DF881
:10FE70001F001F2865D1FFE70698006805900598C8
:10FE80000490FFE70498D8B3FFE708980499013974
:10FE9000049121F011FC0390039808990A694969BB
:10FEA000059BD21A41F82200049808B9FFE727E021
:10FEB0009DF81F001E2811D1FFE703981AF04AF899
:10FEC00008B1FFE71CE003981AF03AF820B9FFE701
:10FED000059801380590FFE7FFE710E003981AF056
:10FEE0002FF808B1FFE70BE003981AF033F820B9B8
:10FEF000FFE7059801380590FFE7FFE7FFE7C1E757
:10FF000005980138059000200290FFE702980599B6
:10FF1000884208D2FFE7089821F0F2FEFFE7029836
:10FF200001300290F2E7059A06990868801A086085
:10FF3000069800680138B0FA80F040098DF8270073
:10FF400034E09DF81F0020282BD1FFE708980021FE
:10FF500021F0B2FB0190019819F0F2FF30B1FFE7F8
:10FF60000A2010211AF000F801900FE0019819F012
:10FF7000F1FF30B1FFE70A200E2119F0F5FF0190E3
:10FF800003E000208DF8270010E0FFE7089821F03B
:10FF9000B7FE0898019922F0E5F801208DF82700B6
:10FFA00004E0FFE700208DF82700FFE79DF8270019
:10FFB0000AB080BD82B08DED010ACDED000A9DED45
:10FFC000010A9DED001A30EE410A02B070470000B0
:10FFD00082B08DED010A019800900098C10D6FF07C
:10FFE0007E0050FA81F002B07047000082B08DEDC3
:10FFF000010A0198009000990020B1F17E5F38BF9E
:020000040801F1
:10000000012002B07047000082B08DED010A019816
:1000100000900098B0FA80F0400902B070470000EC
:1000200080B584B003900291019200200090FFE718
:1000300000980199884210DAFFE70398009900EBD5
:100040008100406813F096FB0299009A41F8220063
:10005000FFE7009801300090EAE704B080BD00009F
:1000600080B5A0B01E901D911D9800681C901D9831
:10007000406817A903F048F81D98806813F07AFBD0
:1000800016901D98C06813F075FB15904FF0FF3067
:1000900014901E98052806D3FFE71D98006913F0F9
:1000A00069FB1490FFE7002011901E9806280BD3DF
:1000B000FFE71D984069062806D0FFE71D984069B4
:1000C0000FA903F021F8FFE716981C998989884247
:1000D00014DAFFE715981C99C98988420EDAFFE700
:1000E00016984042BDF86810884207DAFFE7159875
:1000F0004042BDF86A10884203DBFFE706201F90EC
:10010000A0E01698B0F1FF3F03DCFFE70020059068
:1001100002E016980590FFE705980E901598B0F14B
:10012000FF3F03DCFFE70020049002E015980490F5
:10013000FFE704980D9016984042B0F1FF3F03DCB2
:10014000FFE70020039003E0169840420390FFE78A
:1001500003980C9015984042B0F1FF3F03DCFFE795
:100160000020029003E0159840420290FFE70298B9
:100170000B901C9880891699BDF86820114488421C
:1001800004DAFFE71C988089019005E01698BDF815
:10019000681008440190FFE701980A901C98C089F4
:1001A0001599BDF86A201144884204DAFFE71C98CB
:1001B000C089009005E01598BDF86A1008440090C9
:1001C000FFE700980990FFE70D980999884236DA11
:1001D000FFE70C9808900E980790FFE707980A9998
:1001E000884224DAFFE708990B9A17A803F06CF805
:1001F0000690119838B1FFE706990FA8002203F086
:1002000063F80690FFE706981499884207D0FFE745
:100210001C9807990D9A069B25F03EFFFFE708986A
:1002200001300890FFE7079801300790D6E70B9858
:1002300001300B90FFE70D9801300D90C4E70620C8
:100240001F90FFE71F9820B080BD0000B0B598B0A8
:100250001690159115980068149015980FA905220D
:10026000FFF7DEFE169900200729049006D3FFE76A
:100270001598806915F02EFA0490FFE7049800F0B5
:100280000100002818BF10200E90169808280AD3E5
:10029000FFE71598C06913F06DFA00F00F010E9892
:1002A00008430E9004E00E9840F00F000E90FFE718
:1002B000119898B9FFE7129880B9FFE714980F9941
:1002C000109A139BDDF838C00CF00F0CEE46CEF8F8
:1002D00000C025F0F7FE06201790B0E011984043CB
:1002E00040000D901298404340000C9011980B90E4
:1002F00000200A90119B129949430122A2EB43026C
:100300005143099111994943089107900C99119A09
:10031000514306910590FFE706980599884238DB1E
:10032000FFE714980B9BDDF828C00F99109A139CD7
:100330000E9DEE46CEF80850CEF80440CEF800C030
:10034000FEF7A0F80A9801300A900D990598084424
:10035000059008990798084407900D990898084453
:1003600008900799099800EB4100012810DBFFE78E
:100370000B9801380B900C990698401A0690099931
:100380000798084407900C99099808440990FFE7DA
:10039000C2E700200B9012990A91129949430991E2
:1003A0001199129B49430122A2EB43025143089148
:1003B000079006900D98129948430590FFE706981C
:1003C0000599884238DCFFE714980B9BDDF828C0BC
:1003D0000F99109A139C0E9DEE46CEF80850CEF859
:1003E0000440CEF800C0FEF74DF80B9801300B909A
:1003F0000C990698084406900999079808440790B4
:100400000C990998084409900799089800EB410055
:10041000012810DBFFE70A9801380A900D9905982A
:10042000401A059008990798084407900D99089874
:1004300008440890FFE7C2E706201790FFE71798E7
:1004400018B0B0BD80B586B00590049105980390B2
:10045000049813F08FF902900398817C01EB41021C
:1004600040F20C01C2F2000101EB8201D1F808C098
:100470008389C189DDF808E06A46C2F804E01160AA
:1004800000221146E047062006B080BD10B58AB0B4
:1004900009900891089800680790089802A9052219
:1004A000FFF7BEFD07980299039A049BDDF814C07C
:1004B000069CEE46CEF80440CEF800C0FEF72EFFB4
:1004C00006200AB010BD000080B584B003900291F0
:1004D000019203980090009840680299019A0DF0EB
:1004E000F9FE80F0010004B080BD000080B58AB044
:1004F00009900891089800680790089803A90422B9
:10050000FFF78EFD07980399049A059BDDF818C044
:10051000EE46CEF804C04FF0010CCEF800C0FEF756
:10052000FDFE06200AB080BD10B58AB00990089182
:10053000089800680790089802A90522FFF770FD47
:1005400007980299039A049BDDF814C0069CEE46B6
:10055000CEF80440CEF800C004F0D4F806200AB06B
:1005600010BD000080B586B00590049103920293FF
:10057000049803996B46002201921A600422052315
:1005800006F014FE019B04980299022200F002F882
:1005900006B080BD80B592B0119010910F920E936D
:1005A0001098406813F0E6F80D901098806813F0EA
:1005B000E1F80C901098C06813F0DCF80B901198DB
:1005C000052806D3FFE71098006913F0D3F80290CE
:1005D00002E00D980290FFE702980A900D9801281A
:1005E00018DBFFE70C98012814DBFFE70D98B0F546
:1005F000803F0FDAFFE70C98B0F5803F0ADAFFE79B
:100600000A98B0F5803F05DAFFE70A980D9988420D
:1006100003DAFFE700201AF025FE012009900C986C
:1006200008900D9807900C98013806900B9801904F
:1006300006283AD80199DFE801F00435250D0D1898
:1006400032000C98073020F007000890089808380E
:10065000069030E00A98073020F007000A900D98C5
:10066000073020F00700079025E00A98033020F0BB
:1006700003000A900D98033020F003000790022039
:10068000099018E00A98013020F001000A900D98B6
:10069000013020F001000790042009900BE00820B1
:1006A000099008E01020099005E047F28370C0F639
:1006B00004001AF0D7FD109800680F9A03A90DF0F6
:1006C00049FE06980A99089A121A079B5A4300FB9A
:1006D0000120099941430498B0EBD10F03D2FFE701
:1006E00000201AF0BFFD0E9848B9FFE746F25041CE
:1006F000C0F60401142015F0C5F90E90FFE710981C
:1007000000680E99486003980E9988600D980E99BC
:1007100088810C980E99C8810B980E9988740A9854
:100720000E9908820E9812B080BD000080B58AB084
:10073000089007910798006806900798406813F0A2
:1007400019F805900798806813F014F8049005983C
:1007500000282FD4FFE7059806998989884229DA6D
:10076000FFE70498002825D4FFE704980699C98973
:1007700088421FDAFFE70898032809D1FFE70698A7
:100780000599049A02F0A0FD40000130099014E0A0
:100790000698039005980190049802900798C06805
:1007A00012F0E8FF0199029A0346039825F074FCC1
:1007B000FFE7FFE706200990FFE709980AB080BD30
:1007C000D0B502AFACB06E4647F8100C47F8141C19
:1007D00057F8140C006847F8180C57F8140C4068C8
:1007E00012F0C8FF47F81C0C57F8140C806812F080
:1007F000C1FF47F8200C57F8140CC068A7F12C0172
:1008000001220DF0A7FD57F8280C47F8900C17F8B7
:10081000241C4020002207F0E9F8014657F8900C0C
:100820004900B0FBF1F047F8300C57F8300C20B914
:10083000FFE7062047F80C0C8FE257F8140C00690C
:1008400012F098FF47F8340C57F8101C00200629C6
:1008500047F8940C08D3FFE757F8140C406914F0DC
:1008600039FF47F8940CFFE757F8940C00F00100AB
:1008700007F8350C17F8350CC007002800F009827E
:10088000FFE76FF0004047F83C0C4FF0004047F89E
:10089000400C002047F8440CFFE757F8440C57F889
:1008A000301C88423BDAFFE757F8440C4000411CFB
:1008B000A7F12C0021F00AFA47F8480C57F83C0C35
:1008C00057F8481C884205DAFFE757F83C0C47F810
:1008D000980C04E057F8480C47F8980CFFE757F8D5
:1008E000980C47F83C0C57F8400C57F8481C8842C5
:1008F00005DDFFE757F8400C47F89C0C04E057F87B
:10090000480C47F89C0CFFE757F89C0C47F8400C44
:10091000FFE757F8440C013047F8440CBDE757F89F
:100920003C0C47F84C0CFFE757F84C0C57F8401CB0
:10093000884200F3AD81FFE757F8300C694647F86D
:10094000501C072101EB800121F007026946891A3A
:100950008D4647F8A41C47F8540C002147F8581C52
:10096000A7F12C0047F8A00C21F0B0F9014657F888
:10097000A00C47F85C1C012121F0A8F947F8600C95
:1009800057F8301C4FF0FF3000EB410047F8640C83
:10099000FFE757F8641C481E47F8640CA7F12C00C9
:1009A00047F8A80C21F092F9014657F8A80C47F82F
:1009B000681C57F8641C4A1E47F8642C21F086F91D
:1009C00047F86C0C57F8600C57F8681C884244D004
:1009D000FFE757F8600C57F84C1C884207DDFFE72B
:1009E00057F8680C57F84C1C88420EDDFFE757F8A3
:1009F000600C57F84C1C88422FDCFFE757F8680C56
:100A000057F84C1C884228DDFFE757F8A41C57F81C
:100A10005C2C57F86C0C801A57F84C3C57F860CC9B
:100A2000A3EB0C035843400157F8683CA3EB0C03BD
:100A300090FBF3F000EB42101030C21700EBD260D5
:100A4000401147F8700C57F8700C57F8582C531C8D
:100A500047F8583C41F822007AE057F84C0C47F828
:100A6000AC0C57F8600C57F8681C884205DDFFE7AE
:100A700057F8600C47F8B00C04E057F8680C47F8DA
:100A8000B00CFFE757F8AC0C57F8B01C88425ED1A9
:100A9000FFE757F8600C57F8681C884218DAFFE740
:100AA00057F8180C57F81C1C57F86C2C114457F8C1
:100AB000202C57F8683C1A4457F8343C82B0EE4674
:100AC0004FF0010CCEF800C025F0FCFA02B03DE07A
:100AD00057F8680C57F8601C884218DAFFE757F897
:100AE000180C57F81C1C57F85C2C114457F8202C94
:100AF00057F8603C1A4457F8343C82B0EE464FF049
:100B0000010CCEF800C025F0DDFA02B01DE057F868
:100B1000180C57F81C3C57F85C1C194457F820CCAB
:100B200057F8602C624457F86CEC734457F868EC43
:100B3000F44457F8344C82B0EE46CEF80440CEF878
:100B400000C003F0DFFD02B0FFE7FFE7FFE7FFE7CC
:100B500057F86C0C47F85C0C57F8680C47F8600CB9
:100B6000FFE757F8640CB0F1FF3F3FF712AFFFE724
:100B700057F8580C20B9FFE7072047F8740C78E0C5
:100B8000002047F8640CFFE757F8640C57F8581C2E
:100B90000139884234DAFFE757F8A40C57F8642C7F
:100BA00000EB820150F822004968884221DDFFE70E
:100BB00057F8A41C57F8640C51F8200047F8780C3B
:100BC00057F8642C01EB8200406841F8220057F886
:100BD000780C57F8642C01EB8201486057F8640CDC
:100BE00030B1FFE757F8640C013847F8640CFFE7B1
:100BF00005E057F8640C013047F8640CFFE7C3E7E1
:100C0000002047F8640CFFE757F8640C57F8581CAD
:100C100088422ADAFFE757F8A42C57F8180C57F83F
:100C20001C1C57F864CC02EB8C0352F82CC06144B6
:100C300057F8202C57F84CEC72445B68A3EB0C037C
:100C4000013357F834CC82B0EE46CEF804C04FF0F2
:100C5000010CCEF800C0FEF761FB02B0FFE757F8C9
:100C6000640C023047F8640CCEE7002047F8740C9F
:100C7000FFE757F8500C854657F8740C08B1FFE7AA
:100C800000E0FFE757F84C0C013047F84C0C4BE6FE
:100C90005FE0A7F12C0047F8B40C002121F016F812
:100CA000014657F8B40C47F87C1C012121F00EF8DE
:100CB00047F8800C57F8301C4FF0FF3000EB410034
:100CC00047F8840CFFE757F8841C481E47F8840C4B
:100CD000A7F12C0047F8B80C20F0F8FF014657F8B0
:100CE000B80C47F8881C57F8841C4A1E47F8842C17
:100CF00020F0ECFF47F88C0C57F8180C57F81C3C08
:100D000057F87C1C194457F820CC57F8802C6244C3
:100D100057F88CEC734457F888ECF44457F8344C8B
:100D200082B0EE46CEF80440CEF800C003F0EAFCF4
:100D300002B057F88C0C47F87C0C57F8880C47F831
:100D4000800CFFE757F8840CB0F1FF3FBBDCFFE7F6
:100D5000FFE7062047F80C0CFFE757F80C0CA7F14B
:100D60000804A546D0BD000010B58CB00B900A91C8
:100D70000A98006809900A9804A90522FFF750F91B
:100D80000B98072815D3FFE70A98806914F0A2FC96
:100D900078B1FFE709980499059A069BDDF81CC015
:100DA000089CEE46CEF80440CEF800C0FEF7B6FA36
:100DB00043E009980499059A069BDDF820C0EE46A9
:100DC000CEF804C04FF0010CCDF80CC0CEF800C036
:100DD000FEF7A4FADDF80CC009980499059A069B61
:100DE000DDF81CE07244013A089CEE46CEF804405F
:100DF000CEF800C0FEF792FA039B09980499059A71
:100E0000DDF81CC0089CEE46CEF80440CEF800C0C9
:100E1000FEF784FA039B09980499059ADDF818E017
:100E2000DDF81CC071440139089CEE46CEF8044040
:100E3000CEF800C0FEF772FAFFE706200CB010BD36
:100E400080B592B010900F910E9210980D900F985F
:100E500012F090FC0C900E9812F08CFC0B900C98F9
:100E6000B0F1FF3F14DCFFE70C9840420D998989EF
:100E7000884203DBFFE70620119079E000200A900A
:100E80000D9880890C99084408900120069013E081
:100E90000C980D998989884203DBFFE706201190A1
:100EA00066E00D98808901380A900C980138089006
:100EB0004FF0FF300690FFE70B98B0F1FF3F14DCD6
:100EC000FFE70B9840420D99C989884203DBFFE791
:100ED000062011904CE0002009900D98C0890B99D4
:100EE000084407900120059013E00B980D99C989DB
:100EF000884203DBFFE70620119039E00D98C08996
:100F0000013809900B98013807904FF0FF30059099
:100F1000FFE7FFE709980799884226D0FFE70A987C
:100F20000490FFE704980899884218D0FFE70D98CD
:100F3000039004990191099A02920C9BC91A0B9B88
:100F4000D21A02F0C1F90199029A0346039825F0DA
:100F5000A3F8FFE70699049808440490E2E7FFE746
:100F60000599099808440990D4E706201190FFE7F5
:100F7000119812B080BD000080B58CB00B900A9122
:100F80000A98006809900A98406817F0E5F90890F7
:100F90000A98806812F0EEFB07900A98C06812F079
:100FA000E9FB0690012005900B98052806D3FFE782
:100FB0000A98006912F0DEFB0590FFE7FFE708984A
:100FC0000078002860D0FFE7089800780490049823
:100FD000202804DBFFE70498802803DBFFE77F205D
:100FE0000490FFE7049942F28070C0F6040000EB21
:100FF000C100A0F58070039000200290FFE70298E6
:1010000007283CDCFFE70798002830D4FFE7079863
:101010000999898988422ADAFFE703980299405C96
:10102000019006980090FFE70198F8B1FFE79DF85E
:101030000400C00790B1FFE7009800280DD4FFE737
:1010400000980999C989884207DAFFE70998079942
:10105000009A059B25F020F8FFE7FFE7FFE70198DE
:1010600040080190009801300090DDE7FFE7FFE7BE
:10107000029801300290079801300790BFE7FFE720
:101080000898013008909AE706200CB080BD000057
:1010900080B58AB009900891089800680790089870
:1010A00003A90422FEF7BCFF07980399049A059B45
:1010B000DDF818E0EC46CCF804E0CCF80030012371
:1010C000FEF72CF906200AB080BD0000D0B502AFB3
:1010D00092B047F80C0C47F8101C47F8142C47F84E
:1010E000183C09F097FA57F80C0C47F81C0C57F805
:1010F0001C0CC06847F8280CFFE757F8280C411C67
:1011000047F8281C007807F83D0C17F83D0CC0F391
:10111000C30047F8200C17F83D0CC0F3800047F8D7
:101120002C0C002047F8300C17F83D1C01F003018F
:1011300047F8341C47F8380C47F83C0C47F8440C87
:10114000FFE717F83D0C000600285ED5FFE757F8CB
:10115000280C411C47F8281C007807F83D0C17F8AC
:101160003D0C00F0300057F8441C490000FA01F132
:1011700057F8200C084347F8200C17F83D0C00F0F6
:10118000020057F8441C00FA01F157F82C0C0843F0
:1011900047F82C0C17F83D0CC0F3801057F8441C8E
:1011A00000FA01F157F8300C084347F8300C17F8F3
:1011B0003D0C00F0040057F8441C00FA01F157F808
:1011C000340C084347F8340C17F83D0CC0F3C0004A
:1011D00057F8441C00FA01F157F8380C084347F857
:1011E000380C17F83D0C00F0010057F8441C00FAC9
:1011F00001F157F83C0C084347F83C0CFFE757F85F
:10120000440C013047F8440C9BE757F8200C0130A0
:1012100047F8200CFFE757F8200C800057F82C1CEB
:1012200001EB410100EB810047F8240C002047F856
:10123000480C57F8240C2D2808D3FFE757F8240C46
:10124000143004F057F947F8480CFFE757F8480CFA
:1012500070B9FFE757F8240C1B3020F007016846EF
:10126000401A854647F8480C002047F8240CFFE751
:1012700057F81C0C57F8481C086057F8200C57F812
:10128000481C888157F8480C57F8101C57F8142C44
:1012900057F8183C1BF03AFB0DF076FA57F8481C4B
:1012A000086157F81C0C406840680DF0A3FA57F825
:1012B000480C00210AF004FC07F8490C57F8480CC8
:1012C00000690DF097FA17F8490C38B9FFE757F89D
:1012D000480C8068006847F8500C17E017F8490C74
:1012E000022801D1FFE70BE049F68B50C0F604005D
:1012F00049F6B451C0F6040140F24F12F2F782FEF3
:1013000057F8480C406947F8500CFFE757F8240C91
:1013100028B1FFE757F8480C04F0AAF8FFE717F8E0
:10132000490C30B9FFE757F8500CA7F10804A5465F
:10133000D0BD57F8500C1FF079FB000080B586B087
:10134000059004918DF80F20049802900598019063
:10135000049811F011FF02460198029B49F675515D
:10136000C0F6040119F052FE06B080BD80B586B00B
:101370000590049103920293002078B9FFE7059845
:1013800013F0C4FE50B1FFE70598006846F2BC4177
:10139000C0F60401884201D1FFE70AE049F6834024
:1013A000C0F6040049F6B451C0F604013722F2F742
:1013B00029FE05980190049803996A46002313605A
:1013C0001A4606F02BF801984068804706B080BDA9
:1013D00080B586B00590049103920293002078B9FD
:1013E000FFE7059813F092FE50B1FFE705980068FB
:1013F00046F2D441C0F60401884201D1FFE70AE079
:1014000049F6B340C0F6040049F6B451C0F60401F1
:101410004322F2F7F7FD05980190049803996B4673
:1014200000221A6001231A4605F0F8FF019841686E
:1014300002980068884706B080BD000080B586B07D
:101440000590049103920293002078B9FFE7059874
:1014500013F05CFE50B1FFE70598006846F2EC41DE
:10146000C0F60401884201D1FFE70AE049F6E340F3
:10147000C0F6040049F6B451C0F604014F22F2F759
:10148000C1FD05980190049803996B4600221A60EB
:1014900002231A4605F0C2FF0198426802990868C3
:1014A0004968904706B080BD80B586B0059004912C
:1014B00003920293002078B9FFE7059813F026FE07
:1014C00050B1FFE70598006846F20451C0F60401E8
:1014D000884201D1FFE70AE049F61350C0F6040044
:1014E00049F6B451C0F604015B22F2F78BFD059872
:1014F0000190049803996B4600221A6003231A4650
:1015000005F08CFF01984368029A10685168926850
:10151000984706B080BD000080B58AB0089007915A
:1015200006920593002078B9FFE7089813F0EEFDC6
:1015300050B1FFE70898006846F21C51C0F604015C
:10154000884201D1FFE70AE049F64350C0F60400A3
:1015500049F6B451C0F604016722F2F753FD08982A
:10156000049007980699049A526806F0A9F804981E
:101570000079C00788B1FFE706990598079A00EB44
:10158000820201A800900FF029F8009A049883685D
:10159000079805999847099006E00498826807988B
:1015A000059990470990FFE709980AB080BD0000AF
:1015B00084B0039002910192029A019B46F2EC00E2
:1015C000C0F6040047F60851C0F6040119F066FEA3
:1015D00080B590B00E900D919DF8340000F00100A0
:1015E0008DF833000E980F3000090B900B9818B946
:1015F000FFE700200F9031E140F60840C2F2010001
:101600000089012803DBFFE700200F9026E140F668
:101610000840C2F20100B0F88C02B0FA80F0400934
:101620000590059880B9FFE740F60841C2F2010134
:10163000D1F89002D1F89412884205D3FFE700F068
:1016400011F901200590FFE7FFE740F60840C2F2DC
:10165000010000F5B6700A90FFE70A98002872D0E2
:10166000FFE7002006900A9840690990FFE7099873
:101670000A994968884261D2FFE70A980068099987
:10168000405C8DF813009DF81300800760B9FFE7F8
:101690000698013006900B99884204D3FFE7099819
:1016A000800009905AE002E000200690FFE79DF8D4
:1016B000130010F00C0F0DD1FFE7069801300690D3
:1016C0000B99884205D3FFE7099880000130099003
:1016D00044E002E000200690FFE79DF8130010F0C0
:1016E000300F0DD1FFE70698013006900B99884224
:1016F00005D3FFE709988000023009902EE002E050
:1017000000200690FFE79DF8130010F0C00F0DD1E8
:10171000FFE70698013006900B99884205D3FFE752
:10172000099880000330099018E002E0002006903C
:10173000FFE7FFE709980130099098E7FFE70020ED
:101740000A90099089E7059818B1FFE700200F90EB
:1017500084E000F087F80120059076E7099808906A
:1017600009980699401A013007900698012806D179
:10177000FFE70998013080080A994861FFE70A9855
:1017800080690899884204D9FFE70A988069019026
:1017900002E008980190FFE701980A998861FFE745
:1017A000079800F003014A00012101FA02F30A99A7
:1017B00009688208885C18438854FFE7079801305D
:1017C0000390FFE703980899884214D8FFE7FFE7E2
:1017D000039800F003014A00022101FA02F30A997A
:1017E00009688208885C18438854FFE7FFE703987C
:1017F00001300390E6E70A98C068079900EB0110F2
:1018000002900B9A40F60841C2F20101D1F8900211
:101810001044C1F8900202980899079A8A1A102178
:1018200001EB0211EFF7F6F89DF83300C00790B115
:10183000FFE7029900200860FFE7079800F0070221
:10184000012101FA02F30A998968C208885C1843E9
:101850008854FFE7FFE702980F90FFE70F9810B05A
:1018600080BD000080B500F089F800F083FB00F037
:1018700001F880BD80B582B000F0BEF801F072F8CA
:1018800000F0EEFF40F60840C2F2010000F5B6702D
:101890000190FFE7019838B1FFE701990020486106
:1018A000FFE700200190F5E740F60841C2F2010190
:1018B000088920F00100088102B080BD80B586B0A3
:1018C0000590049140F60840C2F2010000F5B670A0
:1018D000039000200290FFE70298049988424BD2BF
:1018E000FFE70598029900F03BFB01909DF804008A
:1018F0000007A0B9FFE7019840F60841C2F20101D4
:10190000D1F8781188420AD3FFE7019840F60841E0
:10191000C2F20101D1F87C11884201D3FFE727E030
:1019200001980399C968401A00090090039800685B
:1019300000998A08805C01F003014900C84000F06A
:101940000300012813D1FFE7FFE7009800F003012F
:101950004A00032101FA02F3039909688208885CAE
:1019600018438854FFE7009800F03EFCFFE7FFE7CC
:10197000029801300290AFE706B080BD80B584B018
:1019800000F018F840F60840C2F201000021C0F84B
:10199000901203900C200290D82001900398029A94
:1019A00022F0030108440199891A8908FFF786FF8C
:1019B00004B080BD40F60840C2F201000089C007B3
:1019C00008B9FFE70BE049F24500C0F6040049F210
:1019D0002A11C0F6040140F2A112F2F713FB40F6FF
:1019E0000841C2F20101088940F00100088100208D
:1019F000C1F888017047000080B582B0FFE740F66B
:101A00000840C2F20100D0F88801A0B3FFE740F619
:101A10000840C2F201000021C0F8881100F5B6703C
:101A20000190FFE7019828B3FFE700200090FFE74F
:101A3000009801994968B0EB810F17D2FFE7019830
:101A4000006800998A08805C01F003014900C840E1
:101A500000F00300032804D1FFE7009800F0C4FB66
:101A6000FFE7FFE7009801300090E1E7FFE7002083
:101A70000190D7E7C3E702B080BD000040F60841FF
:101A8000C2F201010020A1F88C020620704700007C
:101A900080B588B0079040F60840C2F2010000F51A
:101AA000B6700690FFE70698002800F02681FFE751
:101AB00007980699CA6849F27D01C0F6040119F039
:101AC000A5FA00200590FFE7059806994968B0EB54
:101AD000810F80F00781FFE79DF814008006002841
:101AE0004CD1FFE705980490FFE7049906984268F7
:101AF0000020B1EB820F019010D2FFE7069800683A
:101B000004998A08805C01F003014900C84000F094
:101B10000300B0FA80F040090190FFE70198C00788
:101B200020B1FFE7049801300490DEE7049805999E
:101B3000401A802818D3FFE707980499059A891A54
:101B40008A0949F21901C0F6040119F05FFA0498F4
:101B500020F03F000590059806994968B0EB810F89
:101B600001D3FFE7BEE0FFE7079805990A0148F6B1
:101B70008C71C0F6040119F049FAFFE720200390A8
:101B80000698006805998A08805C01F00301490005
:101B9000C84000F0030001460091032800F2958040
:101BA0000099DFE801F002058C8F2E2003908CE075
:101BB0000698C068059900EB011002900298006831
:101BC00046F67801C0F60401884203D1FFE75420AD
:101BD000039073E00298006846F2CC51C0F604010D
:101BE000884203D1FFE74C20039066E0029800682A
:101BF00046F28831C0F60401884203D1FFE7442051
:101C0000039059E00298006846F60001C0F604010E
:101C1000884209D0FFE70298006846F27021C0F6BA
:101C20000401884203D1FFE75320039043E0029868
:101C3000006846F23C21C0F60401884203D1FFE768
:101C40004120039036E00298006846F27C11C0F60D
:101C50000401884203D1FFE74120039029E0029864
:101C6000006846F22C41C0F60401884203D1FFE728
:101C7000462003901CE00298006846F29C41C0F6A2
:101C80000401884203D1FFE7422003900FE002984D
:101C9000006846F24861C0F60401884203D1FFE7BC
:101CA0004D20039002E068200390FFE7FFE7FFE785
:101CB000FFE7FFE7FFE7FFE7FFE7FFE705E03D207E
:101CC000039002E06D200390FFE70798039A4AF221
:101CD000D011C0F6040119F099F9FFE70598013019
:101CE0000590F1E6079849F29C41C0F6040119F00D
:101CF0005BF8FFE700200690D5E608B080BD000045
:101D000080B58AB0099002A800F05EF90998029A9D
:101D1000039B0499EC46CCF8001049F2F111C0F68F
:101D2000040119F073F90998DDF814E0069A079B8D
:101D30000899EC46CCF804E0CCF8001048F646715F
:101D4000C0F6040119F062F90AB080BD40F60841FE
:101D5000C2F201010120A1F88C02062070470000A8
:101D600086B0059040F60840C2F2010000894008A4
:101D700008B1FFE7F1E0059808B9FFE7EDE09DF84D
:101D800014000007A8B9FFE7059840F60841C2F221
:101D90000101D1F8781188420BD3FFE7059840F68E
:101DA0000841C2F20101D1F87C11884201D2FFE75B
:101DB0000BE049F23500C0F6040049F22A11C0F6E2
:101DC000040140F2B232F2F71DF900209DF8141020
:101DD00009070290C9B9FFE7059940F60840C2F229
:101DE0000100D0F878210020914202900DD3FFE746
:101DF000059940F60840C2F20100D0F87C2100208D
:101E0000914238BF01200290FFE7029840F6084057
:101E1000C2F2010000F5B670049005980499C968F3
:101E2000401A000903900498006803998A08805CAE
:101E300001F003014900C84000F00300012816D05A
:101E4000FFE70498006803998A08805C01F00301A9
:101E50004900C84000F00300032809D1FFE740F61D
:101E60000840C2F201000089C00708B1FFE70BE09B
:101E700048F69470C0F6040049F22A11C0F6040135
:101E80004FF46E72F2F7BEF80498006803998A085E
:101E9000805C01F003014900C84000F0030101200B
:101EA000012901901CD0FFE70498006803998A0873
:101EB000805C01F003014900C84000F003010020EC
:101EC0000329009009D1FFE740F60840C2F2010063
:101ED000008900F001000090FFE700980190FFE703
:101EE0000198FFE7039800F00702012101FA02F3CD
:101EF00004998968C208885C98438854FFE703996D
:101F000004984069B0EB910F05D9FFE7039880086A
:101F100004994861FFE7FFE7FFE7039800F003013A
:101F20004A00032101FA02F3049909688208885CD7
:101F300098438854FFE7039801300390FFE7049823
:101F4000006803998A08805C01F003014900C840D9
:101F500000F003000228DFD0FFE706B07047000062
:101F600082B0019000910198009950F8210002B0D0
:101F70007047000080B58CB002A8009000F00EF809
:101F8000009A0192019840F60841C2F201010968E5
:101F9000891A8908FFF792FC0CB080BD81B00090CF
:101FA0000098046045608660C7604146016149460B
:101FB0004161514681615946C161C0F820C06946FE
:101FC000416201B07047000088B007900799002077
:101FD000086007994860079988600799C860079961
:101FE0000861079948610799886140F60840C2F284
:101FF000010000F5B6700690FFE70698002800F093
:10200000AA80FFE700208DF817000699CA680969C1
:102010008B1A079A1168194411600490039002907A
:10202000FFE79DF81700C007002840F09080FFE709
:102030000698006804998A08805C01F00301490051
:10204000C84000F0030001900198009003281ED8BA
:102050000099DFE801F0020C131B07998868013032
:102060008860029801300290002003900FE00799E9
:102070004868013048600120039008E007994868EB
:102080000130486003980130039000E0FFE70498B6
:1020900001300490049806994968A0EB8100B0FAD9
:1020A00080F040098DF817009DF81700C00768B947
:1020B000FFE70698006804998A08805C01F0030134
:1020C0004900C84000F003000190FFE79DF81700A9
:1020D000C00738B9FFE7019820B1FFE70198012850
:1020E00034D1FFE70398012805D1FFE70799086974
:1020F0000130086109E00398022805D1FFE707993C
:10210000486901304861FFE7FFE70398079989694B
:10211000884204D9FFE7039807998861FFE79DF893
:102120001700C00720B9FFE7019801280DD1FFE78C
:1021300002980799C968884204D9FFE7029807996D
:10214000C860FFE700200290FFE7FFE769E7FFE7CD
:102150000020069051E707994868000148600799F8
:1021600088680001886008B07047000080B584B0BE
:1021700003900291029820F00F0002900399029AB6
:1021800040F60840C2F20100019000F5B67000F080
:102190000FFB0199002008810122A1F88C224FF049
:1021A000FF32C1F89422C1F8900204B080BD000053
:1021B00040F60840C2F201000089002818BF012043
:1021C0007047000080B540F60840C2F20100B0F848
:1021D0008C0213F0D5FC80BD40F60841C2F201012B
:1021E00008890230088170478AB009900020089061
:1021F000FFE740F60840C2F2010000F5B670079014
:1022000000200690FFE7069801300690FFE7079848
:1022100000680999069A11448A08805C01F003015C
:102220004900C84000F003000228ECD0FFE70799FE
:102230000998069A0244C868096900EB02108842AE
:1022400001D8FFE70BE049F24D10C0F6040049F257
:102250002A11C0F604014FF4EE72F1F7D3FE07988D
:10226000C068099900EB0110059006994FF6FC70C3
:10227000C3F6FF7000EA81000490FFE7049800288D
:1022800065D0FFE70598006803909DF80C000007F3
:10229000A0B9FFE7039840F60841C2F20101D1F866
:1022A000781188420AD3FFE7039840F60841C2F24A
:1022B0000101D1F87C11884201D3FFE740E0079883
:1022C000029003980299C968401A00090190029887
:1022D000006801998A08805C01F003014900C84048
:1022E00000F00300012801D0FFE729E0FFE7019893
:1022F00000F003014A00032101FA02F30299096880
:102300008208885C18438854FFE708983F280ED855
:10231000FFE70198089A40F60841C2F2010101EB7B
:102320008201C1F88C0108980130089007E040F65E
:102330000841C2F201010120C1F88801FFE7FFE76F
:1023400004980138049005980430059096E70898A1
:1023500008B9FFE70DE0089801380890089940F6A1
:102360000840C2F2010000EB8100D0F88C01099016
:102370003FE70AB07047000080B588B001A8FFF7BA
:1023800023FE02984000013008B080BD80B588B0BF
:1023900001A8FFF719FE03984000013008B080BD86
:1023A00085B003909DF80C000007E0B9FFE70398A3
:1023B00040F60841C2F20101D1F87811884212D3E7
:1023C000FFE7039840F60841C2F20101D1F87C1101
:1023D000884208D2FFE740F60840C2F2010000F54B
:1023E000B670029002E000200290FFE7029880B3EE
:1023F000FFE703980299C968401A00090190029802
:10240000006801998A08805C01F003014900C84016
:1024100000F0030001281BD1FFE700200090FFE738
:10242000009801300090FFE7029800680199009A37
:1024300011448A08805C01F003014900C84000F0A3
:1024400003000228ECD0FFE700980001049003E0AD
:10245000FFE700200490FFE7049805B070470000F4
:1024600080B596B0149013918DF84B20149830B924
:10247000FFE713980021FFF7ABF8159094E113984C
:1024800030B9FFE71498FFF76BFC002015908BE143
:1024900040F60840C2F201000089012803DBFFE793
:1024A0000020159080E1149811909DF844000007D9
:1024B000A8B9FFE7119840F60841C2F20101D1F82E
:1024C000781188420BD3FFE7119840F60841C2F219
:1024D0000101D1F87C11884201D2FFE70BE049F2FB
:1024E0003500C0F6040049F22A11C0F6040140F29A
:1024F0001942F1F787FD00209DF84410090702906A
:10250000C9B9FFE7119940F60840C2F20100D0F8BE
:1025100078210020914202900DD3FFE7119940F6F7
:102520000840C2F20100D0F87C210020914238BF5F
:1025300001200290FFE7029840F60840C2F2010035
:1025400000F5B670109011981099C968401A0009EA
:102550000F90109800680F998A08805C01F00301C1
:102560004900C84000F00300012801D1FFE70BE05B
:1025700049F2E300C0F6040049F22A11C0F6040152
:1025800040F21D42F1F73EFD13980F3000090E9006
:1025900000200D9001200C901098406880000B9056
:1025A0000F980C9908440A90FFE70A980B99884203
:1025B0002BD2FFE7109800680A998A08805C01F026
:1025C00003014900C84000F003008DF827009DF882
:1025D0002700022804D1FFE70C9801300C9010E08E
:1025E0009DF8270060B9FFE70D9801300D900C9819
:1025F0000D9908440E99884201D3FFE705E000E0F9
:1026000003E00A9801300A90CFE70E980C998842AF
:1026100003D1FFE714981590C6E00E980C998842F4
:1026200036D2FFE70F980E99084408900C980E993F
:10263000401A0790FFE70798B8B1FFE7FFE708984F
:1026400000F003014A00032101FA02F3109909681E
:102650008208885C98438854FFE7FFE708980130B8
:102660000890079801380790E5E70F980E99014404
:1026700010984069B0EB910F07D9FFE70F980E99BA
:102680000844800810994861FFE7149815908BE082
:102690000E980C990D9A1144884257D8FFE70F986D
:1026A0000E99084406900F980C9908440590FFE78E
:1026B0000598069988422DD2FFE710980068059981
:1026C0008A08805C01F003014900C840800708B90E
:1026D000FFE70BE049F20810C0F6040049F22A11A6
:1026E000C0F6040140F26342F1F78CFCFFE7059865
:1026F00000F003014A00022101FA02F3109909686F
:102700008208885C18438854FFE7FFE7059801308A
:102710000590CDE7109880690699884204D9FFE7B3
:1027200010988069019002E006980190FFE70198F7
:102730001099886114980C9A00EB02100E99891A6E
:102740000901EEF767F9149815902DE0109880684C
:102750000F99CA08805C01F00701C84000F0010031
:102760008DF813009DF84B00C00718B9FFE7002053
:10277000159019E013989DF8131001F00101FEF770
:1027800027FF0390039818B9FFE7002015900BE08E
:10279000039814990C9A1201EEF73EF81498FFF77B
:1027A000DFFA03981590FFE7159816B080BD00007A
:1027B00080B586B005900491039203980499401A5D
:1027C000029002996FF0070000EBC10042F6F3415E
:1027D000CFF62321A0FB0110400A05994860049818
:1027E0000599086005984168072000EB8100C00842
:1027F0000190059908684A6810440130886005987E
:1028000040688000009003980099A0EB01100599A2
:10281000C86003980599086105988168C068019AA5
:102820001144884201D3FFE70AE049F29D10C0F647
:10283000040049F22A11C0F60401AA22F1F7E2FBD2
:10284000059A01991068526811440131EEF7E2F8D7
:102850000599002048610599886106B080BD000097
:1028600086B00020059040F60840C2F2010000F555
:10287000B6700490FFE70498002871D0FFE70020AD
:102880000390049841688069B0EB810F01D8FFE79D
:102890000BE049F29800C0F6040049F22A11C0F694
:1028A00004014FF41C72F1F7ADFB00200290FFE72A
:1028B00002980499896988424BD8FFE70498006818
:1028C00002998A08805C01F003014900C84000F0C9
:1028D000030001460191012808D0FFE70198022872
:1028E00007D0FFE7019803281AD02DE001200590BA
:1028F000FFE7059880B1FFE7FFE7029800F00301CA
:102900004A00032101FA02F3049909688208885CED
:1029100098438854FFE702E002980390FFE713E032
:10292000FFE7029800F003014A00022101FA02F3D6
:10293000049909688208885C98438854FFE700205E
:10294000059002980390FFE7FFE70298013002909C
:10295000AEE7039804998861FFE7002004908AE7B6
:1029600006B0704780B588B040F60840C2F201005A
:1029700000F5B6700790FFE70798002800F0828006
:10298000FFE7079841688069B0EB810F01D8FFE746
:102990000BE049F29800C0F6040049F22A11C0F693
:1029A000040140F23E22F1F72DFB07988069C00830
:1029B000069000200590FFE70598069988425DD8AB
:1029C000FFE7079880680599405C8DF8130005982B
:1029D000C0000390FFE79DF81300002849D0FFE7EF
:1029E0009DF81300C007D8B3FFE707980068039964
:1029F0008A08805C01F003014900C84000F0030030
:102A000001282CD1FFE703990798C06800EB01105B
:102A100002900298006898B1FFE702984FF4A57100
:102A20006A460DF0B9FA009848B1FFE719F0A6FA26
:102A30000098019906F0ACFE19F04AFBFFE7FFE7AA
:102A4000FFE7039800F00702012101FA02F307995A
:102A50008968C208885C98438854FFE7FFE7FFE76E
:102A60009DF8130040088DF813000398013003907F
:102A7000B1E7FFE70598013005909DE7FFE70020EB
:102A8000079079E708B080BD80B584B002900191CD
:102A90000298C0B9FFE740F60840C2F20100D0F842
:102AA0009402013020B9FFE74FF0FF30039029E096
:102AB00040F60840C2F20100D0F89402000113F081
:102AC00039FD03901EE00198006810F053FE00905D
:102AD0000098B0F1FF3F09DCFFE740F60841C2F281
:102AE00001014FF0FF30C1F8940208E0009800099E
:102AF00040F60841C2F20101C1F89402FFE7062046
:102B00000390FFE7039804B080BD000040F6084141
:102B1000C2F20101088902380881704780B584B08B
:102B20000290029843F6F002C0F60402062101ABBF
:102B300010F0D6FB01460091012804D0FFE7009871
:102B400002280AD01AE046F23800C0F6040049F61E
:102B50006A61C0F6040118F08FFB019810F08EFE38
:102B600045F67061C0F6040112F042FD18B1FFE7AE
:102B70000620039005E001981DF058FF0620039001
:102B8000FFE7039804B080BD80B582B00190019842
:102B9000062100231A4600F061F802B080BD000053
:102BA00080B584B003900291039801900198406829
:102BB00030B9FFE749F6F950C0F6040018F052FBAF
:102BC000019840680090029801994860009804B00C
:102BD00080BD000080B586B0059004918DF80F206F
:102BE00004980290059801900298806810F0C4FA49
:102BF00002460198029B49F6DB51C0F6040118F029
:102C000005FA06B080BD000080B582B00190009149
:102C1000019800990022012300F020F802B080BD45
:102C200080B584B0039002910298406801900398A7
:102C3000032809D3FFE702988068062804D0FFE73D
:102C4000029880680190FFE702980068019A0621C7
:102C5000012300F003F804B080BD000080B588B007
:102C60000690059104928DF80F3006980599049A04
:102C700002AB10F035FB0146019140B1FFE701982E
:102C8000012819D0FFE70198022818D000E0FFE7DB
:102C90000298062803D1FFE700200290FFE79DF885
:102CA0000F00C00718B1FFE7029818F0ADFA0298BC
:102CB0000DF012FC079005E00298079002E00298E0
:102CC0001DF0B4FE079808B080BD000080B590B03C
:102CD0000F900E910D920C930F980B900B98C0686B
:102CE0000A90FFE70A98411C0A9100788DF80F00BE
:102CF0009DF80F00C0F3C30009909DF80F00C0F3CA
:102D000080000890002007909DF80F1001F003014B
:102D10000691059004900290FFE79DF80F000006D1
:102D2000002848D5FFE70A98411C0A9100788DF8E1
:102D30000F009DF80F0000F030000299490000FAE2
:102D400001F10998084309909DF80F0000F0020076
:102D5000029900FA01F10898084308909DF80F00C5
:102D6000C0F38010029900FA01F107980843079018
:102D70009DF80F0000F00400029900FA01F1069896
:102D8000084306909DF80F00C0F3C000029900FAB6
:102D900001F10598084305909DF80F0000F001002F
:102DA000029900FA01F1049808430490FFE70298A1
:102DB00001300290B1E7099801300990FFE70998C6
:102DC0000899800001EB410100EB81001C3046F2C4
:102DD0003451C0F6040112F055FE0190019906200D
:102DE00048600B9801998860099801998882019838
:102DF00008300E990D9A0C9B19F088FD019810B0BF
:102E000080BD000080B586B00490039102920498C2
:102E100001900F2862D80199DFE801F0080F161E13
:102E2000262E36416060606060604C5603980299BF
:102E3000405C4000013005905CE0039802994056E8
:102E400040000130059055E00398029930F81100D8
:102E50004000013005904DE00398029930F91100CF
:102E600040000130059045E00398029950F8210098
:102E700013F0F4FB05903DE00398029950F821000F
:102E800013F058FB059035E00398029A00EBC2015D
:102E900050F83200496813F0F9FB05902AE00398D6
:102EA000029A00EBC20150F83200496813F09EFB11
:102EB00005901FE00398029900EB810090ED000A55
:102EC00013F03EFA059015E00398029900EBC1005B
:102ED00090ED000B13F014FA05900BE04AF6DC704D
:102EE000C0F6040047F61F21C0F604014FF4B47287
:102EF000F1F788F8059806B080BD000084B0029014
:102F000001910298009040B1FFE70098022808D094
:102F1000FFE70098042808D00BE0019800780390A0
:102F200013E00198008803900FE001980068039077
:102F30000BE04AF6DC70C0F6040047F61F21C0F62D
:102F400004014FF49E72F1F75DF8039804B07047E6
:102F500080B582B00190019816F0C8FE02B080BD25
:102F600080B584B00390039800680290012001901E
:102F7000FFE70298411C0291407829F089FB20B1BB
:102F8000FFE7019801300190F3E703980068019989
:102F90000A22002317F03CFA40100090029803998F
:102FA0000860009804B080BD84B002900298006868
:102FB00000788DF807009DF8070001460091212850
:102FC00009D0FFE700983C38032808D3FFE70098B2
:102FD000402804D004E03E208DF8070004E003E020
:102FE00040208DF80F0008E0029908680130086061
:102FF0009DF807008DF80F00FFE79DF80F0004B063
:103000007047000083B0019000200090FFE7009817
:10301000212819D8FFE7009943F24400C0F60400C4
:1030200030F811000199884209D3FFE7009943F273
:103030004400C0F6040030F8110002900BE0FFE7F6
:10304000009801300090E2E7019800EB500040F05A
:1030500001000290FFE7029803B0704780B588B086
:1030600006900591049200200390FFE70598411E09
:103070000591C8B1FFE706981DF02CFC0698006981
:103080000290029829F088FB20B9FFE700208DF814
:103090001F0010E003980190029829F0B9FB0199F4
:1030A00000EB01100390E1E7039804990860012008
:1030B0008DF81F00FFE79DF81F0008B080BD0000DD
:1030C00080B582B00090009811F09CFE08B1FFE737
:1030D0000AE049F68930C0F6040049F6BB31C0F673
:1030E00004017922F0F78EFF009811F005FF18B166
:1030F000FFE70098019003E0009800690190FFE766
:10310000019802B080BD000080B586B005900491A2
:10311000059846F25041C0F604010EF089FD039077
:103120000398A8B1FFE70499DDF80CE0DEF8000091
:10313000DEF80420DEF80830DEF80CC0DEF810E01F
:10314000C1F810E0C1F80CC08B604A60086016E05E
:10315000059802A901AA10F06BF90298042804D37B
:10316000FFE70298062803D3FFE7002018F07AF85B
:1031700002980199049B0122FDF70CFAFFE706B0C3
:1031800080BD000082B08DF807009DF8071046F65C
:103190008C70C0F60400405C00909DF80700642825
:1031A00005D3FFE7009840F480700090FFE7009996
:1031B00046F60440C0F6040000EB410002B0704740
:1031C00080B58AB00990089107920693099812F089
:1031D000D5F838B1FFE70998C00804A91FF0B0FB83
:1031E000059006E00998806804900998C0680590E9
:1031F000FFE70898002843D0FFE7099810F03EFB4E
:10320000039005980499084402900898022813D363
:10321000FFE70798406806280ED0FFE70398059956
:10322000049A079B5B68EE464FF0010CCEF800C095
:1032300024F040FB0290FFE70798006806280ED0B4
:10324000FFE703980599049A079B1B68EE464FF029
:10325000010CCEF800C024F02DFB0590FFE702988A
:103260000599401A012805DBFFE702980599401AE5
:10327000019002E000200190FFE701980490FFE731
:10328000069820B1FFE7049806990860FFE70598C3
:103290000AB080BD80B584B003900291019201997B
:1032A0003C20002918BF3E208DF803009DF8030044
:1032B000039A4CF6EC21C0F60401895C029A02AB39
:1032C00004F0A2FC04B080BD80B584B003900291EC
:1032D00001920398817C01EB410240F20C01C2F2A1
:1032E000000101EB82014B680299019A984704B0F2
:1032F00080BD000080B586B0DDF824C0DDF820C0B8
:10330000059004910392029304980190FFE70198BD
:103310000499029A114488421AD2FFE70398009058
:10332000FFE700980399089A114488420BD2FFE7FF
:1033300005980199009A099B00F02AF8FFE7009888
:1033400001300090EDE7FFE7019801300190DEE7E2
:1033500006B080BD84B0039002910192039A9068F8
:10336000029B0199128A01FB02318908405C8DF8A9
:103370000300029800F0030040008DF802009DF861
:1033800003009DF80210C84000F0030004B070472D
:1033900086B00590049103920293059A9068049B6D
:1033A0000399128A01FB023100EB9100019004980D
:1033B00000F0030040008DF803009DF80310032087
:1033C00088408DF80200029800F003009DF8031079
:1033D00088408DF801009DF8010001990A789DF858
:1033E00002309A431043087006B0704780B58AB027
:1033F000DDF834C0DDF830C00990089107920693DB
:103400000D9800F00F000D90099A9068089B07999D
:10341000128A01FB023100EB510005900D9800016A
:103420008DF813009DF813000D9908438DF81200D4
:103430000998008A0699401A400803909DF82000D8
:1034400000F001008DF80B00FFE70C98411E0C9175
:10345000002840D0FFE7069801909DF80B00C007B8
:1034600088B1FFE7019870B1FFE70599087800F08F
:10347000F0000D9A104308700598013005900198EE
:1034800001380190FFE705989DF81220019949083D
:10349000EDF7B8FA0199059800EB510005909DF8F9
:1034A0000400C00790B1FFE79DF8130005990A7862
:1034B00002F00F02104308709DF80B00C00720B9FE
:1034C000FFE7059801300590FFE7FFE703990598AE
:1034D00008440590B9E70AB080BD000084B00290AE
:1034E000019100929DF80400C00768B1FFE7029ABD
:1034F0009068019B0099128A01FB02314908405CE7
:1035000000F00F0003900BE0029A9068019B009975
:10351000128A01FB02314908405C00090390FFE771
:10352000039804B07047000085B0049003910292A4
:103530000193049A9068039B0299128A01FB02315D
:1035400000EB510000909DF80C00C00750B1FFE760
:10355000019800F00F0000990A7802F0F002104480
:10356000087008E0019A0099087800F00F0040EA1E
:1035700002100870FFE705B07047000080B586B004
:10358000DDF824C0DDF820C0059004910392029379
:10359000059A9068049B0399128A01FB0231084442
:1035A0000190FFE70898411E089160B1FFE701987C
:1035B0009DF824200299EDF725FA0598018A0198D3
:1035C00008440190EEE706B080BD000083B0029091
:1035D00001910092029A9068019B0099128A01FB66
:1035E0000231405C03B0704785B0049003910292B1
:1035F0000193049A9068039B0299128A01FB02319D
:103600000844009001980099087005B070470000C8
:1036100080B582B0019001980079C00730B1FFE712
:1036200047F29270C0F6040017F01CFE02B080BD95
:1036300080B588B00790079806900698FFF7E8FFD6
:1036400006990120087102A80190202129F0E0FECE
:1036500006980830049922F05DFD019812F098FB5D
:1036600008B080BD80B588B007900691059204939C
:10367000069805996B46002202921A60012303F016
:10368000AFFD0799782012F0FDF9014602980391E9
:10369000039908710398083022F004FE0698012867
:1036A00006D1FFE703980499096800F005F8FFE7E1
:1036B000039808B080BD000080B586B005900491E5
:1036C000059803900398FFF7A3FF04986946012229
:1036D0000AF04EFE039808300099019A22F0F2FE9B
:1036E000062006B080BD000080B582B001900020A9
:1036F00070B9FFE7019811F025FC48B1FFE7019888
:10370000006846F2CC51C0F60401884206D0FFE7BB
:1037100047F2A070C0F6040017F08AFD019802B0CD
:1037200080BD000080B586B0059004910392059895
:10373000C068039950F821000290FFE703980499AC
:1037400088421DD9FFE70398013840080190059889
:10375000C068019950F8210000900299009A002059
:1037600004F0FCFB1E2809D1FFE700980599C96801
:10377000039A41F822000198039000E000E0DDE7A1
:1037800002980599C968039A41F8220006B080BDE5
:1037900080B586B0059004910498039005988068E0
:1037A00002900598C068049950F82100019004988F
:1037B000400001300090FFE700980299884228D22B
:1037C000FFE7009801300299884212D2FFE705987E
:1037D000C168009A01EB820051F822104268002073
:1037E00004F0BCFB0E2804D1FFE7009801300090E4
:1037F000FFE70598C168009851F82000049A41F845
:10380000220000980490FFE70498400001300090E7
:10381000D2E701980599C968049A41F822000598F1
:103820000399049AFFF77EFF06B080BD81B0009037
:103830000099C86B0138C86301B0704780B582B089
:10384000019000910198816BC06B88420FD3FFE714
:103850000198826B006C102101EB420101F06AFEBD
:10386000019908640199886B08308863FFE7009824
:10387000DDF804C0DCF83C20DCF84010531CCCF828
:103880003C3021F8120002B080BD000081B00090F1
:103890000098C16B006C00EB410030F8020C01B0E5
:1038A0007047000080B590B08DF83B000D910C92F0
:1038B0000D980B909DF83B1043F2B850C0F60400F1
:1038C000405C0A9000200990089007900B990291A3
:1038D0000A9903910C21049107A905918DF818000C
:1038E0000B98016802A80EF0E1F90798042809D1A5
:1038F000FFE79DF83B000B9909690C9A04F02EFB39
:10390000019020E00798D0B1FFE70C9809900120C2
:10391000002107AA05F086FF01909DF83B002428AE
:1039200007D1FFE7019811F0D5FE12F0C9F9009018
:1039300002E001980090FFE70098019002E000206B
:103940000F900EE0FFE7019843F65811C0F604010E
:10395000884203D1FFE700200F9002E001980F900A
:10396000FFE70F9810B080BD80B588B00690059134
:1039700000200490FFE7069846F26461C0F6040157
:10398000884203D1FFE70498079072E00698808888
:103990008005002807D4FFE7069805990860049879
:1039A0000130079065E00698807C18B9FFE704981D
:1039B00007905EE00698817C00EB8100006900685A
:1039C00046F67801C0F60401884247D1FFE7069821
:1039D000817C00EB8100006903900398083002901D
:1039E00002980399496800EB81000190FFE7029873
:1039F000019988422FD2FFE7002088B9FFE702989B
:103A0000006811F013FC58B1FFE7029800680068E5
:103A100046F6A801C0F60401884201D1FFE70AE09A
:103A20004AF65A00C0F604004AF65E11C0F60401D8
:103A30004A22F0F7E7FA029800680090009805998A
:103A4000FFF792FF0146049808440490FFE70298AC
:103A500004300290CBE7049807900AE00698817C36
:103A600000EB810000690690FFE7FFE7FFE7FFE753
:103A700081E7079808B080BD80B58EB00C900B919F
:103A80000A920C98099000200890079009990291D9
:103A9000012103911021049107A905918DF81800C7
:103AA0000998016802A80EF001F90798042811D1BD
:103AB000FFE7099800690FF0E1FE01900198017C91
:103AC00000EB81000369099800690B990A9A9847ED
:103AD0000D9002E001200D90FFE70D980EB080BD23
:103AE00080B590B00F900E918DF837200E980C9005
:103AF0009DF837101B20002908BF1D200B900020C7
:103B00000A9009900C9904910B990591092106914D
:103B100009A907918DF820000C98016804A80EF0FF
:103B2000C5F8099870B9FFE79DF8370050B9FFE76D
:103B30001B200590002006900C98016804A80EF048
:103B4000B5F8FFE70998042829D1FFE70C98006928
:103B500011F0D2F9D0B1FFE79DF8370060B1FFE76F
:103B60000F9802900C980068C0881FF051F9014628
:103B7000029817F019F9FFE70F980C9909699DF859
:103B8000372042F0800213F0B5FA07E00F980C9945
:103B900009699DF8372013F0ADFAFFE71CE009989A
:103BA00058B1FFE709980E9905F0DAFD03900F98D8
:103BB0000399002213F09EFA0EE00F9801900E98E0
:103BC0000FF078FE024601980C9B4AF60E11C0F6E3
:103BD000040117F01BFAFFE710B080BD80B592B06A
:103BE00010900F910E9210980D90002009900A905D
:103BF0000F990B910E990C910D99049105900E213E
:103C0000069109A907918DF820000E9818B9FFE7D1
:103C10000B2005900AE00E98042803D1FFE70F203F
:103C2000059002E01C200590FFE7FFE70D98016872
:103C300004A80EF03BF80998042808D1FFE70D9876
:103C400000690F990E9A14F0A3FD119028E00998CD
:103C500018B3FFE70E990120019039B1FFE70E98E4
:103C60000438B0FA80F040090190FFE70198C107DD
:103C70000220002918BF012003900398002109AAFF
:103C800005F0D0FD02900E98042803D1FFE70298BA
:103C9000119005E00620119002E000201190FFE74E
:103CA000119812B080BD000080B58EB08DF8330041
:103CB0000B910B980A909DF8331046F6E800C0F679
:103CC0000400405C09900020089007900A99029136
:103CD000099903910B21049107A905918DF818000A
:103CE0000A98016802A80DF0E1FF0798042808D19E
:103CF000FFE79DF833000A99096919F035FC0D902A
:103D00004CE0079890B3FFE707980B9905F028FD62
:103D100001909DF8330001460091062804D0FFE78A
:103D20000098082807D01DE001980FF083FD40009F
:103D30000130019017E0019811F0D0FB88B9FFE73E
:103D4000019811F073FA48B1FFE70198006846F254
:103D50007051C0F60401884203D0FFE7002017F03D
:103D600067FA00E0FFE701980D9017E09DF8330037
:103D7000062810D1FFE7B32003900A98016802A833
:103D80000DF094FF079828B9FFE70B984000013029
:103D90000D9003E0FFE700200D90FFE70D980EB0B7
:103DA00080BD000080B58EB00C900B910B984068E0
:103DB00008A9012201920AF04BFB0198089907918A
:103DC00006900C990329029009D3FFE70B988068AD
:103DD00040F26A31401A18BF01200290FFE70298B2
:103DE00000F001008DF817009DF81700C00748B9D2
:103DF000FFE7099807990844013807904FF0FF3012
:103E00000690FFE70020049009980390FFE70398CD
:103E1000411E0391D8B1FFE70498B0F5800F0AD393
:103E2000FFE7089A09999DF8170000F0010010F0CB
:103E300031FD0D9010E004990798007840EA0120C8
:103E40000490FFE70699079808440790DFE7049875
:103E500012F004FC0D90FFE70D980EB080BD00003D
:103E600080B592B0119010911198012803D8FFE706
:103E70000120059005E0109840680FF07BFC05904C
:103E8000FFE705980E900E98B0F1FF3F03DCFFE7C7
:103E9000002017F0E7F9119901200329049009D3B4
:103EA000FFE71098806840F26A31401A18BF01207D
:103EB0000490FFE7049800F001008DF837000E9998
:103EC00009A829F0A5FA0B9808901098006811F03D
:103ED000DDFA78B9FFE7109800680E9A089B9DF804
:103EE000371001F0010110F093FE80F001008DF811
:103EF0003F0056E0109800684010079000200690A0
:103F00000798012808DBFFE7079806F00FF8C0F1D3
:103F10002700C008069012E0079810F1020F09DC94
:103F2000FFE70798C04306F001F8C0F12800C00879
:103F3000069003E0079840420690FFE7FFE70698E7
:103F40000E99884228DCFFE708980799C917CAB27A
:103F50000E99ECF757FD069801909DF83700014641
:103F6000029108990391C00728B1FFE70E980699BE
:103F7000401A009002E000200090FFE701980299AB
:103F8000039A009B1A44079B01F0010104F0C6FA52
:103F900000208DF83F0003E001208DF83F00FFE78F
:103FA000FFE79DF83F00C00750B1FFE746F214005D
:103FB000C0F6040049F2B241C0F6040117F05CF902
:103FC00009A811F0E5FE12B080BD000080B58CB0EC
:103FD0000A900991089207930A984FF4E97103AA8D
:103FE00001920BF09BFF099812F038FB059008989E
:103FF00012F034FB019A06900220002105F012FC19
:104000000FF0B8FB02900298002803D4FFE7029853
:104010000B9007E002984042079908604FF0FF308C
:104020000B90FFE70B980CB080BD000084B00390AC
:1040300002910192009343F28410C0F6040004B090
:104040007047000080B586B00590049103920293FA
:1040500005980499039A029BEE464FF07E0CCEF829
:1040600000C000F003F806B080BD000080B590B03D
:10407000DDF848C00E900D910C920B930E9812999A
:1040800008AA01920BF04AFF019A46F23C20C0F6C2
:104090000400049001208DF8140000218DF8171001
:1040A000ADF815100C9B06930D9B079304AB0A9378
:1040B00005F0B8FB03900398062807D1FFE70B999A
:1040C0000B2008604FF0FF300F9012E003980FF0C4
:1040D00051FB02900298002803D4FFE702980F904A
:1040E00007E0029840420B9908604FF0FF300F90B4
:1040F000FFE70F9810B080BD80B586B005900491A1
:104100000392029305980499039A029BEE464FF09E
:10411000A40CCEF800C0FFF7A9FF06B080BD0000D8
:1041200082B001908DF80310019800699DF803108A
:10413000401AB0FA80F0400902B0704783B0029094
:104140008DF807108DF80620029801699DF8072068
:104150000020914200900AD1FFE7029840699DF843
:104160000610401AB0FA80F040090090FFE700986E
:1041700000F0010003B0704782B001908DF8031089
:10418000019840699DF80310401AB0FA80F0400988
:1041900002B0704783B002908DF807108DF80620AA
:1041A000029881699DF807200120914200900AD071
:1041B000FFE7029880699DF80610401AB0FA80F077
:1041C00040090090FFE7009800F0010003B070473D
:1041D00083B002908DF807108DF80620029841698F
:1041E0009DF807200120914200900AD0FFE7029835
:1041F00040699DF80610401AB0FA80F0400900901E
:10420000FFE7009800F0010003B0704783B0029010
:104210008DF807108DF80620029801699DF8072097
:104220000120914200900AD0FFE7029800699DF8B2
:104230000610401AB0FA80F040090090FFE700989D
:1042400000F0010003B0704783B002908DF80710B2
:104250008DF806208DF80530029801699DF8072039
:1042600001209142009013D0FFE7029801699DF868
:1042700006200120914200900AD0FFE702980069D1
:104280009DF80510401AB0FA80F040090090FFE751
:10429000009800F0010003B07047000080B583B0C3
:1042A00084460598CDF808C08DF807108DF80620D3
:1042B0008DF805308DF80400029801699DF80720FB
:1042C0000120914200901CD0FFE7029801699DF8FF
:1042D000062001209142009013D0FFE70298016967
:1042E0009DF805200120914200900AD0FFE7029836
:1042F00000699DF80410401AB0FA80F0400900905F
:10430000FFE7009800F0010003B080BD80B582B0E7
:1043100001900198006928F0BBF902B080BD00004F
:1043200081B00090009800690130B0FA80F0400937
:1043300001B0704783B002900298406940F02000BD
:10434000019001990120622900900DD0FFE70199A9
:1043500001206F29009007D0FFE701987838B0FA64
:1043600080F040090090FFE7009800F0010003B0E2
:104370007047000080B582B001900198406928F034
:1043800087F902B080BD000082B0019001984169B8
:1043900000203029009008D3FFE7019841690020F0
:1043A000382938BF01200090FFE7009800F0010095
:1043B00002B0704780B582B00190019800F01AF801
:1043C00001460120009079B9FFE7019801690120B9
:1043D0005F29009008D0FFE70198016900207F293C
:1043E00088BF01200090FFE7009800F0010002B0B4
:1043F00080BD000080B582B001900198006928F06E
:104400002FF902B080BD000081B0009000980069D3
:104410000A38B0FA80F0400901B0704780B584B026
:104420000390002080B9FFE7039810F0C3FE58B155
:10443000FFE703980168012046F28472C0F6040287
:10444000914202901FD0FFE7002108460190B9B9C0
:10445000FFE7039810F0AEFE01460020009061B126
:10446000FFE70398006846F27041C0F60401401A65
:10447000B0FA80F040090090FFE700980190FFE754
:1044800001980290FFE7029800F0010004B080BD9F
:1044900080B584B00390039827212222FFF7B6FE4F
:1044A000014601200029029048D1FFE703986A469F
:1044B00066211160722175226223FFF7EFFE50B171
:1044C000FFE7039827212222FFF782FE0146012001
:1044D000029099BBFFE7039872216622FFF72EFE38
:1044E00038B9FFE7039866217222FFF727FE50B123
:1044F000FFE7039827212222FFF74CFE0146012007
:104500000290D9B9FFE7039872216222FFF716FEE5
:1045100050B9FFE7039862217222FFF70FFE0146B0
:104520000020019039B1FFE7039827212222FFF7ED
:1045300031FE0190FFE701980290FFE7029800F03A
:10454000010004B080BD000080B582B001900198E8
:10455000FFF730FF01460120009029B9FFE70198DD
:10456000FFF7D4FE0090FFE7009800F0010002B0D2
:1045700080BD000080B582B001900198006928F0EC
:10458000DBF802B080BD000080B582B08DF8070076
:104590009DF807100020009069B1FFE79DF8071013
:1045A0004AF2CA10C0F60400ECF796F8002818BFCB
:1045B00001200090FFE7009800F0010002B080BDEC
:1045C00080B582B08DF807009DF80710002000909C
:1045D00069B1FFE79DF807104AF20C10C0F604001D
:1045E000ECF77AF8002818BF01200090FFE7009848
:1045F00000F0010002B080BD80B598B0169016980A
:10460000159003A81CF0C6FA90B9FFE71598021D93
:104610000120002105F006F902901599C86820F0E4
:1046200001000330C8601CF08BFA0298179018E064
:10463000049800680190019846F28001C0F60401D8
:10464000884208D0FFE7019845F6DC61C0F6040116
:10465000884203D1FFE70020179002E004981CF085
:10466000E5F9179818B080BD80B582B00190019A25
:104670001068D2F804C002F10C0102F10803012213
:10468000E04700900198806820B1FFE701988068BA
:1046900016F0AEFD009820B9FFE7019900200873DD
:1046A000FFE70198007B02B080BD000080B58AB0B2
:1046B0000990089108980068039008984068049051
:1046C0000898806805900120069003A81030029099
:1046D0000998042804D3FFE70898C068019003E014
:1046E000089840680190FFE702990198086046F237
:1046F0005040C0F604000521002203ABFBF732FF57
:104700000AB080BD80B58EB0DDF844C0DDF840C091
:104710000D900C910B920A930A980C99401A0990EB
:104720000998012803DBFFE70120089006E00998BB
:10473000404209904FF0FF300890FFE710980B9926
:10474000401A07900798012803DBFFE70120069035
:1047500006E00798404207904FF0FF300690FFE7D1
:1047600007980999884216DDFFE70C9804900B988A
:104770000C9004980B90099804900798099004985D
:1047800007900898049006980890049806900120D5
:104790008DF8170003E000208DF81700FFE7079958
:1047A0000998C0EB4100039000200290FFE70298B7
:1047B000099988425ADAFFE79DF81700C007E0B16F
:1047C000FFE70B98002817D4FFE70B980D9989890C
:1047D000884211DAFFE70C9800280DD4FFE70C9807
:1047E0000D99C989884207DAFFE70D980B990C9A51
:1047F000119B21F051FCFFE71BE00C98002817D417
:10480000FFE70C980D998989884211DAFFE70B9828
:1048100000280DD4FFE70B980D99C989884207DA63
:10482000FFE70D980C990B9A119B21F035FCFFE7DF
:10483000FFE7FFE7039800280AD4FFE706990B98E3
:1048400008440B9009990398A0EB41000390F1E70D
:1048500008990C9808440C900799039800EB4100C4
:104860000390FFE7029801300290A0E70D980A99A3
:10487000109A119BEE464FF0010CCEF800C021F0CB
:1048800021FC0EB080BD000080B58EB08DF83300E5
:104890000B910A920B9809909DF833000146029102
:1048A0001D2800F2AB800299DFE801F0727272728B
:1048B00072A8A8A8A8A8A8A8A8A844A8A8A8A8A812
:1048C000A8A8A8A8A8A8A80FA84B002070B9FFE71F
:1048D0000A9810F03FFC48B1FFE70A98006846F2DA
:1048E000CC51C0F60401884203D0FFE700200D90B0
:1048F00087E00A98089009988068089989680844B0
:1049000000F0BAF907900798C06809998A68C968E1
:104910009200ECF708F80798C0680999896800EBDD
:10492000810008998A68C9689200EBF7FCFF079834
:104930000D9066E00B980A9900F09CF80B980D908A
:104940005FE00A9806A90EF025FF18B9FFE70020DE
:104950000D9056E00698B0F1FF3F03DCFFE7002022
:104960000690FFE7099880680699484300F084F9AB
:10497000059009988268C068069B0599C968EC464D
:10498000CCF80010042117F0F1FD05980D9038E0E7
:10499000002070B9FFE70A9810F0DCFB48B1FFE790
:1049A0000A98006846F2CC51C0F6040188420BD048
:1049B000FFE79DF83300022803D1FFE70E200D909A
:1049C0001FE000200D901CE00A9804909DF8330031
:1049D00009998A68C968049BD3F808C0DB68EE4669
:1049E000CEF800C017F03EFC8DF80F009DF80F00C8
:1049F00000F0010011F028F90D9002E000200D9068
:104A0000FFE70D980EB080BD80B582B0019001988F
:104A100000900099002088600098C068102100F084
:104A200089FD0099C8600099042048600098416899
:104A3000C0688900EBF7EEFF062002B080BD0000E1
:104A400080B582B001900198009000998868C9688B
:104A500011F030FE02B080BD80B584B003900291A9
:104A60000398019001988168C068029A17F08CFC45
:104A700004B080BD80B584B003900291002000286E
:104A800050D1FFE7029810F065FB00284AD0FFE7FD
:104A90000298006846F2CC51C0F60401884241D128
:104AA000FFE70398019002980090019841688068A0
:104AB000009A92681044884222D9FFE701988168E1
:104AC000C068009A92680A44102101EB820100F04C
:104AD00031FD0199C86001998868009A9268104474
:104AE00004304860019841688268C068009B9B68F8
:104AF0001A4400EB8200891A8900EBF78BFFFFE76D
:104B000001988168C06800EB810000998A68C968D3
:104B10009200EBF708FF00988268019988681044BA
:104B2000886004E00398029900F004F8FFE706208B
:104B300004B080BD80B584B003900291029800213A
:104B400009F074FD0190FFE701980AF093FC0090D2
:104B500028B1FFE70398009910F078FEF4E7039876
:104B600004B080BD80B582B0019000910198009A98
:104B7000002111F0C3FD02B080BD000080B584B0FB
:104B80000390029102980068019001988168C068C2
:104B9000039A029B17F09CFC04B080BD80B586B0E0
:104BA000059004910392059802900498401001909A
:104BB0000198B0F1FF3F06DCFFE702988168019899
:104BC00008440190FFE70198B0F1FF3F03DCFFE7E5
:104BD00000200190FFE7019802998968884204D972
:104BE000FFE7029880680190FFE70598062110F022
:104BF0002DFE0298806801380090FFE70098019927
:104C000088420EDDFFE70298C168009A01EB82003E
:104C100050F8040C41F82200FFE70098013800909A
:104C2000ECE703980299C968019A41F8220006202E
:104C300006B080BD85B0039003980290029880680A
:104C400001900298C0680199896888420ED2FFE7F6
:104C50000198C0680299C96850F821000090029933
:104C6000C8680130C8600098049002E000200490F9
:104C7000FFE7049805B0704780B582B0019010201E
:104C800000F0FEFB00900098019910F023FE0098C0
:104C900002B080BD80B58AB009900891089800687C
:104CA00007900798806850B9FFE745F6DC60C0F6CA
:104CB000040049F6E871C0F6040116F0DDFA079821
:104CC00001680391806804900998012804D1FFE7E6
:104CD0004FF0FF30029003E0089840680290FFE731
:104CE00004990398029A0023019309F0E9FB0690C6
:104CF0000798C068069950F82100059007998868C0
:104D00000138886007988268C068069B00EB8300C2
:104D1000011DD21A9200EBF738FE019807998A68B4
:104D2000C96841F8220007984068052817D3FFE7B3
:104D3000079948688968B0EB410F10D9FFE70798D9
:104D40004268C0686FF0020101EA420100F0F2FB24
:104D50000799C8600799486840084860FFE70598C8
:104D60000AB080BD80B586B0059004918DF80F2003
:104D70000498029047F2B470C0F6040001909DF8C8
:104D80000F00032804D0FFE701208DF80F0003E097
:104D9000059880680190FFE7059849F67E21C0F6E6
:104DA000040116F001F800200090FFE70098029936
:104DB0008968884217D2FFE7009828B1FFE7059875
:104DC000019915F0F1FFFFE705980299C968009A6B
:104DD00051F822109DF80F2012F08CF9FFE700988F
:104DE00001300090E2E7059848F6E431C0F604018E
:104DF00015F0DAFF06B080BD85B0049004980390EA
:104E000003988068029000200190FFE701980299C2
:104E100001EBD171B0EB610F1EDAFFE70398C068B8
:104E2000019950F8210000900398C168029B019AF3
:104E3000D043184451F8200041F82200009803990B
:104E4000C968029B019AD2431A4441F82200FFE745
:104E5000019801300190D9E7062005B070470000A5
:104E600080B592B010900F910E920020002840F073
:104E7000C480FFE70F9810F06DF9002800F0BD80A6
:104E8000FFE70F98006846F2C871C0F60401884237
:104E900040F0B380FFE710980D900D9880680F994F
:104EA0000AAA17F0D7FA8DF827000E98042820D107
:104EB000FFE79DF82700C00738B9FFE70D98C068E5
:104EC0000AA917F087FA1190C2E00A990B98401AC4
:104ED000FFF7D2FE089008988268C0680D99C968EB
:104EE0000A9B01EB83019200EBF71DFD08981190DE
:104EF000AEE00E9830B9FFE743F62810C0F6040084
:104F00000E90FFE79DF82700C00718B9FFE70020C3
:104F100016F064F90E9807A906AA0EF089FA079808
:104F20000A990B9A891A084405900598012836DBDE
:104F3000FFE70D9841688068059A1044884210D9AF
:104F4000FFE70D988168C068059A1144890000F058
:104F5000F1FA0D99C8600D998868059A1044486067
:104F6000FFE70D988268C168079B0A98DDF82CC09E
:104F7000034401EB830001EB8C01DDF814C06244B3
:104F8000D21A9200EBF78DFC0D98C0680A9900EBDD
:104F900081000699079A9200EBF783FC25E00D98B3
:104FA000C0680A9900EB81000699079A9200EBF716
:104FB00078FC0D988268C168DDF81CC00A980B9BCC
:104FC000604401EB800001EB8301D21A9200EBF701
:104FD00068FC0D988168C068059A0A4400EB82005D
:104FE000891A8900EBF716FDFFE7059A0D99886885
:104FF00010448860062011902AE00E9858B9FFE707
:10500000109803900F980490022003A9FFF742FE26
:10501000062011901CE00E98042811D1FFE710988B
:1050200002900299086889680F9A002309F048FAEB
:1050300001900298C068019950F82100119007E092
:1050400010980F990E9A10F005FD06201190FFE7B9
:10505000119812B080BD000080B586B08DF81300A5
:105060000391039802909DF81300014601910428D2
:1050700004D0FFE70198052809D00EE00298806867
:10508000002818BF012010F0DFFD059008E002980D
:10509000806840000130059002E000200590FFE7A5
:1050A000059806B080BD000080B58EB00C900C98BD
:1050B0001EF0B8FC8DF82F009DF82F00012803D1B9
:1050C000FFE706200D90C0E09DF82F00022803D1D5
:1050D000FFE70E200D90B8E09DF82F00032803D1C4
:1050E000FFE71E200D90B0E09DF82F00042806D1A8
:1050F000FFE743F60010C0F604000D90A5E00C9801
:105100001EF0B0FC0A900A9870B9FFE79DF82F00D6
:10511000062809D1FFE70C981EF084FC43F608101E
:10512000C0F604000D9090E09DF82F000A281FD1D2
:10513000FFE70A980021029111F07AFD01460298DA
:1051400009910890FFE708980A9988420DD2FFE775
:105150000C98FFF7A9FF0999089A01EB8201886072
:10516000FFE7089801300890EDE709980D906CE092
:10517000FFE700200790079850B9FFE70A9903A8B6
:1051800028F046F90C9805990A9A1EF055FCFFE79D
:105190009DF82F00052805D0FFE79DF82F00062871
:1051A00012D1FFE70C981EF03DFC9DF82F0005285A
:1051B00005D1FFE703A811F05FFC0D9045E003A8BF
:1051C00010F0E6FD0D9040E09DF82F00072808D173
:1051D000FFE7049905980A22002315F019F90D90AC
:1051E00033E09DF82F00082805D0FFE79DF82F0039
:1051F000092801D1FFE70BE04AF60370C0F604006E
:105200004AF65071C0F6040140F21D12EEF7FAFEA4
:105210009DF82F1001200829019008D0FFE79DF884
:105220002F000938B0FA80F040090190FFE701989B
:10523000049905989DF82F20093AB2FA82F2520992
:10524000002315F0CFF80D90FFE70D980EB080BD4C
:1052500080B586B0049004981EF004FC03909DF87D
:105260000C00C00720B1FFE703984008059019E043
:10527000039840080390039800F002F90290049804
:105280000299039A1EF0D8FB04981EF0CBFB0298FB
:1052900003991DF043FC0190029800F0E9F8019891
:1052A0000590FFE7059806B080BD000080B594B07A
:1052B0001390129113981EF0D5FB1190119800F0E5
:1052C0000300023010901198C0F380008DF83F0069
:1052D0001198C0080E901098022806D0FFE74AF6F1
:1052E0009F70C0F6040015F0BDFF00200D901098CF
:1052F00002280ED1FFE70D9850B9FFE70E9800F095
:10530000BFF80D9013980D990E9A1EF095FBFFE7CC
:10531000FFE700200C900B909DF83F00C00720B3E2
:10532000FFE713981EF09EFB0C900C98109A411CFE
:10533000032A08BF0846800000F0A2F80B90002066
:105340000A90FFE70A980C9988420DD2FFE713985C
:105350001299FFF7ABFF0B990A9A41F82200FFE779
:105360000A9801300A90EDE7FFE706F011FB09907B
:105370001098022878D1FFE70D980890FFE7089869
:10538000411C089100788DF807009DF80700C0F3D4
:10539000C30007909DF80700C0F38000069000202E
:1053A00005909DF8071001F003010491039002900D
:1053B0000090FFE79DF807000006002848D5FFE7AA
:1053C0000898411C089100788DF807009DF80700A7
:1053D00000F030000099490000FA01F107980843F5
:1053E00007909DF8070000F00200009900FA01F113
:1053F0000698084306909DF80700C0F380100099B6
:1054000000FA01F10598084305909DF8070000F0A7
:105410000400009900FA01F10498084304909DF8F3
:105420000700C0F3C000009900FA01F10398084397
:1054300003909DF8070000F00100009900FA01F1C7
:10544000029808430290FFE7009801300090B1E70E
:10545000079801300790FFE7BDF8143009980D99BF
:105460000B9A06F07DFAFFE7099814B080BD0000A2
:1054700080B582B001900198FCF772FC02B080BD4B
:1054800080B582B0019001980021FCF7A1F800904E
:10549000009830B9FFE7019818B1FFE7019800F0D4
:1054A0000DF8009802B080BD80B582B001900198DF
:1054B000FFF7E6FF0090009802B080BD82B0019037
:1054C000FCF776FE50B1FFE745F66C70C0F60400BD
:1054D0004CF2A721C0F6040115F0CEFE019A45F664
:1054E0006C70C0F604004CF2AE31C0F6040115F049
:1054F000D5FE000080B582B0019001980021FCF734
:1055000067F80090009802B080BD000080B582B0BE
:10551000019001980121FCF75BF80090009830B9E8
:10552000FFE7019818B1FFE70198FFF7C7FF009860
:1055300002B080BD80B584B00390029103980299B7
:105540000122FCF78DFF0190019830B9FFE7029826
:1055500018B1FFE70298FFF7B1FF019804B080BDD2
:1055600080B584B0039002918DF8072003980299CA
:105570009DF8072002F00102FCF772FF00900098EE
:1055800004B080BD80B582B000200190ECF712FE1F
:10559000EEF714F9EEF728F8EEF7A8F8EEF7A2F810
:1055A000FFE7FEE780B584B0039002910192039873
:1055B0000C211BF0FBFF00900298009908600099F5
:1055C0004FF49D704860019800998860009804B07D
:1055D00080BD000080B586B00490039102920298CD
:1055E0000FF084FF40B1FFE702984010019001984E
:1055F00014F0CCFC059006E004980399029AFFF79A
:10560000D1FF0590FFE7059806B080BD80B586B054
:10561000049004980390039840688000FFF730FFDF
:10562000029000200190FFE70198039949688842A1
:105630001BD2FFE70398019900EB8100C06809F0D5
:1056400019FF0090009830B9FFE70298FFF710FFAC
:105650000020059012E000980299019A41F822007A
:10566000FFE7019801300190DEE703984168806808
:10567000029B002204F0ACF80590FFE7059806B005
:1056800080BD000080B588B0079006910592049314
:10569000069805996B46002201921A6002224FF685
:1056A000FF7301F009FF0699082000EB81000799BC
:1056B00010F0E8F901460198039106990139039A1F
:1056C000516004990968039A91600290FFE702987B
:1056D00006990139884212D2FFE70498029900EB3B
:1056E00081004068002108F0A1FF0399029A01EBB4
:1056F0008201C860FFE7029801300290E7E7039853
:1057000008B080BD80B586B005900020C8BBFFE71B
:1057100005980FF023FCA0B3FFE70598006846F258
:105720002431C0F6040188422BD1FFE7059804908C
:10573000049804F0A9FD0390039815F07DFC18B1BE
:10574000FFE70398029014E0039801900198807895
:10575000022804D1FFE70198806830B1FFE747F2E3
:10576000CC70C0F6040015F07DFD019840680290F1
:10577000FFE7049804F07CFD029915F063FE06B083
:1057800080BD47F2F770C0F6040015F06BFD000015
:1057900080B58AB00990099806A9012208F004FE94
:1057A00008F0CEFF039002A8009000200190069818
:1057B00007996A4615F034FE019A0498059910F08D
:1057C00055FB0AB080BD000080B586B004900391FF
:1057D0000498029003980DF0CDFF019001980028E5
:1057E00006D4FFE7019802994968884207DBFFE782
:1057F000039945F6DC60C0F6040015F067FD0298D9
:10580000019900EBC100C0680090009818B9FFE74B
:10581000062005900EE0029880680EF02FF800999F
:10582000029A019B02EBC3021269521A11F064F949
:105830000590FFE7059806B080BD000080B584B0F4
:10584000039002918DF80720029800900398009928
:105850004A6847F65701C0F6040115F0D7FB04B0BB
:1058600080BD000049F22F40C0F6040015F0FAFC9C
:1058700080B584B00390029103980DF0ABFE8DEDDE
:10588000010A02989DED010A80478DED000A002073
:1058900028B9FFE70098EEF711FB58B91DE0009812
:1058A0002CF03AF841EC100B51EC100BEEF7CAFA61
:1058B00098B1FFE7002028B9FFE70198EEF7FEFA5C
:1058C00058B930E001982CF027F841EC100B51EC5E
:1058D000100BEEF7B7FA30B3FFE7002028B9FFE767
:1058E0000098EEF77BFA58B91FE000982CF014F8F6
:1058F00041EC100B51EC100BEEF72EFAA8B1FFE7BC
:10590000002028B9FFE70198EEF768FA68B90AE0C5
:1059100001982CF001F841EC100B51EC100BEEF754
:105920001BFA10B9FFE7FFF79DFF9DED000A10F08D
:10593000D3FC04B080BD000080B586B00590049112
:10594000039205980DF046FE8DED020A04980DF0C5
:1059500041FE8DED010A03989DED020ADDED010A7D
:1059600080478DED000A002028B9FFE70098EEF788
:10597000A5FA58B930E000982BF0CEFF41EC100B9F
:1059800051EC100BEEF75EFA30B3FFE7002028B9B8
:10599000FFE70298EEF792FAF0B90AE002982BF0CE
:1059A000BBFF41EC100B51EC100BEEF74BFA98B922
:1059B000FFE7002028B9FFE70198EEF77FFA58B912
:1059C00043E001982BF0A8FF41EC100B51EC100BB9
:1059D000EEF738FAC8B3FFE7002028B9FFE70098D0
:1059E000EEF7FCF958B932E000982BF095FF41EC46
:1059F000100B51EC100BEEF7AFF940B3FFE70020AE
:105A000028B9FFE70298EEF7E9F900BB0AE002982F
:105A10002BF082FF41EC100B51EC100BEEF79CF9D0
:105A2000A8B9FFE7002028B9FFE70198EEF7D6F9FB
:105A300068B90AE001982BF06FFF41EC100B51ECB4
:105A4000100BEEF789F910B9FFE7FFF70BFF9DED9B
:105A5000000A10F041FC06B080BD000080B58EB099
:105A60000D900C910B920A930C980B996B460022A7
:105A700002921A60012301931A4601F0FFFB019A7A
:105A80000A98006807A908F0D5FC029A9DF824102E
:105A9000049108980390402001F0A8FF0399024662
:105AA0000498B1FBF2F1079A10F044FE06900A98B0
:105AB00000680DF0E3FE46F21861C0F6040188426A
:105AC00010D1FFE70A98006805900599B1F8050024
:105AD000CA790699CA71A1F805000598C0680699A7
:105AE000C860FFE70A98006807A9032208F0F2FBE4
:105AF00030B1FFE70699087940F080000871FFE7B0
:105B000006980EB080BD000080B596B01590149137
:105B1000159878B1FFE7159817F034FA1498B0F596
:105B2000806F06D9FFE71498A0F5007017F020FAEF
:105B3000FFE703E013A817F025FAFFE740F26C70C7
:105B4000C2F2000000F50041FCF710FB09F0CAFBAF
:105B5000FFE701A81BF01EF860B9FFE71CF04AFD43
:105B600000901AF0EDFF9DF80100C00708B1FFE7B3
:105B700009E007E0029944F62C30C0F6040011F069
:105B800043FAFFE7E5E704F0FDFD002016B080BD15
:105B900080B582B0019001980090009804301EF00A
:105BA00041FE4000013002B080BD000080B588B0E9
:105BB0000690059104920393069802900598009030
:105BC000032804D0FFE70098042826D028E000200E
:105BD00001909DF81000C00758B1FFE7029804300B
:105BE0001EF020FE28B1FFE7019840F0010001906F
:105BF000FFE79DF81000400700280BD5FFE702984B
:105C000004301EF01DFE28B1FFE7019840F00400AB
:105C10000190FFE70198079009E00020079006E057
:105C20000399162008604FF0FF300790FFE70798B0
:105C300008B080BD80B58AB009900891079206939C
:105C4000089807996B46002201921A6001231A46B0
:105C500001F09AFC01980590049003900698006862
:105C600003A9032208F036FB58B9FFE7069800683D
:105C70000DF080FD013004900498FFF701FC0390C3
:105C8000FFE70498022805D3FFE70498B0F5803FAA
:105C900003D3FFE7002015F0E5FA099910200FF073
:105CA000F1FE0290039802994860049802990881D5
:105CB0000299002088810299488102980AB080BD2B
:105CC00080B588B0079006910592049307980390D9
:105CD00005980290039804301EF0A4FD0146029836
:105CE000884203D2FFE70598019005E0039804304D
:105CF0001EF098FD0190FFE701980590039804308D
:105D00000699059A1EF0ACFD0499002008600598DC
:105D100008B080BD80B588B00790069105920493C5
:105D20000798039005980290039804301EF088FDB0
:105D300001460298884203D2FFE70598019005E0EA
:105D4000039804301EF07CFD0190FFE70198059058
:105D5000039804300699059A1EF0BCFD04990020B2
:105D60000860059808B080BD80B590B00F900F987E
:105D70000CA90122009208F0DFFA00980C990B910F
:105D80000D9901EB410100EB910107A827F010FBF1
:105D9000099806900020059004908DF80F0002905D
:105DA000FFE702980D99884245D2FFE70B980299C8
:105DB000405C3D2814D1FFE70498022809D0FFE792
:105DC0000498042808D1FFE79DF80F00C00718B118
:105DD000FFE7002004902EE001208DF80F00FFE780
:105DE0000B980299405C00F063F901900198013032
:105DF00008B9FFE71BE000208DF80F000599019816
:105E000040EA811005900498063004900498082810
:105E10000CDBFFE704980838049005980499C84003
:105E20000699089A531C08938854FFE7FFE70298E5
:105E300001300290B5E7049830B1FFE747F2717086
:105E4000C0F6040015F00EFA07A80FF0A1FF10B07D
:105E500080BD000080B594B01390129111921398F8
:105E6000013812990431119AEC4610ABCCF8043089
:105E700043F28843C0F60403CCF8003001230393B7
:105E800001F082FC039A9DF8400000F001008DF8BB
:105E90003F00129800680CA908F04EFA0D9878B1EE
:105EA000FFE70D9801384AF6AB21CAF6AA21A0FBFC
:105EB00001016FF0020000EA41000430029002E0AC
:105EC00000200290FFE702989DF83F10014408A8C7
:105ED00027F09EFA0C9807900A9806900D98059066
:105EE000FFE7059803282FD3FFE70798007880087D
:105EF00006994A1C0692087007990878497800F0BC
:105F00000300000140EA111006994A1C069208702D
:105F100007994878897800F00F00800040EA9110D6
:105F200006994A1C069208700798807800F03F0096
:105F300006994A1C06920870079803300790FFE7FD
:105F4000059803380590CCE70598A0B3FFE70798BC
:105F50000078800806994A1C069208700598022865
:105F600016D1FFE707990878497800F0030000018F
:105F700040EA111006994A1C06920870079840786A
:105F800000F00F00800006994A1C069208700EE08F
:105F90000798007800F00300000106994A1C069259
:105FA00008700699481C069040200870FFE7069983
:105FB00040200870FFE70A98069009989DF83F1066
:105FC000401A0490FFE70498411E0491E0B3FFE7F4
:105FD00006980078192805DCFFE706990878413013
:105FE00008702DE006980078332805DCFFE7069955
:105FF00008784730087022E0069800783D2805DCD4
:10600000FFE7069908780438087017E006980078CA
:106010003E2804D1FFE706992B2008700DE0069872
:1060200000783F2804D1FFE706992F20087003E08D
:1060300006993D200870FFE7FFE7FFE7FFE7FFE76E
:10604000069801300690BEE79DF83F0020B1FFE7BB
:1060500006990A200870FFE708A80FF099FE14B00F
:1060600080BD000080B588B0079006910698006852
:1060700003A9012208F060F90798022806D3FFE778
:10608000069840680DF0D6FB019002E000200190D8
:10609000FFE70198029003980499029AD24326F0F0
:1060A000D3FD02900298C04310F0D8FA08B080BD2A
:1060B00082B08DF803009DF8030041280ADBFFE75A
:1060C0009DF803005A2805DCFFE79DF803004138DE
:1060D000019031E09DF8030061280ADBFFE79DF89D
:1060E00003007A2805DCFFE79DF80300473801909C
:1060F00022E09DF8030030280ADBFFE79DF803004B
:10610000392805DCFFE79DF803000430019013E017
:106110009DF803002B2803D1FFE73E2001900BE000
:106120009DF803002F2803D1FFE73F20019003E0F3
:106130004FF0FF300190FFE7019802B07047000078
:1061400080B584B003900398FDF7CEFA02900298D0
:10615000806840080190FFE7019838B1FFE7029896
:10616000019901390191FDF713FBF5E7062004B011
:1061700080BD000080B584B003900398FDF7B4FAA9
:1061800002900298806850B9FFE745F6DC60C0F6DF
:10619000040047F25B71C0F6040115F06DF8029837
:1061A000C068006801900299886801388860029987
:1061B0008868C96851F82000086002988268C16840
:1061C000002041F822000298806828B1FFE7029879
:1061D0000021FDF7DDFAFFE7019804B080BD000063
:1061E00080B584B0039002910398FDF77DFA019089
:1061F000039802990FF02AFB019881684A1E00213A
:10620000FDF790FA062004B080BD000080B584B090
:1062100003900291019203980299019A022300F0DF
:1062200003F804B080BD000080B594B012901191C5
:1062300010920F9312980F9A801A119901EB820114
:10624000109AEC460EABCCF8043043F2C043C0F6D3
:106250000403CCF80030012301F096FA0E980628CA
:106260000BD1FFE747F2B470C0F604000C9048F67B
:106270009170C0F604000D900FE00E98022109AA5B
:106280000DF01AF90998006812F066F80C90099858
:10629000406812F061F80D90FFE70F98012812D1C5
:1062A000FFE705A8049008210AAA039227F0BEF888
:1062B000039811990968032210F01CFF049810F04C
:1062C000DBFB139015E0119840680A904DF2D54021
:1062D000C0F602000B9011984068022108F068F99E
:1062E000119801680AA8032210F004FF06201390F9
:1062F000FFE7139814B080BD80B584B0039002917D
:10630000019203980299019A0123FFF78DFF04B0CF
:1063100080BD000080B59AB019901998012108F04D
:1063200047F9189019981490189800681590002053
:10633000039016908DF85C0010A8082127F038F81B
:1063400003980E900F900B900A90099014A8FEF7F6
:106350008BF9FFE7FFE79DF85C0008B9FFE751E222
:10636000002008908DF81F009DF85C008DF81E003D
:1063700014A8FEF779F99DF81E000938014602912C
:10638000742800F2D1810299DFE811F075007500E0
:10639000CE01CE017500CE01CE01CE01CE01CE01DF
:1063A000CE01CE01CE01CE01CE01CE01CE01CE0175
:1063B000CE01CE01CE01CE01CE017500CE01C700C7
:1063C000CE01CE01CE01CE01CE01CE01CE01CE0155
:1063D000CE0175005801CE01CE0158015801580177
:1063E00058015801580158015801580158017500C9
:1063F000CE01CE01CE01CE01CE01CE01CE01CE0125
:10640000CE01CE01CE01CE01CE01CE01CE01CE0114
:10641000CE01CE01CE01CE01CE01CE01CE01CE0104
:10642000CE01CE01CE01CE01CE01CE01CE01CE01F4
:10643000A801CE01B901CE01CE01CE01CE01CE011F
:10644000CE01CE01CE018F00CE01CE01CE01CE0114
:10645000CE01CE01CE017600CE01CE01CE01CE011D
:10646000CE01AE00CE01CE01CE01CE01CE01CE01D5
:10647000B101CE01B9016EE79DF85C00752812D11B
:10648000FFE714A8FEF7F0F86C280CD1FFE714A87A
:10649000FEF7EAF86C2806D1FFE714A8FEF7E4F847
:1064A0000620089000E0ADE13FE19DF85C00612826
:1064B00018D1FFE714A8FEF7D7F86C2812D1FFE730
:1064C00014A8FEF7D1F873280CD1FFE714A8FEF743
:1064D000CBF8652806D1FFE714A8FEF7C5F80E2013
:1064E000089000E08EE120E19DF85C00722812D156
:1064F000FFE714A8FEF7B8F875280CD1FFE714A839
:10650000FEF7B2F8652806D1FFE714A8FEF7ACF84D
:106510001E20089000E075E107E110A827F028F898
:10652000FFE79DF85C100020019039B1FFE79DF86E
:106530005C00223818BF01200190FFE70198C007D6
:10654000002800F06D80FFE79DF85C008DF81D00CD
:106550009DF81D005C2859D1FFE714A8FEF784F8C8
:106560008DF81D009DF81D0062380146009113282A
:106570004BD80099DFE801F00A4949490E494949D9
:10658000494949491249494916491A1E08208DF8B6
:106590001D003AE00C208DF81D0036E00A208DF831
:1065A0001D0032E00D208DF81D002EE009208DF831
:1065B0001D002AE0002006900590FFE705980328BB
:1065C0001EDCFFE714A8FEF74FF840F0200030383B
:1065D0008DF81D009DF81D000A2806DBFFE79DF8D9
:1065E0001D0027388DF81D00FFE706999DF81D0056
:1065F00040EA01100690FFE7059801300590DDE7BD
:10660000069910A826F056FD06E0FFE79DF81D103C
:1066100010A826F03FFDFFE714A8FEF725F880E755
:106620009DF85C0008B9FFE7ECE014A8FEF71CF841
:106630001199129810F0BAF9089076E000208DF8C0
:10664000130010A826F094FFFFE79DF81E1010A875
:1066500026F020FD9DF85C008DF81E009DF81E00C0
:106660002E280AD0FFE79DF81E00452805D0FFE739
:106670009DF81E00652804D1FFE701208DF8130066
:1066800012E09DF81E002B280BD0FFE79DF81E009E
:106690002D2806D0FFE79DF81E0025F0F9FF08B170
:1066A000FFE700E004E0FFE714A8FDF7DDFFCCE71B
:1066B0009DF81300C00740B1FFE71199129800231D
:1066C0001A4613F04DFE089007E0119912980A221D
:1066D000002313F09DFE0890FFE726E00021084606
:1066E0000FF0E8FF089001208DF81F001DE000204A
:1066F0000FF024FC089001208DF81F0015E00B9886
:1067000008B9FFE77EE00E9808B9FFE75DE00E9854
:1067100001380E900E990F9850F821000B900B98AD
:106720000DF0ACF80A9016E66CE00B9868B9FFE73C
:1067300008980B900B980DF0A1F80A909DF81F0097
:10674000C00708B9FFE740E03EE00A9846F2CC51A6
:10675000C0F60401884205D1FFE70B9808990FF0B5
:1067600075F814E0099848B9FFE7089809909DF872
:106770001F00C00708B1FFE744E007E00B98099944
:10678000089A0BF083FF00200990FFE7FFE79DF8D0
:106790001F00C007B8B1FFE70F9840B9FFE70CA88A
:1067A00001210FF097F80B980F99086004E00B99FE
:1067B0000CA80FF04BF8FFE708980B900B980DF022
:1067C0005DF80A90FFE7FFE7C4E5FFE79DF85C008E
:1067D00025F0B2FF20B1FFE714A8FDF745FFF5E76C
:1067E0009DF85C0008B1FFE70CE00B9818B1FFE7DB
:1067F0000E9808B1FFE705E010A826F015FD0B98EC
:106800001AB080BD47F2B770C0F6040014F02AFD3C
:1068100080B58EB00D900D980AA90122019207F063
:10682000B5FD01980B9906910B9907910A9908916A
:106830008DF8240046F63400C0F60400029006A845
:10684000039000200490059002A8FFF763FD0EB0AE
:1068500080BD000080B584B0039000200290FFE767
:10686000029840F60841C2F20101D1F89410884222
:106870000DD2FFE740F60840C2F20100D0F89800C0
:10688000029950F821000190019804B080BD45F6AE
:10689000F070C0F6040047F60D01C0F6040114F0D4
:1068A000EBFC000080B586B004900391049840B9D9
:1068B000FFE740F26200C2F2000010F0CFF805904E
:1068C0001CE00398006802A911F0DAFC019002981C
:1068D000212803D3FFE7002014F0C4FC0199029A99
:1068E00040F26200C2F200000090E9F795FF0099C3
:1068F000029A0020885406200590FFE7059806B00C
:1069000080BD000080B584B0039003980EF042FF74
:106910000CF030FF0290029801280EDBFFE703988D
:106920000190029826F0AAFE0FF004FE014601989D
:10693000042211F02DFF04B080BD45F6DC60C0F6E6
:106940000400002114F098FC80B584B002900298F5
:106950000CF010FF01900198202805DCFFE701985A
:10696000B0F1FF3F06DCFFE747F62E00C0F604005B
:1069700014F078FC019818B9FFE70120039010E0AB
:106980004FF0FF3000900198C0F120010098C840FE
:10699000009026F019FE009908400FF05FFE03906A
:1069A000FFE7039804B080BD80B586B005900491E0
:1069B00005980CF0DFFE039004980CF0DBFE0290CB
:1069C0000398029988420EDCFFE70399019102982F
:1069D000401A013026F052FE0146019808440FF09B
:1069E000A9FD06B080BD002014F03CFC80B526F067
:1069F0002BFE0FF071FC80BD80B58AB00890079126
:106A0000079800680CF0B6FE0690089801280CD193
:106A1000FFE70698012807DBFFE7069826F02EFE21
:106A20000FF088FD099058E054E0079840680CF09A
:106A3000A1FE05900898022813D1FFE70698059952
:106A400088420DDAFFE7069902910598401A26F070
:106A500015FE0146029808440FF06CFD09903CE0D9
:106A600038E0079880680CF085FE049004980128AF
:106A70000ADBFFE705980699401A04990844013893
:106A800090FBF1F0039010E00498B0F1FF3F0ADCB6
:106A9000FFE705980699401A04990844013090FBD5
:106AA000F1F0039000E015E0FFE70398012810DB08
:106AB000FFE70698009004980190039826F0DEFD09
:106AC000009A0146019800FB01200FF033FD099068
:106AD00003E0FFE7002014F0C5FB09980AB080BD71
:106AE00080B584B003900291039828B1FFE7029823
:106AF0000068062806D1FFE747F61E00C0F604002E
:106B000014F0B0FB029800680CF094FE0190FFE7CF
:106B1000019840F29001C2F20001086040F28C013D
:106B2000C2F200014520086040F28801C2F2000173
:106B3000E920086041F65801C2F201010020087006
:106B4000062004B080BD000080B586B00590049199
:106B500005980CF03FFD8DED030A04980CF03AFD0A
:106B60008DED020A9DED031A8DED001A9DED020ACE
:106B700030EE410A8DED010A26F066FD9DED001A0A
:106B8000B0EE402A9DED010A20EE020A30EE010A25
:106B90000FF0A2FB06B080BD80B586B005900491D1
:106BA0000498006811F0D8FB039003981CF088FB50
:106BB00002900298013030B9FFE747F6CE00C0F6E8
:106BC000040014F04FFB0298103046F62831C0F64E
:106BD00004010EF057FF01900198043003991CF056
:106BE000D9FA0090009838B1FFE7FFE747F6BF00F9
:106BF000C0F6040014F036FB019806B080BD00001A
:106C000080B5A6B0259024912498006823A911F09E
:106C100037FB2290249840680CF0ACFD21900020B6
:106C20008DF87F00259803283DD3FFE724988068DE
:106C30000CF0A0FD1E9000201D901C901B9025982C
:106C400004281AD3FFE72498C0680CF093FD1D9028
:106C50002598052810D3FFE7249800690CF08AFDD9
:106C60001C902598062806D3FFE7249840690CF06D
:106C700081FD1B90FFE7FFE7FFE71E9820B1FFE7CC
:106C80001E9802280DD1FFE71D9820B1FFE71D983F
:106C9000012806D1FFE71C9818B9FFE71B9808B137
:106CA000FFE7FFE7FFE72398A0B1FFE709A819F086
:106CB00071FF68B9FFE72498006820A901220392B8
:106CC00019F016FD03988DF87F0019F039FF00E0E8
:106CD000FFE7FFE79DF87F00C007002842D1FFE7EC
:106CE00000200890FFE7089840F60841C2F2010131
:106CF000D1F89410884234D2FFE740F60840C2F23F
:106D00000100D0F89800089950F8210007900798E2
:106D10000CF0B4FD029007980CF0B0FD014602980B
:106D2000497C00EB8100006906900698006898B1E4
:106D3000FFE70698D0F800C007982299239A20AB65
:106D4000E0470590059818B1FFE7059814F050FA50
:106D500001208DF87F0004E0FFE7089801300890DB
:106D6000C1E7FFE79DF87F00C00750B9FFE745F690
:106D7000F070C0F6040047F60D01C0F6040114F0EF
:106D80007BFA0520009000210FF052FF0146009889
:106D900004910499886004990320C8600498012232
:106DA0000192026104990A204861219920A819F0F2
:106DB00033FC01460198049A916104A90FF07AFC12
:106DC00026B080BD80B586B00590049103920598E9
:106DD000029003980068002845D1FFE702984068B8
:106DE00004300499C9000231002209F01BFC019013
:106DF000019828B1FFE7019840680399086031E0E5
:106E00000498B0F5A67F05D1FFE702984068039982
:106E1000086026E004980E281CD0FFE7029840681E
:106E200004307221002209F0FDFB0190019850B15D
:106E3000FFE7019840680499C900023102F090FC14
:106E40000399086005E005980499039A00F054F846
:106E5000FFE705E005980499039A00F04DF8FFE775
:106E6000FFE7FFE746E0029840680090009840681E
:106E70004008C00730B3FFE7009843F6EC51C0F676
:106E80000401884217D1FFE740F60840C2F2010032
:106E9000806E48B9FFE701200FF050F840F6084136
:106EA000C2F201018866FFE740F60840C2F2010025
:106EB000806E009005E005980499039A00F01CF894
:106EC00018E0FFE70398406838B9FFE70098049995
:106ED000C90002310BF044FB08E000980499C90096
:106EE0000231039A52680BF0D1FBFFE703990020AF
:106EF0000860FFE706B080BD80B586B005900491BC
:106F000003920120029000200190FFE7019802996E
:106F100088421DD2FFE7019943F2A070C0F6040039
:106F200050F83100059988420DD1FFE7019943F2ED
:106F3000A070C0F6040000EBC100436805980499F6
:106F4000039A984704E0FFE7019801300190DDE7DC
:106F500006B080BD80B588B0079006918DF81720E7
:106F6000069804904CF2DA00C0F6040003900498EE
:106F700040680430BA21002209F054FB02900298C4
:106F800030B1FFE70298406811F0E6F90390FFE79F
:106F900004984068043040F66A21002209F042FB60
:106FA0000290029890B1FFE7079801900398009033
:106FB0000298406811F0D0F9009A034601984AF20D
:106FC0000A01C0F6040114F021F808E00798039ABA
:106FD00049F6FC71C0F6040114F018F8FFE708B098
:106FE00080BD00008AB0DDF82CC0DDF828C0099013
:106FF0000891079206930998807C0438B0FA80F0D3
:10700000400905900998008AC0080490FFE7069897
:10701000411E0691C8B3FFE709988068089A07994E
:10702000049B594301EBD20108440390059828B111
:10703000FFE7089800F00700009004E00899072097
:1070400088430090FFE7009802900A980190FFE7BC
:107050000198B0B1FFE703990878029B01229A409A
:1070600090430B9A002A18BF01229A4010430870DF
:107070000499039808440390FFE7019801380190B0
:10708000E6E7089801300890C1E70AB070470000B1
:1070900086B0059004910392049A03980599098A91
:1070A00000FB0120C00802900598807C042805D1CF
:1070B000FFE7049800F00700009004E0049907201F
:1070C00088430090FFE70098019005988068029936
:1070D000405C0199C84000F0010006B07047000014
:1070E00087B00690059104920393059A0498069937
:1070F000098A00FB0120C00802900698807C0428C1
:1071000005D1FFE7059800F00700009004E005991D
:10711000072088430090FFE7009801900698816857
:10712000029A885CDDF804C0012303FA0CF398434B
:10713000039B002B18BF012303FA0CF31843885458
:1071400007B0704780B586B084460898CDF814C063
:107150000491039202938DF8070005980499039A0D
:107160005204029B42EA43029DF8073063F3000297
:1071700000F0A6FA06B080BD80B586B084460898B7
:10718000CDF814C00491039202938DF8070005987E
:107190000499039A5204029B42EA43029DF8073085
:1071A00063F3000200F08CFA06B080BD80B586B0B3
:1071B00084460898CDF814C00491039202938DF888
:1071C000070005980499039A5204029B42EA43027D
:1071D0009DF8073063F3000200F072FA06B080BD3C
:1071E00080B586B084460898CDF814C00491039207
:1071F00002938DF8070005980499039A5204029BA4
:1072000042EA43029DF8073063F3000200F058FAA7
:1072100006B080BD80B586B084460898CDF814C00D
:107220000491039202938DF8070005980499039A3C
:107230005204029B42EA43029DF8073063F30002C6
:1072400000F03EFA06B080BD80B586B0844608984E
:10725000CDF814C00491039202938DF807000598AD
:107260000499039A5204029B42EA43029DF80730B4
:1072700063F3000200F024FA06B080BD80B586B04A
:1072800084460898CDF814C00491039202938DF8B7
:10729000070005980499039A5204029B42EA4302AC
:1072A0009DF8073063F3000200F00AFA06B080BDD3
:1072B00080B586B084460898CDF814C00491039236
:1072C00002938DF8070005980499039A5204029BD3
:1072D00042EA43029DF8073063F3000200F0F0F940
:1072E00006B080BD80B586B084460898CDF814C03D
:1072F0000491039202938DF8070005980499039A6C
:107300005204029B42EA43029DF8073063F30002F5
:1073100000F0D6F906B080BD80B586B084460898E6
:10732000CDF814C00491039202938DF807000598DC
:107330000499039A5204029B42EA43029DF80730E3
:1073400063F3000200F0BCF906B080BD80B586B0E2
:1073500084460898CDF814C00491039202938DF8E6
:10736000070005980499039A5204029B42EA4302DB
:107370009DF8073063F3000200F0A2F906B080BD6B
:1073800080B586B084460898CDF814C00491039265
:1073900002938DF8070005980499039A5204029B02
:1073A00042EA43029DF8073063F3000200F088F9D7
:1073B00006B080BD80B586B084460898CDF814C06C
:1073C0000491039202938DF8070005980499039A9B
:1073D0005204029B42EA43029DF8073063F3000225
:1073E00000F06EF906B080BD80B586B0844608987E
:1073F000CDF814C00491039202938DF8070005980C
:107400000499039A5204029B42EA43029DF8073012
:1074100063F3000200F054F906B080BD80B586B079
:1074200084460898CDF814C00491039202938DF815
:10743000070005980499039A5204029B42EA43020A
:107440009DF8073063F3000200F03AF906B080BD02
:1074500080B586B084460898CDF814C00491039294
:1074600002938DF8070005980499039A5204029B31
:1074700042EA43029DF8073063F3000200F020F96E
:1074800006B080BD80B586B084460898CDF814C09B
:107490000491039202938DF8070005980499039ACA
:1074A0005204029B42EA43029DF8073063F3000254
:1074B00000F006F906B080BD80B586B08446089815
:1074C000CDF814C00491039202938DF8070005983B
:1074D0000499039A5204029B42EA43029DF8073042
:1074E00063F3000200F0ECF806B080BD80B586B012
:1074F00084460898CDF814C00491039202938DF845
:10750000070005980499039A5204029B42EA430239
:107510009DF8073063F3000200F0D2F806B080BD9A
:1075200080B586B084460898CDF814C004910392C3
:1075300002938DF8070005980499039A5204029B60
:1075400042EA43029DF8073063F3000200F0B8F806
:1075500006B080BD80B586B084460898CDF814C0CA
:107560000491039202938DF8070005980499039AF9
:107570005204029B42EA43029DF8073063F3000283
:1075800000F09EF806B080BD80B586B084460898AD
:10759000CDF814C00491039202938DF8070005986A
:1075A0000499039A5204029B42EA43029DF8073071
:1075B00063F3000200F084F806B080BD80B586B0A9
:1075C00084460898CDF814C00491039202938DF874
:1075D000070005980499039A5204029B42EA430269
:1075E0009DF8073063F3000200F06AF806B080BD32
:1075F00080B586B084460898CDF814C004910392F3
:1076000002938DF8070005980499039A5204029B8F
:1076100042EA43029DF8073063F3000200F050F89D
:1076200006B080BD80B586B084460898CDF814C0F9
:107630000491039202938DF8070005980499039A28
:107640005204029B42EA43029DF8073063F30002B2
:1076500000F036F806B080BD80B586B08446089844
:10766000CDF814C00491039202938DF80700059899
:107670000499039A5204029B42EA43029DF80730A0
:1076800063F3000200F01CF806B080BD80B586B040
:1076900084460898CDF814C00491039202938DF8A3
:1076A000070005980499039A5204029B42EA430298
:1076B0009DF8073063F3000200F002F806B080BDC9
:1076C00080B586B00590049103929DF80C0000F0FF
:1076D00001008DF80B000398400C01900398C0F353
:1076E0004F000090049858B1FFE79DF80B00C007C9
:1076F00030B9FFE747F68050C0F6040013F098FD5C
:1077000001980099884212D1FFE7059801998842B3
:107710000CD0FFE7019A059B46F2EC00C0F604008E
:1077200047F60851C0F6040113F0B8FD24E00598AF
:10773000019988420DD2FFE701980599421A46F255
:10774000EC00C0F6040047F6A851C0F6040113F09F
:10775000A5FD0598009988420CD9FFE7009A059B82
:1077600046F2EC00C0F6040047F66841C0F604019A
:1077700013F094FDFFE7FFE706B080BD47F69740A2
:10778000C0F6040013F02AFD80B58AB0DDF834C0DD
:10779000DDF830C00990089107920693002005900B
:1077A00004900390FFE703980699884280F08F8049
:1077B000FFE703980999884213D2FFE70C980399D1
:1077C00000EBC10040888005002801D5FFE784E078
:1077D0000598013005900898039950F8210002900F
:1077E00035E007980C99039A31F83210C90002313C
:1077F000002208F017FF0190019800BBFFE70C98EA
:10780000039900EBC1004088C00500280ED5FFE7B2
:107810000C98039930F8312046F2EC00C0F60400D1
:1078200047F6D541C0F6040113F038FD0D99039ACF
:107830000C9800EBC200406841F8220043E0049835
:1078400001300490019840680290FFE7FFE70C9830
:10785000039900EBC1008078012808D1FFE7029866
:107860000DF038FF0D99039A01F822002AE00C98D8
:10787000039900EBC1008078022808D1FFE7029845
:107880000BF078FF0D99039A41F8220019E00C984B
:10789000039900EBC1008078032801D1FFE70AE0DB
:1078A00047F60B40C0F6040047F63F41C0F604011E
:1078B0006F22ECF7A7FB039A02980D9941F822007A
:1078C000FFE7FFE7FFE70398013003906BE70598B8
:1078D0000999884207D2FFE7FFE747F65F50C0F6F5
:1078E000040013F0A5FC049807990968B0EBD10FC8
:1078F00006D2FFE747F64150C0F6040013F098FCAB
:107900000AB080BD10B58AB0DDF834C0DDF830C0F3
:10791000099008910792069308990798099A00EB35
:10792000820203A8029008F059FE029A099807996A
:10793000069BDDF830C00D9CEE46CEF80440CEF834
:1079400000C0FFF721FF0AB010BD000088B007900B
:107950008DF81B108DF81A2005939DF81A00C007AA
:1079600048B9FFE74FF0FF300490079805990844A5
:107970000138059002E001200490FFE70020039009
:1079800002909DF81B00C00758B1FFE705980078EA
:107990000006002805D5FFE74FF0FF300390029066
:1079A000FFE700200190FFE701980799884218D26D
:1079B000FFE702990398000240EA11600902029170
:1079C000039005980278029803991043039102905E
:1079D0000499059808440590FFE70198013001904B
:1079E000E2E70298039908B07047000080B588B0BC
:1079F0008DF81F008DF81E100692002005900120C2
:107A000004909DF81F00014603913C2809D0FFE730
:107A100003983E2805D0FFE70398402800F04080F7
:107A2000DFE09DF81E004238014602912F2800F247
:107A300036800299DFE801F01833333333331B1EED
:107A4000333321333327272433273333333333334B
:107A500033333333333333331833302A2D331B1E50
:107A600033332133333333240120059017E00220D0
:107A7000059014E00420059011E0042005900EE02C
:107A8000082005900BE00420059008E002200590F6
:107A900005E00420059002E008200590FFE7A0E043
:107AA0009DF81E00013801460191702800F298806F
:107AB0000199DFE811F0710095009500950095009F
:107AC000950095009500950095009500950095000E
:107AD00095009500950095009500950095009500FE
:107AE00095009500950095009500950095009500EE
:107AF00095009500950095009500950095009500DE
:107B000095009500950095009500950095009500CD
:107B100095009500950095009500950095009500BD
:107B200095009500950095009500950095009500AD
:107B300095009500950095007100950095009500C1
:107B40009500950075007900950095007D009500E1
:107B500095008500850081009500850095009500C1
:107B6000950095009500950095009500950095006D
:107B70009500950095009500710095009100890091
:107B80008D00950075007900950095007D009500A9
:107B900095009500950081000120059004901FE05C
:107BA0000220049005901BE004200490059017E04B
:107BB00004200490059013E00820049005900FE045
:107BC0000420049005900BE002200490059007E04B
:107BD00004200490059003E0082004900590FFE73E
:107BE000FFE7059830B9FFE747F6B360C0F6040039
:107BF00013F038FB069820B1FFE704980699086057
:107C0000FFE7059808B080BD80B58EB08DF83300D1
:107C10008DF832100B920A930A98006809909DF82B
:107C200033009DF8321008AAFFF7E0FE07909DF898
:107C3000330040280ED1FFE70B980999091A089ADA
:107C40001144013952421140084409903C208DF8FA
:107C50003300FFE70998079908440A9908600798D4
:107C60009DF8322000215A2AC8BF01219DF83320F7
:107C70003E3AB2FA82F25209099BFFF767FE05917C
:107C800004909DF832004F2803D1FFE704980D902F
:107C900067E09DF83200532807D1FFE7049803906E
:107CA00003980EF0DBFE0D905BE09DF83200652836
:107CB00008D1FFE7BDF8100002F018FD0EF04AFBF6
:107CC0000D904EE09DF83200662808D1FFE7049839
:107CD00002909DED020A0EF03DFB0D9041E09DF8F3
:107CE000320064280AD1FFE70498059901910090B9
:107CF0009DED000B0EF014FB0D9032E09DF832006C
:107D00005B281DDBFFE704990598B1F1404170F154
:107D1000FF300FDBFFE7049A05996FF04040801AAF
:107D20004FF00000884105DBFFE704980EF002FCED
:107D30000D9016E0049805990EF058FC0D9010E097
:107D40000499059840EA917028B9FFE704980EF06D
:107D500085FC0D9005E0049805990EF097FC0D90B8
:107D6000FFE70D980EB080BD80B586B08DF813008A
:107D700003910292002001909DF813000138014602
:107D80000091702800F2E2800099DFE811F076009F
:107D9000DF00DF00DF00DF00DF00DF00DF00DF00EB
:107DA000DF00DF00DF00DF00DF00DF00DF00DF00DB
:107DB000DF00DF00DF00DF00DF00DF00DF00DF00CB
:107DC000DF00DF00DF00DF00DF00DF00DF00DF00BB
:107DD000DF00DF00DF00DF00DF00DF00DF00DF00AB
:107DE000DF00DF00DF00DF00DF00DF00DF00DF009B
:107DF000DF00DF00DF00DF00DF00DF00DF00DF008B
:107E0000DF00DF00DF00DF00DF00DF00DF00DF007A
:107E10007600DF00DF00DF00DF00DF0081008F0081
:107E2000DF00DF009F00DF00DF00D100D700B200DD
:107E3000DF00DF00DF00DF00DF00DF00DF00DF004A
:107E4000DF00DF00DF00DF00DF00DF00DF00DF003A
:107E50007100DF00C700DF00BD00DF007B0087008E
:107E6000DF00DF009700DF00DF00DF00DF00A7009A
:107E7000039802994056019068E003980299405C8B
:107E8000019063E00398029930F9110001905DE0E0
:107E90000398029930F81100019057E00398029975
:107EA00050F821000EF046FB059054E0039802992B
:107EB00050F821000EF0D2FB05904CE00398029997
:107EC00050F821000EF036FB059044E0039802992B
:107ED00050F821000EF0C2FB05903CE00398029A96
:107EE00000EBC20150F8320049680EF07FFB0590AC
:107EF00031E00398029A00EBC20150F83200496861
:107F00000EF0C4FB059026E00398029900EB810077
:107F100090ED000A0EF01EFA05901CE003980299FD
:107F200000EBC10090ED000B0EF0FAF9059012E0A5
:107F30000398029950F8210005900CE003980299EB
:107F400050F821000EF0F6FA059004E00198400088
:107F500001300590FFE7059806B080BD80B59EB062
:107F60008DF873001B911A929DF8730007280AD1AF
:107F7000FFE71B981A99401AB0FA80F040090DF0FB
:107F8000A9FE1D90C4E29DF87300022805D0FFE70A
:107F90009DF87300052808D1FFE79DF873001B9931
:107FA0001A9A0AF099FB1D90B2E29DF87300082816
:107FB0004CD1FFE71A980CF02FFF60B1FFE71B9838
:107FC0001A990AF08BFD18B1FFE71E201D909FE261
:107FD0000E201D909CE20020B0BBFFE71A980DF028
:107FE00055F988B3FFE71A98006846F67801C0F69D
:107FF0000401884228D1FFE71A98199000201890B0
:10800000FFE718981999496888421AD2FFE719982A
:10801000189900EB810080681A901A980CF0FCFE09
:1080200008B9FFE74DE21B981A990AF057FD18B1FD
:10803000FFE71E201D906BE2FFE7189801301890B3
:10804000DFE70E201D9063E2FFE73AE21B980DF098
:108050005DFA002800F0B481FFE71B9840101790EC
:108060001A980DF053FA002800F06181FFE71A9882
:10807000401016909DF8730001460491232800F2E9
:1080800044810499DFE811F01901230141012D0118
:1080900037014101410141014101240029002E0025
:1080A00033005F0077007C008100410192009C005A
:1080B000AE00B800240029002E0033005F007700D6
:1080C0007C008100410192009C00AE00B800FD00E0
:1080D000169917980843179018E116991798484071
:1080E000179013E116991798084017900EE116980B
:1080F000B0F1FF3F06DCFFE749F6D370C0F604009D
:1081000013F0B0F816981F2810DCFFE71798169A9E
:108110006FF04041D140884208DCFFE71798169A7B
:108120004FF040411141884206DAFFE71798C11726
:108130000EF05CFA1B9053E117981699884017903F
:10814000FFE7FFE7E2E01698B0F1FF3F06DCFFE74C
:1081500049F6D370C0F6040013F084F8169820286E
:1081600003DBFFE71F201690FFE7169917980841D9
:108170001790FFE7CAE01699179808441790C5E0D2
:1081800016991798401A1790C0E01798169915AAD3
:1081900009F070FB30B1FFE71798C1170EF026FA0F
:1081A0001B901DE115981790FFE7AFE0169808B9EE
:1081B000FFE7A3E11798169914F092FE1790A5E037
:1081C000169808B9FFE799E19DED170AB8EEC00AC5
:1081D0009DED161AB8EEC11A80EE010A0EF07CF879
:1081E0001D9095E1169808B9FFE787E11798169951
:1081F00014F09AFE179089E01698B0F1FF3F0BDC5F
:10820000FFE79DF873009DED170AB8EEC00A1A99B2
:108210000AF030FD1D907BE101201490FFE71698D5
:10822000012823DBFFE79DF85800C00748B1FFE7AE
:108230001498179914AA09F01DFB08B1FFE719E07B
:10824000FFE71698012801D1FFE70FE0169800EB31
:10825000D07040101690179913AA084609F00AFB2F
:1082600008B1FFE706E013981790D8E71498179025
:10827000FFE74BE01B994810C9170EF0B7F91B90A8
:10828000AEE0169808B9FFE738E1022000210EF0B1
:10829000CFFC12901798169914F022FE400001307E
:1082A000129988601798169914F03EFE400001302C
:1082B0001299C86012981D902AE11799169A002009
:1082C0009142B8BF01200DF005FD1D9020E11799E6
:1082D000169A00209142C8BF01200DF0FBFC1D90B2
:1082E00016E11799169A00209142D8BF01200DF08F
:1082F000F1FC1D900CE11799169A00209142A8BF3D
:1083000001200DF0E7FC1D9002E1DAE0179880EA09
:108310004000C00F28B9FFE71798400001301D90BA
:10832000F6E01798C1170EF061F91D90F0E00020FB
:10833000F8B9FFE71A980CF0A9FFD0B1FFE71A9837
:10834000006846F22C41C0F60401884211D1FFE7D3
:108350009DF873009DED170AB8EEC00A1A990AF04D
:1083600089FC1190119808B9FFE7AAE011981D90B7
:10837000CEE0002008BBFFE71A980CF087FFE0B1C1
:10838000FFE71A98006846F23831C0F604018842C7
:1083900013D1FFE79DF873009DED170AB8EEC00AF0
:1083A0001A99DFED5D0A09F00FFE1090109808B9D8
:1083B000FFE786E010981D90AAE0FFE7FFE7FFE7E0
:1083C0009DF8730006280AD1FFE724208DF873007A
:1083D0001B980F901A981B900F981A90FFE7FFE7D1
:1083E0001B980BF04BFA0E900E98007B90B1FFE7B4
:1083F0000E98017B00EB810003699DF873001B99C7
:108400001A9A98470D900D9818B1FFE70D981D9096
:108410007EE0FFE79DF8730009280BDBFFE79DF87E
:108420007300152806DCFFE79DF873000D308DF80A
:108430007300D5E79DF87300162811DBFFE79DF860
:10844000730022280CDCFFE71A980C901B981A90F6
:108450000C981B909DF873000F308DF87300BFE7E8
:108460009DF8730025280CDBFFE71A980B901B98EA
:108470001A900B981B909DF873000F388DF87300BD
:10848000FFE7FFE79DF87300242819D1FFE71B9849
:1084900007A906F0CBF80690FFE7069806F0EAFF7A
:1084A000059050B1FFE705981A990AF007F918B13D
:1084B000FFE71E201D902BE0EFE70E201D9027E028
:1084C000FFE79DF8731043F2B850C0F60400405C1B
:1084D00002901B980BF0EEF903901A980BF0EAF952
:1084E000029A039B6946086046F2EC00C0F604005D
:1084F0004CF22811C0F6040112F0D0FE46F25810DA
:10850000C0F6040049F62C21C0F6040112F0B4FEB6
:108510001D981EB080BD00BF0000000080B586B071
:1085200005908DF81310039202939DF81300C00775
:1085300030B9FFE70398059A02A9E8F76DF914E04E
:10854000059902A808440190FFE70598411E05918E
:1085500050B1FFE70198411E019110F8010C0399F9
:108560004A1C03920870F0E7FFE706B080BD0000E8
:1085700080B590B0DDF848C08DF83F008DF83E1012
:108580000E920D93129800680C909DF83F009DF894
:108590003E100BAAFFF72AFA0A909DF83F004028E8
:1085A0000ED1FFE70D980C99091A0B9A1144013965
:1085B0005242114008440C903C208DF83F00FFE7E8
:1085C0000C980A990844129908609DF83E004F38AB
:1085D00001460391172844D80399DFE801F00C42C3
:1085E000424242424242424242424242424242426B
:1085F0004242421E0F160E9809906BE00E980BF047
:10860000B1F803F0D1F9099064E00E980BF0AAF8E4
:108610008DED080A089809905CE00E980BF084F83C
:108620008DED060B9DF83F003E38B0FA80F0400912
:108630000590059B002B194618BF01210C9A06A82E
:10864000029050F823300420FFF768FF02980C993D
:1086500004310C91059981F0010150F82100099035
:1086600038E00E980CF0AAFCA8B1FFE70E9800685D
:1086700046F27051C0F6040188420CD1FFE70E9813
:108680009DF83F103E39B1FA81F149090A9A0C9BD5
:108690000CF0BEFA34E00E980BF06CF809900A98D2
:1086A000052816D3FFE70998C017C0B204900C98AC
:1086B0009DF810200A99E8F7A5F99DF83F003E289B
:1086C00006D1FFE70A980C99084404380C90FFE79C
:1086D000FFE7FFE70A98032803D8FFE70A9801900D
:1086E00002E004200190FFE701989DF83F103E3919
:1086F000B1FA81F149090C9A099BFFF70FFFFFE7D7
:1087000010B080BD80B58AB08DF82700089107921F
:1087100006939DF82700014604914F281CD0FFE7DF
:10872000049864280ED0FFE7049866281AD1FFE762
:1087300006980BF017F80898079900EB810080ED78
:10874000000A41E006980AF0EFFF0898079900EB4D
:10875000C10080ED000B37E006980899079A41F8B0
:10876000220031E006980CF029FCE0B1FFE7069802
:10877000006846F27051C0F60401884213D1FFE749
:108780009DF82710402000220392FFF72FF903994C
:1087900005900698059ADDF820C0079B03FB02C3ED
:1087A0000CF036FA10E09DF827000290089800902F
:1087B0000798019006980AF0DDFF0099019A034698
:1087C000029800F003F8FFE70AB080BD80B586B0DC
:1087D0008DF817000491039202939DF81700013859
:1087E00001460191702800F2D5800199DFE811F06F
:1087F0007600D200D200D200D200D200D200D20045
:10880000D200D200D200D200D200D200D200D200D8
:10881000D200D200D200D200D200D200D200D200C8
:10882000D200D200D200D200D200D200D200D200B8
:10883000D200D200D200D200D200D200D200D200A8
:10884000D200D200D200D200D200D200D200D20098
:10885000D200D200D200D200D200D200D200D20088
:10886000D200D200D200D200D200D200D200D20078
:10887000D2007600D200D200D200D200D200810015
:108880008D00D200D2009900D200D200D200CC00DC
:10889000AA00D200D200D200D200D200D200D20070
:1088A000D200D200D200D200D200D200D200D20038
:1088B000D2007100D200C000D200B500D2007B000F
:1088C0008700D200D2009300D200D200D200D200A2
:1088D0009F0002980499039A88545BE002980499D7
:1088E000039A885456E002980499039A21F81200DA
:1088F00050E002980499039A21F812004AE0029885
:108900000499039A41F8220044E002980499039ADA
:1089100041F822003EE002980499039A41F82200AF
:1089200038E002980499039A41F8220032E0029A52
:10893000D017049BDDF80CC003EBCC0143F83C20BE
:10894000486027E0029AD017049BDDF80CC003EBC7
:10895000CC0143F83C2048601CE09DED020AB8EED3
:10896000C00A0498039900EB810080ED000A11E031
:10897000029828F065FF41EC100B0498039900EB76
:10898000C10080ED000B05E002980499039A41F8BC
:108990002200FFE706B080BD80B58AB0099008913B
:1089A0000998022801D3FFE70AE049F21040C0F617
:1089B000040049F26631C0F604013222EBF722FBD3
:1089C00007F0EAFB079000200DF0B8FA0690069831
:1089D00007F002FC0898006800F0B6FE05900798C2
:1089E00007F0FAFB0998022806D1FFE746F6A8002F
:1089F000C0F60400049005E0089880680AF03EFF85
:108A00000490FFE708984068019009980238089997
:108A100008310EF00DF90290069803900498032196
:108A2000002201AB00F0D4FE00900598062805D086
:108A3000FFE70598009909F025F9FFE700980AB0CB
:108A400080BD000080B592B010900F910F98006823
:108A50000E9006200D9000200C901098042815D33D
:108A6000FFE70F98C0680D90109805280DD3FFE719
:108A70000F98006940100C900C98B0F1FF3F03DC98
:108A8000FFE7002012F0EEFBFFE7FFE70E980BA9CF
:108A90000FF0F6FB0A900C9858B3FFE705F062FE62
:108AA0000990109802281DD3FFE70F984068062808
:108AB00018D0FFE70F9840680990002070B9FFE7D1
:108AC00009980CF093FA48B1FFE70998006846F25C
:108AD0008831C0F60401884203D0FFE7002012F07D
:108AE000A7FBFFE70C98099B0AA90BAAF6F714FA53
:108AF000FFE70B9818B9FFE7002012F0B3FB002046
:108B000008900790069001200590FFE705980B99C3
:108B1000884236D8FFE705980B99884206D0FFE7D0
:108B20000A980599405C2E2826D1FFE70A980599F6
:108B300019F0F4FF04900A98069A10440599891ACE
:108B400019F0ECFF039000208DF80B0004980399B6
:108B5000079A9DF80B3003F0010319F09FF901907B
:108B600001980790089818B9FFE701980890FFE767
:108B7000059801300690FFE7FFE705980130059062
:108B8000C4E70D98062803D0FFE70798119002E08C
:108B900008981190FFE7119812B080BD80B584B09D
:108BA00003900398062824D0FFE7039945F6305038
:108BB000C0F60400009001220EF09CFA009849F2E1
:108BC0009C41C0F6040112F0EFF8042001900398D4
:108BD000029046F24860C0F60400417B00EB810041
:108BE000036943F6E450C0F60400082101AA98473F
:108BF000FFE7062004B080BD80B582B001900199E6
:108C0000072014F0B1FC02B080BD000080B588B030
:108C10000690069802A905F009FD0190FFE701986A
:108C200006F028FC009048B1FFE700980CF052FDD8
:108C300018B9FFE70E20079003E0F0E71E20079029
:108C4000FFE7079808B080BD80B588B00690069809
:108C500002A905F0EBFC0190FFE7019806F00AFC81
:108C6000009048B1FFE700980CF034FD18B1FFE721
:108C70001E20079003E0F0E70E200790FFE707981B
:108C800008B080BD80B584B0039041F222300190DD
:108C900003980290022001A900220EF077FD04B093
:108CA00080BD000080B582B0009000980CF048F8BC
:108CB00018B1FFE71E20019002E00E200190FFE7AF
:108CC000019802B080BD000080B588B00790079879
:108CD0000AF050FD06900698B0F5881F06D3FFE70E
:108CE00049F24530C0F6040012F0BCFA02A8009028
:108CF000042101AA24F07AFB0098069924F0DAF9FD
:108D0000039904980DF088FF08B080BD80B592B03B
:108D100011901091109800680FA90FF0B1FA0E9001
:108D2000109840680FF0EEFA0D900D980E990F9A7A
:108D3000002306F0B9FC0C90109880680FF0E2FA5E
:108D40000B900B980190502811D0FFE70198512803
:108D500009D0FFE70198B0F50E7F0CD1FFE70020A6
:108D60008DF82B000DE001208DF82B0009E002208A
:108D70008DF82B0005E047F6C060C0F6040012F045
:108D800071FA0C999DF82B2008A8009010F016FAA3
:108D900000980021059104A902910C9909689DF899
:108DA0002B20B2FA82F2520902AB01F097FA039A31
:108DB000069807990DF072F812B080BD80B582B0A8
:108DC0000190009101980099002200F00DFC02B082
:108DD00080BD000080B58AB0089007910021084648
:108DE0000DF068FC0690089810BBFFE707F0D4F977
:108DF000059000200490FFE704980599896888424F
:108E000015D2FFE705980430049907F033FF48B105
:108E1000FFE706980599C968049A51F832100CF0DA
:108E200015FDFFE7FFE7049801300490E4E737E021
:108E300040F60840C2F20100416A4868C96820F063
:108E400000400844039002200290FFE70298039933
:108E5000884224D2FFE70798006802996A460023F7
:108E600007F016F90098A8B1FFE7029802280AD186
:108E7000FFE7019838B1FFE700216A46084600F095
:108E8000D1FC09900FE006980299C90002310CF05C
:108E9000DDFCFFE7FFE7029801300290D6E7FFE72D
:108EA00006980990FFE709980AB080BD80B582B0A6
:108EB000019000910199009A2320FFF74FF802B02A
:108EC00080BD000080B582B00190009101980099AA
:108ED0000222F5F789FF02B080BD000080B582B0A4
:108EE00001900091019800990122F5F77DFF02B0F1
:108EF00080BD000080B582B001900091019800997A
:108F00000022F5F771FF02B080BD000080B584B08B
:108F100003900291002001900398032804D3FFE7F7
:108F2000029880680190FFE702980168009140680C
:108F30000FF0E8F901460098019A06F051FF04B0DD
:108F400080BD000080B505F019FC80BD80B586B0FD
:108F50000590049104980FF0D5F9039005980399B2
:108F600001AA002307F094F80198002818BF0120F7
:108F70000CF0FCFD06B080BD80B582B00190019977
:108F8000062014F0F1FA02B080BD000080B582B076
:108F900001900091019858B9FFE745F63050C0F6AE
:108FA000040043F6DC11C0F6040111F0FDFE04E0FC
:108FB0000098006805F0C4FFFFE7062002B080BDFE
:108FC00080B582B00190019A212040F2D261FEF773
:108FD000C5FF02B080BD000080B588B00790069143
:108FE0000798012806D1FFE70698006800210DF0D8
:108FF000FBFFFFE702A80090102124F0D9F90098A8
:109000004CF2DA01C0F604011AF04CFD019001980F
:10901000032807D1FFE745F62470C0F604000021BD
:1090200012F02AF9039858B9FFE70198042807D1EC
:10903000FFE745F62860C0F60400002112F01CF995
:1090400002A80DF025FD08B080BD000080B582B0FB
:109050000190009101980AF011FC00990CF066FA59
:1090600002B080BD80B582B001900091002070B93F
:10907000FFE701980CF0DAF848B1FFE701980068C3
:1090800046F6A801C0F60401884206D0FFE74AF67A
:109090007120C0F6040012F0CBF8019800990CF092
:1090A00045FA02B080BD000080B582B00190019801
:1090B000002105F0BBFA02B080BD000080B507F0CA
:1090C0006BF880BD80B584B0039002910192039843
:1090D0000299019A012300F011F804B080BD00004C
:1090E00080B584B003900291019203980299019A8D
:1090F000002300F003F804B080BD000080B598B0F4
:109100001690159114921393149840F24A3100224C
:1091100007F088FA1290129818B9FFE70020029021
:1091200003E0129840680290FFE7029810901698AA
:1091300001284BD1FFE7159800680CA905F076FAD5
:109140000B9000200A900990FFE70B9806F092F927
:10915000089000B3FFE7109818B9FFE7089801904E
:1091600005E01098089900F0FBFA0190FFE70198DC
:109170000790099848B1FFE79DF84C0007990A9AB3
:10918000FEF7ECFE1E2805D1FFE707980A90089825
:109190000990FFE7D9E70998A8B9FFE7149840F6C6
:1091A0004A41002207F03EFA1190119820B1FFE7E2
:1091B00011984068099005E049F2CC30C0F60400EF
:1091C00012F050F8FFE70998179039E00020069058
:1091D00005900490FFE70498169988422DD2FFE786
:1091E000109830B9FFE71598049950F821000090C5
:1091F00008E010981599049A51F8221000F0B0FA7E
:109200000090FFE700980390059848B1FFE79DF8AC
:109210004C000399069AFEF7A1FE1E2808D1FFE72D
:10922000039806901598049950F821000590FFE7DF
:10923000FFE7049801300490CDE705981790FFE709
:10924000179818B080BD000080B586B004900391D7
:109250000498012812D1FFE70398006806F064F92A
:109260000290029838B9FFE740F60840C2F20100C8
:10927000006A11F0C9FF0298059011E00398006898
:1092800006F0F8F80190019820B9FFE703984068CC
:10929000009002E001980090FFE700980590FFE73A
:1092A000059806B080BD000080B582B00190019A9B
:1092B000212040F2CA61FEF751FE02B080BD0000DD
:1092C00080B584B0039002910192132011F090FFB9
:1092D00080B584B00290029801A90EF0D1FF0090F1
:1092E00002980BF0EBFF70B9FFE702980BF0A2FEBB
:1092F000D0B1FFE70298006846F60001C0F604010D
:10930000884211D1FFE70098019923F0ABFA019050
:109310000198012807D1FFE7009823F025FB0DF005
:1093200009F9039016E00AE00198012806D1FFE749
:10933000009800784000013003900BE0FFE7019AAD
:1093400046F2EC00C0F6040049F29231C0F6040186
:1093500011F0A4FF039804B080BD000080B584B074
:10936000029001910298022808D1FFE70198016854
:1093700042682220FEF7F2FD039007E0019A106890
:10938000516892680BF05EFB0390FFE7039804B00E
:1093900080BD000080B592B0119010910F920F9A8D
:1093A00069460CA80290486043F65000C0F60400DD
:1093B00008600021049103230846FEF7E5F90E98A2
:1093C000022105F0F5F802990E980A904DF2D54069
:1093D000C0F602000B900C980990081D03900D98A0
:1093E000089009980EF04CFF0399079008980EF02A
:1093F00047FF0146049806910590FFE705981199EB
:10940000884216D2FFE7059830B1FFE70A9807991E
:109410000C9A14F05FF8FFE71098059950F82110A6
:109420000AA800220DF066FEFFE7059801300590BE
:10943000E4E70A9806990D9A14F04CF8062012B049
:1094400080BD000080B58AB0099005A80290102167
:1094500003AA019223F0EAFF0198099901220DF075
:1094600049FE02980DF008FB0AB080BD80B592B0AD
:1094700010900F910F9800680E900E980BF0DEFF81
:1094800078B9FFE70E980BF0D5FD00286ED0FFE706
:109490000E98006846F27051C0F60401884265D10A
:1094A000FFE71098012803D8FFE70E98119097E086
:1094B0000F9840680AF05EF90D900D98002803D4CB
:1094C000FFE70E9811908BE00D9901200290A0EB20
:1094D000410222201521FEF741FD0C900C991F201E
:1094E0000522FEF73BFD0B900E990C9A2120FEF70A
:1094F00035FD0A900E990A9A1C20FEF72FFD0146B1
:10950000029809910B990A9AFEF728FD0CF0E2F8EF
:1095100018B1FFE70998119062E00A990B9A0120AF
:10952000FEF71CFD0CF0D6F838B1FFE709990C9A4C
:109530001B20FEF713FD119052E00E990C9A1F208C
:10954000FEF70CFD0890089918200322FEF706FD8F
:109550000CF0C0F838B1FFE709990C9A1B20FEF710
:10956000FDFC11903CE00998119039E00E980AF04A
:1095700031F88DED070A1098022825D3FFE70F98E0
:1095800040680AF0F7F806909DED060AF8EEC00A6A
:10959000B2EE040A26F0D4FA8DED050A9DED070A15
:1095A0009DED051A8DED011A20EE010A26F0ACFAA8
:1095B0009DED011A80EE010A8DED040A9DED040A6D
:1095C0000CF08AFE11900BE09DED070A26F09CFA44
:1095D0008DED030A9DED030A0CF0C4FF1190FFE727
:1095E000119812B080BD000080B584B00390029144
:1095F00001920398009002980EF084FE01460098B4
:10960000019A13F0C9FC062004B080BD80B586B075
:109610000590049103920598022806D3FFE749F2CA
:10962000E530C0F6040011F003FE049B46F2CC5076
:10963000C0F604000121019100220CF079F90146E5
:1096400001980291039A02A90CF0C0F9029806B0A1
:1096500080BD000080B58AB0099008910998012862
:1096600003D1FFE70120079003E0089840680790C6
:10967000FFE70898006803A904F0D8FF0290FFE70D
:10968000029805F0F7FE019038B1FFE70799019ABB
:109690001B20FEF763FC0790F2E707980AB080BD35
:1096A00083B00090029102980068007801909DF8C4
:1096B0000400000600280DD4FFE70099019800F08F
:1096C0001F0008600198400948600299086801304D
:1096D000086012E00099019800F00F0008600198FE
:1096E00000F0700202980068407840EA021048607A
:1096F0000299086802300860FFE703B07047000075
:1097000080B586B005900491039201200290FFE796
:1097100005980499884214D2FFE7684605A9FFF727
:10972000BFFF03980099884209D3FFE70099039887
:10973000401A0390019902980844029000E000E06A
:10974000E6E7029806B080BD80B582B0019001982E
:10975000002319461A4600F03BF802B080BD000015
:1097600080B582B0019000910198012100226B46E2
:1097700000F02EF802B080BD80B582B00190019853
:10978000009000988168C068884702B080BD0000E2
:1097900080B596B01490139101A817F0FBF950B959
:1097A000FFE714981399FFF7DBFF009017F0C8F953
:1097B0000098159009E0029944F62C30C0F6040098
:1097C0000DF022FC00201590FFE7159816B080BD23
:1097D00080B586B0059004910392029305980AF033
:1097E0004DF801900198807A68B1FFE70198817A7D
:1097F00000EB8100D0F810C005980499039A029BF1
:10980000E04706B080BD05980AF054F8024646F2DB
:10981000EC00C0F604004AF6C411C0F6040111F0D1
:109820003DFD000080B584B0039002910192019843
:109830004068002818BF01200090019B1868039918
:10984000DDF800C06144029AA3EB8C030833FFF7F4
:10985000BFFF04B080BD000080B58AB08DF827003E
:10986000089107920899079A9DF8270000F00100D7
:1098700002AB00F077F802980399049A069BFFF771
:10988000A7FF019005990698890008F055F80198FE
:109890000AB080BDD0B502AF88B0D7F808C047F88D
:1098A0000C0C47F8101C47F8142C47F8183C57F8D4
:1098B000140C57F8181C00EB410047F81C0C002052
:1098C00047F8200C47F8240C57F81C0C05280ED339
:1098D000FFE757F81C1C042000EB8100FBF70AFE91
:1098E00047F8200C57F8200C47F8240CFFE757F8EE
:1098F000200C68B9FFE757F81C1C0B2000EB810017
:1099000020F007016846401A854647F8200CFFE71B
:1099100057F8100C57F8201C086057F8200C04303A
:10992000B96857F81C2C9200E6F7FDFF57F80C0CAD
:1099300057F8141C013157F8182C57F8203CFFF742
:1099400047FF47F8280C57F8240C28B1FFE757F8D1
:10995000240CFBF78DFDFFE757F8280CA7F108044E
:10996000A546D0BD80B5B0B08DF8BF002E912D9228
:109970002C932D98011D2D9100682B9000202A908A
:109980009DF8BF00C00730B1FFE72D98011D2D9154
:1099900000682A90FFE79DF8B80029909DF8B9006B
:1099A00028902D982999289A01EB420150F821001E
:1099B00040102790002024902390279838B3FFE789
:1099C00000202290FFE72298299988421ED2FFE7C3
:1099D00027982299C840C00798B1FFE72D9822998F
:1099E00050F821000BF0F2FE2190219840B1FFE7E2
:1099F000219809F0BFFE2399084401382390FFE71E
:109A0000FFE7FFE7229801302290DCE7FFE7002024
:109A100020901F90FFE71F982899884235D2FFE7D2
:109A20002D9829991F9A01EB420150F821001E90B0
:109A30002D9829991F9A01EB420100EB81004068A3
:109A40001D901E98E0B9FFE71D98C8B1FFE7002000
:109A5000B0B9FFE71D980BF019FC88B1FFE71D981E
:109A6000006846F28831C0F60401884208D1FFE759
:109A70001D9808F0C5FD2099084401382090FFE7A3
:109A8000FFE71F9801301F90C5E7279830BBFFE71D
:109A900029982899209A114400EB41000130259023
:109AA0002598800007F040FF26902A9840B1FFE7F4
:109AB0002A982699249A531C249341F82200FFE700
:109AC0002698249900EB81002D99299A9200E6F7B7
:109AD0002AFF2999249808442490C1E029982399C1
:109AE00008442899209A114400EB41000130259048
:109AF0002598800007F018FF26902A9840B1FFE7CC
:109B00002A982699249A531C249341F82200FFE7AF
:109B100000201C90FFE71C982999884280F09F80C4
:109B2000FFE72D981C9950F821001B9027981C994D
:109B3000C840C007002873D0FFE7002070B9FFE7D6
:109B40001B980BF0A3FB48B1FFE71B98006846F693
:109B50007801C0F60401884211D0FFE70020A8BBBD
:109B6000FFE71B980BF092FB80B3FFE71B980068A0
:109B700046F2CC51C0F60401884227D1FFE71B987A
:109B80001AA919AA09F054FC24981A99084425998D
:109B9000884201D8FFE70BE04CF28820C0F60400B1
:109BA0004CF20221C0F6040140F23932EAF72AFAF7
:109BB00024991A9A269800EB810019999200E6F7E9
:109BC000B2FE1A9924980844249028E01B9815A9FD
:109BD00004F02CFD1490FFE7149805F04BFC139053
:109BE000E0B1FFE7249829991C9A891A084425991D
:109BF00088420BD3FFE72698259A9100D20007F000
:109C0000A5FE2690259840002590FFE713982699F9
:109C1000249A531C249341F82200DDE7FFE719E062
:109C200024982599884201D2FFE70BE04CF22A20C4
:109C3000C0F604004CF20221C0F6040140F24E329C
:109C4000EAF7E0F9249A1B982699531C249341F8CB
:109C50002200FFE7FFE71C9801301C905BE7FFE75D
:109C60002498129024982899209A114400EB4100DE
:109C70002599884212D9FFE724982899209A1144FF
:109C800000EB41001190269825998900119A9200C5
:109C900007F05CFE269011982590FFE700201090B9
:109CA000FFE710982899884280F0FB80FFE72D9805
:109CB0002999109A01EB420150F821000F902D983C
:109CC0002999109A01EB420100EB810040680E9047
:109CD0000F98002840F0BE80FFE70020002865D1E3
:109CE000FFE70E980BF0D2FA00285FD0FFE70E983E
:109CF000006846F28831C0F60401884256D1FFE779
:109D00000E9808F065FC0D9024980D990A686FF084
:109D1000010101EA920108442599884201D8FFE730
:109D20000BE04CF25F20C0F604004CF20221C0F6BA
:109D3000040140F26932EAF765F900200C90FFE770
:109D40000C980D99496888422FD2FFE70D980C991D
:109D500007F01AF820B3FFE70D9880680C9950F8C7
:109D600031000B900B980BF045FB28B9FFE70B98DF
:109D70000EF030FB0B90FFE70B982699249A531CAA
:109D8000249341F822000D9880680C9900EBC100E3
:109D900040682699249A531C249341F82200FFE737
:109DA000FFE70C9801300C90CAE752E00E986A2148
:109DB00008AA029206F0B2F8029A0021039108461E
:109DC000FFF730FD039904F031FC0790FFE7079897
:109DD00005F050FB0690D8B3FFE724980130259991
:109DE00088420ED3FFE725984000059026982599D4
:109DF0008900059A920007F0A9FD26900598259004
:109E0000FFE706980BF0F6FA28B9FFE706980EF080
:109E1000E1FA0690FFE70E980F2108AA019206F0DA
:109E20007DF8019A06980A9001200021FFF7FAFCBC
:109E3000049006982699249A531C249341F82200F2
:109E400004982699249A531C249341F82200BEE7D3
:109E5000FFE721E0249802302599884201D8FFE7E6
:109E60000BE04CF24220C0F604004CF20221C0F696
:109E7000040140F29932EAF7C5F8249A0F9826991E
:109E8000531C249341F822000E982699249A531CBF
:109E9000249341F82200FFE7FFE71098013010906B
:109EA000FFE62B982C99086026982C990861129847
:109EB0002C99486024981299401A40082C9988607F
:109EC00025982C99C86030B080BD000084B08DED1D
:109ED000020A02980190019800909DF80300000684
:109EE00000280DD5FFE70098400018B9FFE70020D3
:109EF000009004E0009800F1FF400090FFE704E0CC
:109F000000986FF316000090FFE70098B0F19C4FA7
:109F100004D8FFE700208DF80F0003E001208DF842
:109F20000F00FFE79DF80F0004B0704781B000906C
:109F30000098B0FA80F001B07047000080B586B09C
:109F40000590059804A903AA09F0D4FA9DED040A26
:109F500024F0BAFC8DED000A9DED030A24F05CFDAF
:109F6000B0EE401A9DED000A20EE010A8DED020AC6
:109F70009DED040A26F016F98DED010A9DED030A08
:109F800026F0D8F99DED011AB0EE402A9DED020AA7
:109F900061EE420A0BF09AFF06B080BD80B588B032
:109FA0000790079806A905AA09F0A4FA9DED060AEC
:109FB00025F010F88DED040A9DED040A8DED010ADF
:109FC0009DED050A24F080FCB0EE401A9DED010ADB
:109FD00020EE010A8DED030A9DED040A8DED020AC3
:109FE0009DED050A26F0DEF89DED021AB0EE402A3E
:109FF0009DED030A61EE020A0BF068FF08B080BD18
:10A0000080B584B00390039802A901AA09F072FAFE
:10A010009DED020A9DED011A21EE011A20EE000AC3
:10A0200030EE010A25F086FCB6EE001A20EE010A99
:10A030008DED000A9DED010ADDED020A24F0A0F984
:10A04000F0EE400A9DED000A0BF040FF04B080BD29
:10A0500080B584B00390039802A901AA09F04AFAD6
:10A060009DED020A9DED011A21EE011A20EE000A73
:10A0700030EE010A25F0ECFAB6EE001A20EE010AE5
:10A080008DED000A9DED010ADDED020A24F078F95C
:10A09000B0EE401A9DED000A9FED032A61EE020A20
:10A0A0000BF014FF04B080BDD95BDE3E80B584B0F8
:10A0B0000390039802A901AA09F01CFA9DED010A78
:10A0C000DDED020A24F05CF90CF006F904B080BD65
:10A0D00080B586B00590059804A903AA09F00AFA8C
:10A0E0009DED040A9DED031A21EE011A20EE000AEF
:10A0F00030EE010A26F0B2F90CF0EEF801909DED79
:10A10000030ADDED040A24F03BF90CF0E5F80290B7
:10A11000022001A90CF08CFD06B080BD80B588B08E
:10A1200007900691079809F055FA8DED050A0698F3
:10A1300009F050FA8DED040A9DED050A8DED010A36
:10A140009DED040A24F0C0FBB0EE401A9DED010A1B
:10A1500020EE010A8DED030A9DED050A8DED020A40
:10A160009DED040A26F01EF89DED021AB0EE402A7D
:10A170009DED030A61EE020A0BF0A8FE08B080BD57
:10A1800080B586B00590059804A903AA09F0B2F934
:10A190009DED040A26F006F88DED000A9DED030AF8
:10A1A00024F03AFCB0EE401A9DED000A20EE010AC0
:10A1B0008DED020A9DED040A24F086FB8DED010A67
:10A1C0009DED030A26F0B6F89DED011AB0EE402A87
:10A1D0009DED020A61EE020A0BF078FE06B080BD2A
:10A1E00080B588B00790079806A905AA09F082F9FA
:10A1F0009DED060A9DED051A21EE011A20EE000ADA
:10A2000030EE010AF5EE000A25F09AFC8DED040A05
:10A210009DED050ADDED060A24F0B2F8B6EE001A4F
:10A2200020EE010A8DED030A9DED040A8DED000A72
:10A230009DED030A24F048FBB0EE401A9DED000AA4
:10A2400020EE010A8DED020A9DED040A8DED010A52
:10A250009DED030A25F0A6FF9DED011AB0EE402A00
:10A260009DED020A61EE020A0BF030FE08B080BDDF
:10A2700081B000900098043001B0704781B0009028
:10A280000098043001B0704781B000900098C06819
:10A2900001B0704781B000900098C06801B070476D
:10A2A00080B586B0059004918DF80F201020FBF743
:10A2B000E7F8019004F05CFA019948600598049968
:10A2C0009DF80F2002F0010201AB00F007F80199A0
:10A2D0000298002205F0BCFF06B080BD80B5A8B092
:10A2E000279026918DF89720249311A803904C2154
:10A2F000E6F7B2FB039810909DF8970000F001007C
:10A300001099087010994FF6FF7088821099C882D2
:10A3100010982830269901F03FFA002304930F93F8
:10A32000109827990A6819461AF046FF0E9010985F
:10A330002830F4F7ADF9014604980D910D99109A63
:10A3400051620C901098C0690B90FFE70B990020A8
:10A35000029039B1FFE710984068B0FA80F04009E8
:10A360000290FFE70298C00790B3FFE710980B999F
:10A370000122F0F7FDFF00200A90FFE70A980B99F1
:10A38000098D884215D2FFE70B98C06A0A9900EB45
:10A39000C100099009980078012805D1FFE70B98C2
:10A3A00009991AF033FCFFE7FFE70A9801300A9099
:10A3B000E4E71098C0680C99884204D9FFE7109828
:10A3C000C0680C90FFE7FFE70B9880680B90BDE733
:10A3D0001098C0690890FFE708990020019039B1F2
:10A3E000FFE710984068B0FA80F040090190FFE75D
:10A3F0000198C00740B1FFE708981AF0AFFCFFE7EB
:10A40000089880680890E7E70D980C99F4F74EF9E2
:10A410001098C0690790FFE707990020009039B1B4
:10A42000FFE710984068B0FA80F040090090FFE71D
:10A430000098C00730B3FFE70D9810994862FFE716
:10A44000109807990222F0F793FF1098406830B9EE
:10A45000FFE7109807990322F0F78AFFFFE71098AB
:10A46000406850B9FFE7FFE7109807990422F0F71A
:10A470007FFF08B9FFE7F7E7FFE7FFE70798806886
:10A480000790C9E71098406870B1FFE71098016A1B
:10A49000C968EFF73FFC109B269958689A681B6AB9
:10A4A0009B8A08F0FFF9FFE70E980069249948603D
:10A4B0001098406840B9FFE7109828302699249AF0
:10A4C000126801F087F9FFE70D98F4F7D5F827989F
:10A4D00010F0ACF80E980690FFE7069848B1FFE739
:10A4E00006988068059006981AF0F8FD0598069081
:10A4F000F3E71098406820B1FFE71098406816F025
:10A5000095FA28B080BD000080B586B00590049112
:10A510000392029303980AF0B9FE002873D0FFE774
:10A52000039800680190019880888006002833D540
:10A53000FFE7019880884006002825D5FFE70498AA
:10A5400080888005002804D5FFE7039802990860F9
:10A5500019E0059878B9FFE7049846F26461C0F6FF
:10A560000401884207D0FFE7049803990BF048FCE8
:10A570000299086006E0039802990860059802991C
:10A580004860FFE7FFE706E0039802990860059836
:10A5900002994860FFE735E0019846F2E871C0F69D
:10A5A0000401884205D1FFE70398406802990860DA
:10A5B00027E0019846F2F021C0F6040188421BD141
:10A5C000FFE7059880B1FFE7059809F057F9049077
:10A5D000049846F6A801C0F60401884203D1FFE7BB
:10A5E00005980490FFE7FFE7039840680299086028
:10A5F00004980299486003E0039802990860FFE715
:10A60000FFE7FFE703E0039802990860FFE706B061
:10A6100080BD000080B500F00BF840F60841C2F2A2
:10A6200001014968884202D3FFE710F047FE80BD70
:10A6300081B040F60840C2F2010000686946401A45
:10A6400001B0704780B584B08DED020A0190019889
:10A6500040B1FFE79DED020AB5EE400AF1EE10FAB7
:10A6600003D1FFE7029803903CE002980090019923
:10A67000009801EBD051C9B220F0FF4040EAC15030
:10A6800000900198B0F1FF3F18DCFFE7019810F14E
:10A690000A0F13DBFFE70198404200EE100AF8EEC4
:10A6A000C00AB1EE040A25F04BFAB0EE401A9DED57
:10A6B000000A80EE010A8DED000A10E09DED010A0E
:10A6C000F8EEC00AB1EE040A25F03AFAB0EE401AEC
:10A6D0009DED000A20EE010A8DED000AFFE70098CB
:10A6E0000390FFE79DED030A04B080BD81B0ADF893
:10A6F0000200BDF80200ADF80000BDF8000000EE59
:10A70000100AB2EE400A01B07047000084B0039016
:10A7100000200290039800680090FFE70098411C19
:10A72000009100788DF8070002999DF8070000F06D
:10A730007F0040EAC1100290FFE79DF80700000685
:10A740000028EBD4FFE7009803990860029804B052
:10A750007047000081B00090FFE70098411C009115
:10A7600000780006002801D5FFE7F6E7009801B061
:10A770007047000080B582B0019001A8FFF7C6FFC6
:10A7800002B080BD7047000080B582B0019004F037
:10A7900007F80199C900023107F0E2FE02B080BD5E
:10A7A00080B582B0019005F0FDFC0199C90002312D
:10A7B00007F0D6FE02B080BD82B0019000910198F2
:10A7C0004079012801D1FFE724E0019880680099D1
:10A7D0000844002801D4FFE70BE048F6EB20C0F660
:10A7E000040048F6E631C0F604014FF4D272E9F7EE
:10A7F00009FC01998868009A10448860019988686A
:10A800000969498C884205DDFFE701998868096973
:10A810004884FFE702B0704780B584B0039002918E
:10A820000192009303980F2100F00CFB039800F0B5
:10A8300057FC0398029900F02BFA0398019900F055
:10A8400055FA039800F0D6F803982121012200F070
:10A8500019FB0398082100F02BF80398009A0021B7
:10A8600000F0DAFB04B080BD80B584B003900291A3
:10A870000192019838B9FFE70398029B0021132247
:10A88000F4F73EF912E00198022807D1FFE7039898
:10A8900000F044FB039800F023FCFFE70398029BC1
:10A8A0006FF001011822F4F72BF9FFE704B080BD27
:10A8B00080B582B001908DF8031000208DF8020061
:10A8C0009DF80300322807D1FFE701208DF8020030
:10A8D00006208DF803000CE09DF80300332807D113
:10A8E000FFE701208DF8020007208DF80300FFE745
:10A8F000FFE701989DF80310D731CAB24FF0FF313E
:10A90000F3F75AFF9DF80200C00730B1FFE7019846
:10A910000021D322F3F750FFFFE702B080BD000013
:10A9200080B586B00590049103920398022803D164
:10A93000FFE70120019004E00498C0F101000190BC
:10A94000FFE70198029005980299039A2A32049B26
:10A95000D2B2F4F7EFF806B080BD000080B586B043
:10A9600005900491039202930598049B0399DDF8E6
:10A9700008C06A46C2F804C0116000213422F3F70F
:10A9800043FE06B080BD000080B586B005900491FE
:10A99000039202930598049B0399DDF808C06A4668
:10A9A000C2F804C011604FF0FF313622F3F72CFEDD
:10A9B00006B080BD80B584B00390029101920398E7
:10A9C00001991931029BCAB20021F4F799F804B039
:10A9D00080BD000080B584B0039002910192009385
:10A9E000039800992831019BCAB20021F4F7A2F81C
:10A9F00004B080BD80B582B001900198012157223A
:10AA0000F3F7DAFE02B080BD80B582B00190019804
:10AA100002215822F3F7D0FE02B080BD80B582B08B
:10AA2000019001986FF00201FFF7C6FE02B080BDF1
:10AA300080B582B0019001984FF0FF315D22F3F7AD
:10AA4000BBFE02B080BD000080B584B002900298C9
:10AA50004079012804D1FFE701208DF80F00C2E002
:10AA60000298806808B9FFE70BE048F6D520C0F6E9
:10AA7000040048F6E631C0F604014FF4B272E9F77B
:10AA8000C1FA0299486ACA6B801AC8630299002009
:10AA900008640190FFE7019802990969098D8842CD
:10AAA0002DD2FFE702980069C06A019900EBC1004E
:10AAB00000900098007805281CD1FFE70098408896
:10AAC000FF2801DCFFE70BE048F66830C0F6040021
:10AAD00048F6E631C0F604014FF4B772E9F792FA8E
:10AAE000009881780298F4F74DF80299086C0130CB
:10AAF0000864FFE7FFE7019801300190CBE7029877
:10AB0000407903280FD1FFE70299486A88620299C9
:10AB1000C86A08630299886A096B0844FAF7C4FC9A
:10AB2000029948635BE002984079042856D1FFE718
:10AB30000299486A896A884201D8FFE70BE048F623
:10AB4000C040C0F6040048F6E631C0F604014FF4F8
:10AB5000BE72E9F757FA0299C86A096B884201D8B0
:10AB6000FFE70BE048F64F40C0F6040048F6E63138
:10AB7000C0F6040140F27D12E9F744FA0299486AEE
:10AB8000896A884206D1FFE70299C86A096B884240
:10AB90000AD0FFE70299486A88620299C86A086386
:10ABA00000208DF80F001EE0029890F83800C007D2
:10ABB00050B1FFE746F23800C0F6040048F63851BD
:10ABC000C0F6040110F058FB0298C2680369416B9B
:10ABD00018695268DB8A00F0C3FEFFE7FFE7012037
:10ABE0008DF80F00FFE79DF80F0004B080BD000056
:10ABF00080B582B0019000910198009B01214B2209
:10AC0000F3F78EFE02B080BD80B582B0019001984E
:10AC10006FF00301FFF7D0FD02B080BD80B584B0B6
:10AC200003908DF80B109DF80B0000F00100002838
:10AC300018BF03200190039801999DF80B20D307BA
:10AC40005E22002B18BF5F22F3F7B6FD04B080BD73
:10AC500080B584B00390029101920198012818BF39
:10AC60004FF0FF3000900198022806D1FFE70398CB
:10AC700000996922F3F7A0FD08E003980099019A72
:10AC80001B32029BD2B2F3F73BFFFFE704B080BD5B
:10AC900080B582B0019000910198009B0021422272
:10ACA000F3F73EFE01990120887102B080BD0000DB
:10ACB00080B584B003908DF80B1001929DF80B00C5
:10ACC000C00740B1FFE70398019B4FF0FF314522D9
:10ACD000F3F726FE07E00398019B4FF0FF31462271
:10ACE000F3F71EFEFFE704B080BD000084B00390C0
:10ACF000029103990020887103984079012801D1BD
:10AD0000FFE748E002980399C969884201D2FFE74A
:10AD10000BE048F61F50C0F6040048F6E631C0F6D6
:10AD2000040140F2CB12E9F76DF90398407902284B
:10AD300009D0FFE70398016AC06A029A51F822100D
:10AD4000884201D8FFE70BE048F69230C0F60400D5
:10AD500048F6E631C0F604014FF4E672E9F752F91D
:10AD6000039841790120022901900CD0FFE7039953
:10AD7000086AC96A029A50F822200020914298BFBE
:10AD800001200190FFE701980398016AC06A029AC6
:10AD900041F82200FFE704B07047000080B582B0A0
:10ADA0000190019801215422F3F706FD02B080BD05
:10ADB00080B582B0019000910198009B012123226F
:10ADC000F3F784FE02B080BD80B582B0019000919F
:10ADD000009880EA4000C00F08B9FFE70BE048F692
:10ADE000BE20C0F6040048F6E631C0F604014FF478
:10ADF000F472E9F707F9009810F1100F0CDBFFE788
:10AE000000982F2808DCFFE7019800998031CAB22A
:10AE10000121F3F7D1FC06E00198009B01212222D9
:10AE2000F3F70AFDFFE702B080BD000080B582B0F5
:10AE3000019000910198009B01211022F3F760FE20
:10AE400002B080BD80B582B001908DF803109DF8EE
:10AE500003000D280AD1FFE7019843F60013C0F65E
:10AE6000040301212322F3F731FE08E001989DF845
:10AE700003104231CAB20121F3F79EFCFFE702B092
:10AE800080BD000080B584B0039002910192029BC6
:10AE9000039801991131CAB20121F3F731FE04B0D0
:10AEA00080BD000080B584B00390029101920093B0
:10AEB000009860B9FFE701980F2808D8FFE70398CA
:10AEC0000199B031CAB20121F3F776FC08E003988A
:10AED00000992431019BCAB20121F3F72BFEFFE751
:10AEE00004B080BD80B584B0039002918DF8072036
:10AEF0009DF8070000F001010120A0EB4100009047
:10AF0000039800999DF80720D3071422002B18BF3F
:10AF10001522029BF3F7F4FD04B080BD80B582B02A
:10AF20000190019801215322F3F746FC02B080BD45
:10AF300080B586B0DDF820C005900491039202939D
:10AF40000298A0B9FFE7089888B9FFE70398C0F115
:10AF50000100019005980199049A13692022F3F7E2
:10AF600041FC05989DF80C10F3F7FCFD20E00398D8
:10AF7000FF2801D8FFE70BE048F67D30C0F604005B
:10AF800048F6E631C0F6040140F21132E9F73AF82A
:10AF90000398C043009005980099049A13692122F0
:10AFA000F3F720FC05989DF80C10F3F7DBFDFFE7A5
:10AFB00006B080BD80B584B00390029101920093E9
:10AFC000019858B9FFE7009840B9FFE70398029944
:10AFD0000B6901213222F3F705FC08E0039802997E
:10AFE0000B694FF0FF313322F3F7FCFBFFE704B0AE
:10AFF00080BD000080B584B0039002918DF80720D9
:10B000000398029B00214A22F3F78AFC039901204E
:10B01000887104B080BD000080B584B003908DF8C5
:10B020000B1001929DF80B00C00740B1FFE7039899
:10B03000019B4FF0FF314322F3F772FC07E00398C6
:10B04000019B4FF0FF314422F3F76AFCFFE704B0A5
:10B0500080BD000080B582B0019001984FF0FF31B3
:10B060005922F3F7A9FB02B080BD000080B582B081
:10B07000019000910098022801D8FFE70BE048F604
:10B080005C30C0F6040048F6E631C0F604014FF427
:10B090004D72E8F7B7FF009A019851426432D2B27C
:10B0A000F3F78AFB01990120887102B080BD00008E
:10B0B00080B582B0019001984FF0FF316322F3F721
:10B0C0007BFB01990120887102B080BD80B582B000
:10B0D0000190019800215B22F3F76EFB02B080BD66
:10B0E00080B582B00190019800215A22F3F764FBE9
:10B0F00002B080BD80B584B00390029140F6084054
:10B10000C2F20100D0F8E400032801D3FFE71BE0FE
:10B11000029803998969884216D9FFE70398416923
:10B12000C06A401A0190029803998969401A0090F8
:10B1300003980199009AF3F737FD0399C86A4861AB
:10B14000029803998861FFE704B080BD80B584B0A0
:10B150000390029101920198B0FA80F040094000FA
:10B16000009003980099019A4732029BD2B2F3F7FC
:10B17000D7FB04B080BD000080B582B0019001987B
:10B180000421FFF719FB02B080BD000080B592B02A
:10B1900011908DF843100F929DF84300119948715A
:10B1A000119900208860119988710F99119A116185
:10B1B00011994861119A012191611199C8621199FF
:10B1C0004862119981F838000F99088C498C08441D
:10B1D0000E900E9818B9FFE701200E90FFE70F9828
:10B1E000808C0D90FFE70F98C08A00F00F000C9044
:10B1F0000F98408B0B900F98808B0A900F98C08B04
:10B2000009900E9801380E900E9800F00F00C000C3
:10B210000D9901F0010140EA81000B9901F0030151
:10B2200008448DF823000E9800090E900D984008F0
:10B230000D900B9880080B90FFE70E980D9908432E
:10B240000C9908430B9908430A9908430999084344
:10B25000C0B3FFE711989DF8231041F08001F3F788
:10B2600091FC0C9800F0010080010E9901F003019F
:10B2700040EA01100A9901F0010140EAC1000B996E
:10B2800001F0010140EA81000D9901F0010140EA5D
:10B290004100099901F0010108448DF823000E983E
:10B2A00080080E900D9840080D900C9840080C9066
:10B2B0000B9840080B900A9840080A90099840089B
:10B2C0000990BAE711989DF82310F3F75BFCFFE7AC
:10B2D00011984079032835DBFFE71198C06B079080
:10B2E0001198006C0690FFE700208DF81700FFE72B
:10B2F000079800F03F01069800F0010040EA410085
:10B300008DF8170006984008069007988009079066
:10B3100006980799084338B1FFE79DF8170040F0F9
:10B3200080008DF81700FFE711989DF81710F3F7CC
:10B3300029FCFFE70698079908430028D8D1FFE7C2
:10B34000FFE7FFE71199486AC86311980F99898A46
:10B35000F3F7CEFC00200490FFE704980F9A518B7E
:10B36000928B114488422EDAFFE7052003900020DB
:10B370000290FFE702980F99098D88421ADAFFE7D9
:10B380000F98C06A029900EBC100019001984078C3
:10B39000C00750B1FFE7019840880499884204D162
:10B3A000FFE701984068039004E0FFE7029801304E
:10B3B0000290DFE711980399F3F79AFCFFE70498EE
:10B3C00001300490C9E712B080BD000080B586B09E
:10B3D00005908DF8131003929DF81300032804D1F3
:10B3E000FFE70020019002900EE09DF81300042872
:10B3F00004D1FFE701200190029004E000200190B9
:10B4000002200290FFE7FFE70598019BD943039ACA
:10B410001344029A42EA83032F22F3F78BFB06B010
:10B4200080BD000080B584B0039002910192039822
:10B4300001991631029BCAB24FF0FF31F3F760FB5E
:10B4400004B080BD80B584B0039002910192009356
:10B45000009868B9FFE701980F2809D8FFE703981B
:10B460000199C031CAB24FF0FF31F3F7A5F909E0F5
:10B47000039800992631019BCAB24FF0FF31F3F7D0
:10B4800059FBFFE704B080BD80B582B00190019800
:10B490006FF001016222F3F78FF902B080BD000066
:10B4A00080B582B001900091009838B9FFE701980B
:10B4B0004FF0FF315522F3F77FF911E00098022891
:10B4C00007D1FFE70198FFF729FD0198FFF7FEFD7F
:10B4D000FFE701986FF002015622F3F76DF9FFE7DD
:10B4E00002B080BD80B582B001908DF80310019844
:10B4F0009DF80310D031CAB20021F3F75DF902B014
:10B5000080BD000080B584B0039002910192039841
:10B51000029A019BD11842EA03233122F3F70AFB76
:10B5200004B080BD80B582B0019000910198009B6D
:10B53000591E3022F3F7FEFA02B080BD80B584B008
:10B54000039002910192019820BBFFE79DF809004A
:10B550000006002815D5FFE703985921F3F702FBF1
:10B5600000200090FFE70098022809D8FFE7039821
:10B570005921F3F7F7FAFFE7009801300090F2E75E
:10B58000FFE70398029921F4004300214222F3F7D8
:10B59000C7F914E00398029921F4004300214022E6
:10B5A000F3F7BEF90398029A0199130441F080025F
:10B5B000002B48BF1146C9B2F3F7D4FAFFE703994D
:10B5C0000120887104B080BD80B582B001900091E7
:10B5D00001980F21FFF736FC01980099FFF786FBD1
:10B5E000019802215C22F3F7E7F801986FF003015C
:10B5F000FFF7E2F802B080BD80B582B00190009103
:10B600000198009A51426732D2B2F3F7D5F8019807
:10B610000169C88A40F00100C88202B080BD000004
:10B6200082B00190009101980078042807D1FFE7CB
:10B630000098019A5168528841F82200FFE7019A68
:10B640005088411C518002B07047000080B582B024
:10B650000190009101980099012219F0FFFC02B0BD
:10B6600080BD000080B584B00390029103980299D8
:10B67000012219F0F3FC01900198007801280ED105
:10B68000FFE703980078022804DBFFE70199042014
:10B69000087003E0019902200870FFE7FFE70198B6
:10B6A00004B080BD80B586B00590049103920293EA
:10B6B0000398029919F096FC0190019808B1FFE7F0
:10B6C0000AE048F23750C0F6040048F68951C0F647
:10B6D00004017B22E8F796FC01980078012805D048
:10B6E000FFE701980078022807D1FFE70498436834
:10B6F00005980299002298474CE0019800780328A9
:10B7000007D1FFE7049843680598029901229847FA
:10B710003FE00198007804280AD1FFE70498D0F8A8
:10B7200000C005980299019A52880023E0472FE053
:10B7300001980078052805D0FFE7019800780628D1
:10B7400001D1FFE70AE048F64A50C0F6040048F687
:10B750008951C0F604018522E8F754FC019801786C
:10B7600001200529009008D0FFE7019800780638ED
:10B77000B0FA80F040090090FFE700980498D0F8F4
:10B7800000C005980299019A52880123E047FFE71B
:10B79000FFE7FFE706B080BD80B584B0039002915B
:10B7A000039808300121009104F0EAFE009A039802
:10B7B00008300299C900023104F034FF01460098B4
:10B7C0000191019948600398143000210AF082F831
:10B7D00004B080BD80B588B00790069105920798A7
:10B7E0008068C008049005980499079AD26905F00A
:10B7F00031FF00200390FFE703980799C96888424A
:10B8000022D2FFE707980830039905F005FAB0B196
:10B81000FFE707980069039900EBC10040684010FA
:10B82000029007980069039950F83100C008019010
:10B83000019805998968029A21F81200FFE7FFE74D
:10B84000039801300390D7E700200090FFE70098AD
:10B850000799C96988420ED2FFE70798006A009AE3
:10B8600050F822000599C96841F82200FFE70098C6
:10B8700001300090EBE708B080BD000080B582B0D9
:10B8800001908DF803109DF80300019908709DF850
:10B890000300032811D1FFE70198408820B9FFE792
:10B8A00001990020486007E0019840888000F9F77E
:10B8B000FBFD01994860FFE7FFE701990020488000
:10B8C00002B080BD80B584B002900191002000904C
:10B8D000FFE700980299C969884212D2FFE70298EF
:10B8E000006A009950F8210001991DF02FFF18B14E
:10B8F000FFE7009803900EE0FFE70098013000900A
:10B90000E7E702981430019909F0A0FF0298C06996
:10B9100001380390FFE7039804B080BD80B584B080
:10B9200003900291039808300299C9000231012264
:10B9300004F078FE01900198406850B9FFE7039841
:10B9400081686FF0010000EA9100013801994860B8
:10B95000FFE701984068C0F34F0004B080BD0000CD
:10B9600084B0039002910192ADF802300399022055
:10B9700088709DF80200039900F00100C8700298D9
:10B980000399486001980399886004B070470000EB
:10B9900080B582B00C20F9F787FD01900199012054
:10B9A0008870019802B080BD82B001A880ED000AC5
:10B9B00090ED001AB3EE410A10EE100AADF8020045
:10B9C000BDF8020002B0704780B588B007900691BC
:10B9D00005920DF10F0005300290FFE7059800F089
:10B9E0007F0002994A1E029201F8010C0598C009D5
:10B9F0000590FFE705980028F0D1FFE7069A079821
:10BA0000029B0DF10F01C91A053190470190019871
:10BA1000C0B1FFE7FFE702980DF10F010431884242
:10BA20000BD0FFE70298411C0291007840F08000A3
:10BA300001994A1C01920870EDE70298007801997B
:10BA40000870FFE708B080BD80B582B00190019812
:10BA500040684008C00718B1FFE700200FF0E8FB7E
:10BA600002B080BD80B584B00290029942F2C060FD
:10BA7000C0F604000430002204F0D4FD01900198C7
:10BA800018B9FFE70020039004E001984068C0085F
:10BA90000390FFE7039804B080BD000080B501204B
:10BAA00003F0E6F880BD000080B5FFF7F7FF80BD2A
:10BAB00080B582B00190FFF7F1FF02B080BD0000B9
:10BAC00080B5ADF5247DA290A191A29880899E9029
:10BAD000A2989E9900EB81001030A090A2989E99A8
:10BAE00000EB810014309F909F98A299C98901EBC7
:10BAF000410100EB81000C389D90FFE7FFE78BA828
:10BB000015F048F8002841F03684FFE7A298406815
:10BB10008A90A29880688990A2980068406880689E
:10BB20008890A198A0B1FFE78A98007868280FD084
:10BB3000FFE7A19886900020A190869804F0A4FCCD
:10BB40008690FFE714F0FCFF86988C9001F014BCFF
:10BB5000FFE7FFE78A98A29948608A98411C8A917A
:10BB60000078103801460391592801F27C8303992B
:10BB7000DFE811F092002F0150017101B401D601EC
:10BB80004B026C028D0207032503230B4B0B790B31
:10BB9000790B790BB208E4086C00B300DB001201EA
:10BBA0000D022B02BD02E0020507270749077107B6
:10BBB0009307D7071D083E0861088908180943093B
:10BBC0006B099509790B790B790B790B790B790B4B
:10BBD000790B790B1B05790B7F03A303D003FD03BE
:10BBE00029045504DD05DD05CF068C06790B790B9C
:10BBF000790B790B5A0060006600D500F801FF014F
:10BC0000B10243034D035B0360036D03A3041306FA
:10BC100066066F06790B790B6607BD093C0A680A50
:10BC2000730A880AA10A710B8999081D89900E2050
:10BC300048608FE78999081D89900620486089E748
:10BC40008999081D89901E20486083E7002085900F
:10BC50008A9800784006002804D5FFE785980138C7
:10BC60008590FFE7FFE785998A98007800F07F00CC
:10BC700040EAC1108590FFE78A98411C8A910078BC
:10BC800000060028EFD4FFE785984000013089992D
:10BC90000A1D899248605DE700208490FFE784993F
:10BCA0008A98007800F07F0040EAC1108490FFE796
:10BCB0008A98411C8A91007800060028EFD4FFE79B
:10BCC0008898849930F8110083908398C0000230DE
:10BCD00089990A1D899248603CE700208290FFE71D
:10BCE00082998A98007800F07F0040EAC110829023
:10BCF000FFE78A98411C8A91007800060028EFD45B
:10BD0000FFE7A29800684068C068829950F8210057
:10BD10008190819889990A1D899248601AE78999CA
:10BD2000081D89900020486014E700208090FFE7FC
:10BD300080998A98007800F07F0040EAC1108090D6
:10BD4000FFE78A98411C8A91007800060028EFD40A
:10BD5000FFE7A0988099A0EB810000688790FFE73B
:10BD6000879898B9FFE7FFE745F69070C0F60400A2
:10BD70004CF2B361C0F604010AF082F97F90FFE74C
:10BD800014F0DEFE7F988C9001F0F6BA87988999BE
:10BD90000A1D89924860DDE600207E90FFE77E99CB
:10BDA0008A98007800F07F0040EAC1107E90FFE79B
:10BDB0008A98411C8A91007800060028EFD4FFE79A
:10BDC000A0987E99A0EB8100006805F053FF879052
:10BDD000C6E700207D90FFE77D998A98007800F003
:10BDE0007F0040EAC1107D90FFE78A98411C8A914C
:10BDF000007800060028EFD4FFE788987D9930F896
:10BE000011007C907C9804F06DF989990A1D899243
:10BE100048609FE600207B90FFE77B998A98007836
:10BE200000F07F0040EAC1107B90FFE78A98411C38
:10BE30008A91007800060028EFD4FFE788987B9964
:10BE400030F811007A907A9804F01AF889990A1D4E
:10BE5000899248607EE600207990FFE779998A9878
:10BE6000007800F07F0040EAC1107990FFE78A98DF
:10BE7000411C8A91007800060028EFD4FFE78898DB
:10BE8000799930F8110078908998006877900020AF
:10BE90007590779807F0F2FC8088800500280CD513
:10BEA000FFE777987490749804307899C90002314C
:10BEB000002204F0B7FB7590FFE7759820B1FFE70B
:10BEC00075984068769005E07798789903F070FF50
:10BED0007690FFE77698899908603BE6002073909A
:10BEE000FFE773998A98007800F07F0040EAC1105C
:10BEF0007390FFE78A98411C8A9100780006002819
:10BF0000EFD4FFE78898739930F811007290899AFE
:10BF10001068729904F002F889980430899019E643
:10BF200000207190FFE771998A98007800F07F00F7
:10BF300040EAC1107190FFE78A98411C8A9100780D
:10BF400000060028EFD4FFE78898719930F81100B7
:10BF5000709089980438899070988999043904F010
:10BF6000E9F8F7E503F066FF89990A1D89924860B0
:10BF7000F0E58998011F899100686F9089980068A1
:10BF80006F9904220CF004FC89990860E2E5002016
:10BF90006E90FFE76E998A98007800F07F0040EA83
:10BFA000C1106E90FFE78A98411C8A9100780006C4
:10BFB0000028EFD4FFE78998011F89910068A099B4
:10BFC0006E9AA1EB82010860C4E500206D90FFE746
:10BFD0006D998A98007800F07F0040EAC1106D905A
:10BFE000FFE78A98411C8A91007800060028EFD468
:10BFF000FFE7A0986D99A0EB8100006889990A1F5E
:10C000008992096805F048FEA4E500206C90FFE7DE
:10C010006C998A98007800F07F0040EAC1106C901B
:10C02000FFE78A98411C8A91007800060028EFD427
:10C03000FFE788986C9930F811006B906B9889999C
:10C040000A1F8992096810F0E5FF83E500206A90D5
:10C05000FFE76A998A98007800F07F0040EAC110F3
:10C060006A90FFE78A98411C8A91007800060028B0
:10C07000EFD4FFE788986A9930F8110069906998C1
:10C0800089990A1F8992096810F0B6FF62E50020BD
:10C090006890FFE768998A98007800F07F0040EA8E
:10C0A000C1106890FFE78A98411C8A9100780006C9
:10C0B0000028EFD4FFE78898689930F8110067905E
:10C0C000899A1068679952F8042C10F065FF8998D6
:10C0D000083889903EE5899951F8082C51F8040CEC
:10C0E00009680CF055FB89980C38899032E50020DE
:10C0F0006690FFE766998A98007800F07F0040EA32
:10C10000C1106690FFE78A98411C8A91007800066A
:10C110000028EFD4FFE7A0986699A0EB81000068A3
:10C1200008B9FFE720E6A0986699A0EB81010020FE
:10C1300008600FE500206590FFE765998A98007810
:10C1400000F07F0040EAC1106590FFE78A98411C2B
:10C150008A91007800060028EFD4FFE7A09865993F
:10C16000A0EB8100006805F085FD08B9FFE7FBE55D
:10C17000A0986599A0EB81000068002105F08CFD76
:10C18000E8E400206490FFE764998A98007800F062
:10C190007F0040EAC1106490FFE78A98411C8A91B1
:10C1A000007800060028EFD4FFE78898649930F8FB
:10C1B000110063906398FEF7F3FAFFF7CBBC002001
:10C1C0006290FFE762998A98007800F07F0040EA69
:10C1D000C1106290FFE78A98411C8A91007800069E
:10C1E0000028EFD4FFE78898629930F81100619039
:10C1F0006198FEF7C9FAFFF7ADBC899800686090B6
:10C20000609889990A1D89924860FFF7A3BC8998B4
:10C2100008308990899951F8080C0860899951F87B
:10C220000C0C41F8040CFFF795BC899804388990F0
:10C23000FFF790BC899800685F90899951F8040CC9
:10C2400008605F98899941F8040CFFF783BC8998CE
:10C2500000685E90899951F8040C0860899951F83A
:10C26000080C41F8040C5E98899941F8080CFFF716
:10C2700071BCFFE78A980078000600280ED5FFE71A
:10C280008A990878497800F07F0040EAC110A0F54B
:10C2900080405D908A9802308A9007E08A98007802
:10C2A00040385D908A9801308A90FFE7FFE75D99FA
:10C2B0008A9808448A9001F050B8FFE78A9800787D
:10C2C000000600280ED5FFE78A990878497800F023
:10C2D0007F0040EAC110A0F580405C908A9802304F
:10C2E0008A9007E08A98007840385C908A980130FC
:10C2F0008A90FFE7FFE78998011F8991006809F09C
:10C30000E9F928B1FFE75C998A9808448A90FFE729
:10C3100001F023B8FFE78A980078000600280ED5C0
:10C32000FFE78A990878497800F07F0040EAC11059
:10C33000A0F580405B908A9802308A9007E08A9846
:10C34000007840385B908A9801308A90FFE7FFE7D9
:10C350008998011F8991006809F0BCF928B9FFE7A5
:10C360005B998A9808448A90FFE700F0F6BFFFE7E0
:10C370008A980078000600280CD5FFE78A9908788B
:10C38000497800F07F0040EAC1105A908A98023044
:10C390008A9006E08A9800785A908A9801308A90AC
:10C3A000FFE7FFE78998006809F094F928B1FFE7F3
:10C3B0005A998A9808448A9003E0899804388990A9
:10C3C000FFE700F0CABFFFE78A9800780006002860
:10C3D0000CD5FFE78A990878497800F07F0040EA99
:10C3E000C11059908A9802308A9006E08A980078A5
:10C3F00059908A9801308A90FFE7FFE78998006892
:10C4000009F068F920B1FFE789980438899004E0C1
:10C4100059998A9808448A90FFE700F09EBF89984E
:10C42000006858905898899A0D2103F077FD589824
:10C43000899901F108020C2103F070FD899800F13F
:10C44000080200210846FDF7EDF95790899804305D
:10C450008990FFE7FFE78A980078000600280CD54E
:10C46000FFE78A990878497800F07F0040EAC11018
:10C4700056908A9802308A9006E08A980078569002
:10C480008A9801308A90FFE7FFE79D980C309D90D5
:10C490008A98569908449D990860899840F002004E
:10C4A0009D9948609D9900208860FFE75798899979
:10C4B0000A1D89924860FFF74DBB899800680628DD
:10C4C00012D1FFE789990620029048608999886017
:10C4D000899808388990899A03200021FDF7A2F9EC
:10C4E0000298899908605EE08998006809F016F85A
:10C4F00010B3FFE7899850F8040C559089980068AC
:10C5000054908999062041F8040C8999086089990A
:10C5100048608998A0F10C0203200021FDF782F900
:10C520005598899941F80C0C5498899941F8080C50
:10C5300089980838899035E08998006808F062FC8D
:10C5400008B1FFE70BE04CF24250C0F604004CF299
:10C550005661C0F6040140F29222E7F753FD899933
:10C56000086848608998006807F088F98999086028
:10C57000899906208860899808388990899A0320CB
:10C580000021FDF74FF95390539809F0A3F820B11B
:10C59000FFE789990620086003E08999C868086068
:10C5A000FFE7FFE7FFE7FFF7D5BAFFE78A980078D4
:10C5B000000600280ED5FFE78A990878497800F030
:10C5C0007F0040EAC110A0F5804052908A98023066
:10C5D0008A9007E08A980078403852908A98013013
:10C5E0008A90FFE7FFE78A985299084489990A1DC3
:10C5F000899248608A98007889990A1D89924860D2
:10C60000FFE78998011F899100685190FFE79DF825
:10C610004401400600287CD0FFE751980138519032
:10C620009D989F99884201D3FFE70BE04CF29F60F1
:10C63000C0F604004CF25661C0F6040140F2B2228A
:10C64000E7F7E0FC9D980079800700285DD5FFE7BB
:10C650009D9800688A99884222D3FFE78998043818
:10C660009D99496821F00301884201D1FFE70BE061
:10C670004CF2F250C0F604004CF25661C0F60401D0
:10C6800040F2BB22E7F7BEFC519840000130899987
:10C690000A1D899248609D9800688A90FFF75ABAEF
:10C6A000FFE7899850F8040C08F038FF40B1FFE725
:10C6B0008999086841F8080C89980838899021E020
:10C6C000899850F8040C062807D0FFE7899850F89D
:10C6D000040C08F097FB08B1FFE70BE04CF2B250F6
:10C6E000C0F604004CF25661C0F6040140F2C722C5
:10C6F000E7F788FC8999086841F8040C89980438A0
:10C700008990FFE7FFE7FFE7FFE79D980C389D90D2
:10C710007DE78998011F899100688A90519820B11E
:10C72000FFE7899810388990FFE700F016BEFFE711
:10C73000FFE78A980078000600280CD5FFE78A9961
:10C740000878497800F07F0040EAC11050908A983C
:10C7500002308A9006E08A98007850908A980130DA
:10C760008A90FFE7FFE79D980C309D908A9850993A
:10C7700008449D9908608998A299496809784939BF
:10C78000B1FA81F1490940EA41009D9948609D99BB
:10C7900000208860FFE7FFF7DDB99D989F998842E8
:10C7A00001D3FFE70BE04CF29F60C0F604004CF2AF
:10C7B0005661C0F604014FF43972E7F723FC9D98E7
:10C7C0000C389D9089980068062804D1FFE7899865
:10C7D0000438899032E08998006808F09FFE90B193
:10C7E000FFE78998011F8991006840104F904F988A
:10C7F000B0F1FF3F01DCFFE77AE34F9889990A1D0A
:10C8000089924860FDE68998006808F0FBFA08B153
:10C81000FFE70BE04CF24250C0F604004CF25661C8
:10C82000C0F6040140F2F622E7F7ECFBFFE714F054
:10C8300087F9899800688C9000F09EBDFFF78AB94F
:10C8400089980068002101F0F1FE89990860FFF7DE
:10C8500081B9899800684E9089984D9089980C30DC
:10C8600089904E984D9901F0E1FE4E904E984D9969
:10C87000884209D0FFE78999002041F80C0C4E98B6
:10C88000899941F8080CFFE7FFF764B9FFE78A9838
:10C890000078000600280CD5FFE78A9908784978C7
:10C8A00000F07F0040EAC1104C908A9802308A90D4
:10C8B00006E08A9800784C908A9801308A90FFE7C9
:10C8C000FFE78998A2998860899850F80C0C28B9DC
:10C8D000FFE7899850F8080C4B9003E089980C38D2
:10C8E0004B90FFE74B9802F01FFE4A904A9840B9E0
:10C8F000FFE78998103889904C998A9808448A9063
:10C9000005E04A9889990A1D89924860FFE7FFF778
:10C9100021B99D989F99884201D3FFE70BE04CF223
:10C920009F60C0F604004CF25661C0F6040140F26C
:10C930002E32E7F767FB9D980C389D90FFE78A98A9
:10C940000078000600280CD5FFE78A990878497816
:10C9500000F07F0040EAC11049908A9802308A9026
:10C9600006E08A98007849908A9801308A90FFE71B
:10C97000FFE749998A9808448A9000F0EEBC0020AD
:10C980004890FFE748998A98007800F07F0040EAD5
:10C99000C1104890FFE78A98411C8A9100780006F0
:10C9A0000028EFD4FFE748998998A0EB8100043074
:10C9B0008990489889990AF03BF989990860FFF7AE
:10C9C000C9B800204790FFE747998A98007800F09F
:10C9D0007F0040EAC1104790FFE78A98411C8A9186
:10C9E000007800060028EFD4FFE747998998A0EB6C
:10C9F0008100043089904798899909F05BFE8999F4
:10CA00000860FFF7A7B800204690FFE746998A988C
:10CA1000007800F07F0040EAC1104690FFE78A9856
:10CA2000411C8A91007800060028EFD4FFE7469861
:10CA300009F084FA89990A1D89924860FFF78AB83B
:10CA4000899808388990899908684A68896805F042
:10CA50001DFEFFF77FB800204590FFE745998A98B3
:10CA6000007800F07F0040EAC1104590FFE78A9807
:10CA7000411C8A91007800060028EFD4FFE7459911
:10CA80008998A0EB8100043089904598899909F034
:10CA900049FF89990860FFF75DB8062044908A989D
:10CAA000411C8A910078032806D1FFE78998011F6D
:10CAB000899100684490FFE78A980078552805D04E
:10CAC000FFE78A980078562819D1FFE7899850F82F
:10CAD000080C06F0D3FE8088400500280FD5FFE73C
:10CAE0008A98411C8A9100788DF80F019DF80F01FA
:10CAF00089990839449AEAF7B9FB89900FE0899837
:10CB0000011F89910068429089980068419041987E
:10CB10004299449A09F030FF89990860FFE7FFF7CE
:10CB200019B800204090FFE740998A98007800F0FB
:10CB30007F0040EAC1104090FFE78A98411C8A912B
:10CB4000007800060028EFD4FFE78998409921F08B
:10CB50000301401A00683F909DF80001800748B922
:10CB6000FFE73F988999096808F070FE89980438B2
:10CB700089901AE0409800F0030001280BD1FFE7EC
:10CB80003F98899A116852F8042C05F07FFD899826
:10CB90000838899008E03F98899909680AF0E4FA12
:10CBA000899804388990FFE7FFE7FEF7D3BF00209C
:10CBB0003E90FFE73E998A98007800F07F0040EAB7
:10CBC000C1103E90FFE78A98411C8A9100780006C8
:10CBD0000028EFD4FFE7899A10683E9910F0E0FE34
:10CBE0003E99899800EB810004388990FEF7B2BF26
:10CBF00000203D90FFE73D998A98007800F07F0083
:10CC000040EAC1103D90FFE78A98411C8A91007864
:10CC100000060028EFD4FFE7899A10683D9910F0CC
:10CC2000CDFD3D99C8B250FA91F1899800EB810091
:10CC30008990FEF78FBF00203C90FFE73C998A98CF
:10CC4000007800F07F0040EAC1103C90FFE78A982E
:10CC5000411C8A91007800060028EFD4FFE7A298D3
:10CC6000006880683C9950F821003B903B98A2995D
:10CC700009684968002203F0EBFA89990A1D899234
:10CC80004860FEF767BF00203A90FFE73A998A981C
:10CC9000007800F07F0040EAC1103A90FFE78A98E0
:10CCA000411C8A91007800060028EFD4FFE7A29883
:10CCB000006880683A9950F82100399089980438C2
:10CCC00089903998A29909684968899A03F0C0FA4D
:10CCD00089990860FEF73EBF00203890FFE7389939
:10CCE0008A98007800F07F0040EAC1103890FFE792
:10CCF0008A98411C8A91007800060028EFD4FFE74B
:10CD0000A29800688068389950F8210037908A9876
:10CD1000411C8A910078369036998998A0EB810061
:10CD2000043089903798A29909684968369A899B96
:10CD300003F066FA89990860FEF70CBF0020359071
:10CD4000FFE735998A98007800F07F0040EAC1102B
:10CD50003590FFE78A98411C8A91007800060028E8
:10CD6000EFD4FFE7A29800688068359950F8210059
:10CD700034908A98411C8A9100783390339989982D
:10CD8000A0EB8100043889903498A2990968496819
:10CD9000339A42F48072899B03F032FA89990860D1
:10CDA000FEF7D8BE00203290FFE732998A980078CB
:10CDB00000F07F0040EAC1103290FFE78A98411CE2
:10CDC0008A91007800060028EFD4FFE73299C1F37A
:10CDD0000720400050FA81F18998A0EB81008990EA
:10CDE000899B53F8040B329AD1B2C2F30722FCF7A5
:10CDF000EFFC89990860FEF7ADBE00203190FFE797
:10CE000031998A98007800F07F0040EAC110319093
:10CE1000FFE78A98411C8A91007800060028EFD429
:10CE2000FFE73199C1F30720400050FA81F189985A
:10CE3000A0EB8100043889903199899A0020FCF791
:10CE40000BFD89990860FEF785BE00203090FFE752
:10CE500030998A98007800F07F0040EAC110309045
:10CE6000FFE78A98411C8A91007800060028EFD4D9
:10CE7000FFE73099C1F30720400050FA81F189980B
:10CE8000A0EB8100043889903099C8B2C1F3072122
:10CE9000899AFCF7C7FC89990860FEF75BBE002001
:10CEA0002F90FFE72F998A98007800F07F0040EAE2
:10CEB000C1102F90FFE78A98411C8A9100780006E4
:10CEC0000028EFD4FFE72F99C1F30720400050FA64
:10CED00081F18998A0EB8100083889902F99899A6F
:10CEE0000120FCF7B9FC89990860FEF733BEFFE723
:10CEF000FFE79D989F9988425CD3FFE79D98007952
:10CF00008007002852D5FFE79D9800688A998842DB
:10CF100017D3FFE79D98406820F003002E90899872
:10CF200000682E9948602E98043089908999081DD0
:10CF300089904FF0FF3048609D9800688A90FEF716
:10CF400009BEFFE7899850F8040C08F0E7FA40B1F1
:10CF5000FFE78999086841F8080C89980838899092
:10CF600021E0899850F8040C062807D0FFE789983B
:10CF700050F8040C07F046FF08B1FFE70BE04CF255
:10CF8000B250C0F604004CF25661C0F6040140F203
:10CF90007C42E7F737F88999086841F8040C8998CA
:10CFA00004388990FFE7FFE7FFE7FFE79D980C381B
:10CFB0009D909EE713F0C4FD8998A29988609D9882
:10CFC0009F990C39884201D1FFE70BE04CF21B60BE
:10CFD000C0F604004CF25661C0F6040140F28342F0
:10CFE000E7F710F800208DF88F025FE300202D9006
:10CFF0009D982C90FFE72C989F9988420DD3FFE7CE
:10D000002C98806820B1FFE72C9880682D9004E070
:10D01000FFE72C980C382C90EDE72D9860B9FFE7CE
:10D0200046F23800C0F604004CF28061C0F60401FC
:10D0300009F026F82D90FFE7FFE713F081FD2D980A
:10D040008C9099E18998006803F01EFA2B90FFE715
:10D0500013F076FD2B988C908EE18998011F8991B1
:10D0600000682A902A98062801D0FFE7FFE78998F0
:10D07000006803F009FA2990FFE713F061FD299891
:10D080008C9079E1FFE713F05BFD8A98A2994860E4
:10D090008998A29988609D989F99401A0C308008C1
:10D0A0004AF6AB21CAF6AA214843A299C8810120B9
:10D0B0008DF88F02FAE28998011F89910068279004
:10D0C000002026908998A2998860A19868B1FFE70E
:10D0D000A19826900021A19189980068269A25ABF5
:10D0E0000EF03EFE8DF8A30009E0899800682799AC
:10D0F000002225AB0EF034FE8DF8A300FFE79DF86B
:10D10000A300012809D1FFE78A9801388A90259861
:10D1100089990A1D89924860B5E79DF8A300D8B99E
:10D12000FFE7259889990860269898B1FFE7269827
:10D1300045F67061C0F6040105F0D0FC50B1FFE780
:10D14000269803F0A1F92490FFE713F0F9FC249846
:10D150008C9011E1FEF7FEBC9DF8A300022801D1DE
:10D16000FFE70BE04CF23360C0F604004CF256616E
:10D17000C0F6040140F2E142E6F744FF259846F28A
:10D180008001C0F6040105F0A9FC08B9FFE70BE037
:10D190004CF26650C0F604004CF25661C0F6040131
:10D1A00040F2E242E6F72EFF899804388990FFE7C3
:10D1B00013F0C6FC25988C90DEE000202390FFE75A
:10D1C00023998A98007800F07F0040EAC1102390EC
:10D1D000FFE78A98411C8A91007800060028EFD466
:10D1E000FFE78898239930F8110022908998011F51
:10D1F00089910068219022982199899A126802F0F9
:10D2000031F889990860FEF7A5BC00202090FFE75F
:10D2100020998A98007800F07F0040EAC1102090A1
:10D22000FFE78A98411C8A91007800060028EFD415
:10D23000FFE78898209930F811001F9089980068BE
:10D240001F9901F065FF1E901E9889990A1D899209
:10D250004860FEF77FBC8998011F8991006801F042
:10D26000EBFEFEF777BC8A9810F8010CAF280DDCB6
:10D27000FFE78A9810F8011C6FF0FE0000EB4100F8
:10D2800089990A1D89924860FEF764BC8A9810F853
:10D29000010CBF280BDCFFE7A0988A9911F8011C4C
:10D2A000C1F1B00150F821008790FEF759BD8A986E
:10D2B00010F8010CCF280EDCFFE78998011F899137
:10D2C0000068A0998A9A12F8012CC2F1C00241F8B4
:10D2D0002200FEF73FBC8A9810F8010CD3280DDC21
:10D2E000FFE78A9810F8010CD03889990968C0B214
:10D2F00010F03AF989990860FEF72CBC8A9810F86A
:10D30000010CF92815DCFFE78998011F8991006855
:10D310001D90899800681C908A9810F8010CD738E5
:10D320001C991D9AC0B2FAF719FE89990860FEF798
:10D3300011BC45F6CC70C0F604004CF27961C0F621
:10D34000040108F09DFE1B9013F0FAFB1B98A299B4
:10D35000486102208DF88F02A8E140F60840C2F231
:10D360000100B0F9E80020B9FFE7012001F090FCCE
:10D37000FFE7FEF7EEBBFFE78C98006846F28001FE
:10D38000C0F6040108F034F9002844D0FFE7A29861
:10D39000406800784B282AD1FFE7A2984068013006
:10D3A0001A90FFE71A980078000600280CD5FFE7CE
:10D3B0001A990878497800F07F0040EAC110199066
:10D3C0001A9802301A9006E01A98007819901A9864
:10D3D00001301A90FFE7FFE71A9819990844A299BB
:10D3E0004860A299886810388860FEF788BBA298C8
:10D3F0004068007868280CD1FFE78C9805F000FBA6
:10D40000A29989680860A299486801304860FEF7CF
:10D4100076BBFFE7FFE78C9843F6F001C0F6040106
:10D42000884200F0F380FFE7A298406800785D280A
:10D4300000F0EC80FFE7A29840680078642800F0D4
:10D44000E580FFE7A2980068C0681890FFE7189889
:10D45000411C189100788DF847009DF84700C0F3F3
:10D46000C30017909DF84700C0F38000169000207D
:10D4700015909DF8471001F003011491139012903C
:10D480001090FFE79DF847000006002848D5FFE709
:10D490001898411C189100788DF847009DF84700B6
:10D4A00000F030001099490000FA01F11798084384
:10D4B00017909DF8470000F00200109900FA01F162
:10D4C0001698084316909DF84700C0F380101099F5
:10D4D00000FA01F11598084315909DF8470000F0F7
:10D4E0000400109900FA01F11498084314909DF873
:10D4F0004700C0F3C000109900FA01F113980843E7
:10D5000013909DF8470000F00100109900FA01F116
:10D51000129808431290FFE7109801301090B1E77D
:10D52000179801301790FFE7FFE700200E900F904B
:10D530000C90FFE71898411C189100788DF837007F
:10D540009DF8370000F001000C9900FA01F10E98E7
:10D5500008430E909DF83700C0F345000C9901EB8D
:10D560004101490000FA01F10F9808430F909DF81E
:10D5700037000006002801D4FFE704E0FFE70C981D
:10D5800001300C90D6E7FFE70F99189808440B90EC
:10D5900018980F9908440E9908440A90A298406878
:10D5A0000A99401A09901898FDF7E4F808900020AD
:10D5B0000790FFE707981499139A114401318842A4
:10D5C00009D2FFE71898FDF7C5F81890FFE707980C
:10D5D00001300790EEE7A2980068406880680899DB
:10D5E00030F811000890A2980068406880680088B0
:10D5F000069018980B99099AFCF782F805908C9878
:10D600000699059A089B05F04DF9FFE7FFE79D99FC
:10D610009F9A0020914201900AD3FFE79D980168EC
:10D62000A29842680020914298BF01200190FFE734
:10D630000198C007B0B1FFE79D989F99884201D338
:10D64000FFE70BE04CF29F60C0F604004CF256611D
:10D65000C0F6040140F2BC52E6F7D4FC9D980C38A9
:10D660009D90D4E79D989F99884215D3FFE79D9898
:10D670000068A29948609D98406820F003000490DB
:10D680008C989D9988608C9804990A1D0492486032
:10D690000498A299886006E08C98A29948610220BB
:10D6A0008DF88F0202E0FFE7FEF728BA9DF88F029F
:10D6B0000DF5247D80BD000080B58AB008900791EB
:10D6C00006920898E3F73EF8059043F6B810C0F6C6
:10D6D00004000490079820B1FFE707990020086034
:10D6E000FFE7002003900290FFE7049800780028ED
:10D6F00047D0FFE70498E3F725F8019001980599D2
:10D70000884234D3FFE708980499059AE2F7EEFFC0
:10D7100068BBFFE70198059988421CD1FFE707988D
:10D72000A8B1FFE70298039988420FD3FFE7079952
:10D730000220086002980399411A43F6A810C0F627
:10D74000040050F8210006990860FFE7FFE7022077
:10D750008DF8270019E004980599405C2F2804D122
:10D76000FFE701208DF827000FE0FFE7FFE70198B2
:10D770000499084401300490FFE7029801300290B8
:10D78000B3E700208DF82700FFE79DF827000AB0D7
:10D7900080BD000081B08DED000A9DED000ABDEE58
:10D7A000C00A10EE100A01B07047000081B08DED84
:10D7B000000A9DED000ABDEEC00A10EE100A01B08D
:10D7C000704700002DE9F041B0B0844636988DEDE9
:10D7D0002E0ACDF8B4C02C918DF8AF202A938DF885
:10D7E000A7002C98132801D3FFE70BE048F6CE6082
:10D7F000C0F6040048F6E761C0F604014FF48A72EF
:10D80000E6F700FC2E9828902D982790002028B944
:10D81000FFE72E98E6F786FB58B927E02E9824F00C
:10D820007BF841EC100B51EC100BE6F75FFBE8B115
:10D83000FFE7002028B9FFE72E98E6F733FBA8B9E9
:10D840000AE02E9824F068F841EC100B51EC100B14
:10D85000E6F7E0FA50B9FFE79DED280AB1EE400A7D
:10D860008DED280A2D208DF8A700FFE79DF8A70071
:10D8700050B1FFE79DF8A70027994A1C279208702E
:10D880002C9801382C90FFE79DF8AF0000F02000A5
:10D890008DF89B0027982590002028B9FFE728984D
:10D8A000E6F78EFA58B923E0289824F035F841ECD1
:10D8B000100B51EC100BE6F735FAC8B1FFE79DF8F5
:10D8C0009B0080F0490025994A1C259208709DF81C
:10D8D0009B0080F04E0025994A1C259208709DF807
:10D8E0009B0080F0460025994A1C259208702BE089
:10D8F000002028B9FFE72898E6F7D4FA58B92BE0BA
:10D90000289824F009F841EC100B51EC100BE6F7C5
:10D9100081FA08B3FFE79DF89B0080F04E0025993F
:10D920004A1C259208709DF89B0080F041002599C3
:10D930004A1C259208709DF89B0080F04E002599A6
:10D940004A1C25920870FFE7259900200870259849
:10D950002D99401A2F9009E3FFE79DF89B00249032
:10D960009DF8AF0040F020008DF88F009DF88F00EB
:10D97000662805D1FFE7249840F0040024900FE0CA
:10D980009DF88F00672805D1FFE7249840F002003A
:10D99000249004E0249840F001002490FFE7FFE782
:10D9A0002A98B0F1FF3F03DCFFE706202A90FFE74B
:10D9B0002A982C990339884203DAFFE72A980890BD
:10D9C00003E02C9803380890FFE7089822902A98E3
:10D9D000632805D1FFE709202A9010202290FFE755
:10D9E000002021909DED280AF2F70EFB002845D17A
:10D9F000FFE79DED280AF2F7EBFA00EE100AB8EE09
:10DA0000C00A9FEDCC1A20EE010ABDEEC00A8DEDD2
:10DA1000210A9DED280AF2F7E9FAB0FA80F04009F0
:10DA20002090219820990844B7EE000AFCF70AFEDE
:10DA30008DED1F0AFFE79DED280A9DED1F1A0020BE
:10DA4000B4EE410AF1EE10FAA8BF012020998842F5
:10DA500013D1FFE720984FF0FF31002818BF0121B4
:10DA6000219808442190219820990844B7EE000A93
:10DA7000FCF7E8FD8DED1F0ADDE7FFE79DF890005C
:10DA8000400700281BD5FFE72198012817DBFFE797
:10DA900021982A99084402301E901E982C99884299
:10DAA0000CDDFFE7249880F004002490249840F0D7
:10DAB000020024902A9801302A90FFE7FFE72A9875
:10DAC0001D9000201C901B909DF89000400700289E
:10DAD00039D5FFE71D982C990339884204DDFFE70B
:10DAE0002C9803381D90FFE72198B0F1FF3F23DC0D
:10DAF000FFE71D9803281ADBFFE7219810F1030FB9
:10DB000015DCFFE7219840421D99884204DAFFE7BF
:10DB100021984042079002E01D980790FFE7079880
:10DB200002381C901C991D98401A1D9003E01D9806
:10DB300001301D90FFE705E021981D990844013050
:10DB40001D90FFE70DE09DF890008007002803D5A9
:10DB5000FFE71D9820B9FFE71D9801301D90FFE7F2
:10DB6000FFE71D980A2806DBFFE71D9809381B9080
:10DB700009201D90FFE7249841070720002948BF8E
:10DB800003201A901B982C991D9A891A1A9A891A9F
:10DB9000884207DDFFE72C981D99401A1A99401A10
:10DBA0001B90FFE71D98072803DBFFE70620069080
:10DBB00002E01D980690FFE706981990FFE7279866
:10DBC00018901B981D99199A891A084417900020DB
:10DBD00015909DED280AF2F717FA18B1FFE700201B
:10DBE000169031E09DF890004007002825D5FFE70A
:10DBF0001998013816902198B0F1FF3F15DCFFE726
:10DC00001C9801280DDBFFE718981C990CF026FDE5
:10DC100018901C981699084401301690FF20159012
:10DC200002E000201590FFE706E021991698401ABF
:10DC3000169021981590FFE705E019992198C043A7
:10DC400008441690FFE7FFE70A2014900120139084
:10DC5000FFE71398199988420ADAFFE7149800EB56
:10DC6000800040001490FFE7139801301390F0E714
:10DC7000012012901998072819DBFFE7169802284F
:10DC800015DBFFE7199808280ADBFFE71698032839
:10DC900006DBFFE76420129016980238169005E024
:10DCA0000A201290169801381690FFE7FFE79DEDC5
:10DCB000280A1698FCF7C6FC8DED110A9DED110A95
:10DCC000B6EE001A30EE010ABCEEC00A10EE101AD1
:10DCD00012984843129012981499279A189BDDF8CD
:10DCE00064C0229C179D159E219FDDF89080EE4612
:10DCF000CEF81480CEF81070CEF80C60CEF8085034
:10DD0000CEF80440CEF800C000F034F9109010981E
:10DD100001302C99884201DCFFE70DE048F62970BC
:10DD2000C0F6040048F6E761C0F604014FF4EB7258
:10DD3000E6F768F99B209A3E109927980FAA0BF0F6
:10DD400013FE9DED0F0ADDED280AF2F733F98DED94
:10DD50000E0A0E980D9012980C909DED0E0AF2F797
:10DD600053F908B1FFE7FAE001200B901998072852
:10DD700009DBFFE7199800EB4000A0F112010B98B6
:10DD800088400B90FFE70C200A90FFE70A98411E9D
:10DD90000A910128C0F2E280FFE7002028B9FFE7DE
:10DDA0000E98E6F7BFF858B90FE00E9823F0B4FDCF
:10DDB00041EC100B51EC100BE6F798F828B1FFE797
:10DDC0000B9912980844129016E012980B99884209
:10DDD00001D3FFE70BE048F61370C0F6040048F6E5
:10DDE000E761C0F6040140F20622E6F70BF912984B
:10DDF0000B99401A1290FFE712981499279A189BD2
:10DE0000DDF864C0229C179D159E219FDDF890804F
:10DE1000EE46CEF81480CEF81070CEF80C60CEF836
:10DE20000850CEF80440CEF800C000F0A3F81090DF
:10DE3000109801302C99884201DCFFE70BE048F68E
:10DE40002970C0F6040048F6E761C0F6040140F20C
:10DE50000B22E6F7D7F8109927980FAA0BF084FD4C
:10DE60009DED0F0ADDED280AF2F7A4F88DED0E0AFC
:10DE70009DED0E0AF2F7C8F808B1FFE76EE09DEDE0
:10DE80000E0AB0EEC00A9DED0D1AB0EEC11A30EECA
:10DE9000410A8DED090A002028B9FFE70998E6F745
:10DEA00041F800BB0AE0099823F036FD41EC100B65
:10DEB00051EC100BE6F71AF8A8B9FFE79DED090A37
:10DEC000F2F7A2F8A0B1FFE712984CF6CD41CCF6DC
:10DED000CC4148434FEA700049F69911C1F69911B7
:10DEE000884205D8FFE70E980D9012980C90FFE736
:10DEF0000B98022804D3FFE70B9840080B902CE006
:10DF000019981D99884204DAFFE719980130199091
:10DF100055E612980C99884201D1FFE71CE00C9855
:10DF20001499279A189BDDF864C0229C179D159EB2
:10DF3000219FDDF89080EE46CEF81480CEF8107068
:10DF4000CEF80C60CEF80850CEF80440CEF800C0F1
:10DF500000F010F81090FFE700E017E7FFE72798C0
:10DF6000109908442D99401A2F90FFE72F9830B050
:10DF7000BDE8F08180B58AB0DDF844C0DDF840C06E
:10DF8000DDF83CC0DDF838C0DDF834C0DDF830C065
:10DF90000990089107920693099888B3FFE70998BA
:10DFA000089988422BD3FFE79DF8440040070028DA
:10DFB00017D5FFE71098002801D4FFE70AE048F6DC
:10DFC000C760C0F6040048F6E761C0F60401AC2261
:10DFD000E6F718F80C9801300C900F9801300F906C
:10DFE0000CE009984CF6CD41CCF6CC41A0FB0110D9
:10DFF000C0080990109801301090FFE7FFE7FFE795
:10E000009DF844008007002868D5FFE71098002895
:10E0100064D0FFE71098002818D4FFE710980D99F6
:10E02000884212DAFFE710990F9808440F900F9872
:10E030000C99884206DBFFE70F980C99401A0130D3
:10E040000E90FFE700201090FFE746E0109810F1D7
:10E05000040F41DBFFE700200590FFE71099002047
:10E06000B1F1FF3F019012DCFFE709984CF6CD417A
:10E07000CCF6CC4148434FEA700149F69A12C1F6FA
:10E0800099120020914238BF01200190FFE70198CA
:10E09000C00780B1FFE709984CF6CD41CCF6CC41E2
:10E0A000A0FB0110C0080990059801300590109858
:10E0B00001301090D2E705990C98401A0C90069800
:10E0C000059A1099C94311440CF0C8FA0690FF2034
:10E0D0000F9000201090FFE7FFE7FFE70C98013852
:10E0E0000490FFE70498002829D4FFE704980F99CB
:10E0F000884204DDFFE704980130009002E00498B4
:10E100000090FFE70098039009984CF6CD41CCF6BB
:10E11000CC41A0FB0132D20802EB8202A0EB42000C
:10E1200040F03000069A039BD0540998A0FB0110E0
:10E13000C0080990FFE7049801380490D2E70F99CE
:10E140000020FE29C8BF012002900F9801300C99D1
:10E1500088420ADAFFE70120029006980130069013
:10E1600006990F9A2E208854FFE70C9906980844C8
:10E1700006900E98F8B1FFE70C990F98401A0130FD
:10E180000F90FFE70E98411E0E9198B1FFE70F9890
:10E19000411E0F9140B9FFE70699481C06902E20BA
:10E1A000087001200290FFE70699481C0690302075
:10E1B0000870E7E7FFE79DF84400800700281AD5BC
:10E1C000FFE70298B0B1FFE7FFE7069810F8010CEF
:10E1D000302804D1FFE7069801380690F5E7069845
:10E1E00010F8010C2E2804D1FFE70698013806909C
:10E1F000FFE7FFE7FFE7109830B9FFE79DF844001D
:10E20000C00700285DD0FFE79DF8440040070028C4
:10E2100057D4FFE7119800F02000453006994A1CBA
:10E22000069208701098002806D4FFE70699481C4B
:10E2300006902B20087008E00699481C06902D20B7
:10E240000870109840421090FFE71098642810DB87
:10E25000FFE7109848F21F51C5F2EB1150FB01F196
:10E26000480900EBD170303006994A1C06920870BC
:10E27000FFE7109846F26761C6F2666150FB01F253
:10E28000901000EBD27050FB01F39A0802EBD372AE
:10E2900002EB8202A0EB42003030069A531C069338
:10E2A0001070109850FB01F2910801EBD27101EB54
:10E2B0008101A0EB4100303006994A1C069208709B
:10E2C000FFE706990020087006980799401A0AB0DF
:10E2D00080BD000080B586B004900391029204983E
:10E2E00005F0CCFA01900198007C88B1FFE7019815
:10E2F000017C00EB8100036904980399029A02F003
:10E300000302984720B9FFE701208DF817000FE0BE
:10E310009DF808004007002806D5FFE749F20B707A
:10E32000C0F604000CF084FF00208DF81700FFE712
:10E330009DF8170006B080BD80B584B003900291AF
:10E34000019203980299019A42F00402FFF7C2FF7A
:10E3500004B080BD80B584B003900291019203980F
:10E360000299019A42F00402FFF7B4FF04B080BDA5
:10E3700080B584B003900291019203980299019AAA
:10E3800042F00402FFF7A6FF04B080BD80B584B060
:10E3900003900291019203980299019A42F00402BB
:10E3A000FFF798FF04B080BD80B584B00390029160
:10E3B000019203980299019A42F00402FFF78AFF42
:10E3C00004B080BD80B584B003900291019203989F
:10E3D0000299019A42F00402FFF77CFF04B080BD6D
:10E3E00080B584B003900291019203980299019A3A
:10E3F00042F00402FFF76EFF04B080BD80B584B028
:10E4000003900291019203980299019A42F004024A
:10E41000FFF760FF04B080BD80B584B00390029127
:10E42000019203980299019A42F00402FFF752FF09
:10E4300004B080BD80B584B003900291019203982E
:10E440000299019A42F00402FFF744FF04B080BD34
:10E4500080B584B003900291019203980299019AC9
:10E4600042F00402FFF736FF04B080BD80B584B0EF
:10E4700003900291019203980299019A42F00402DA
:10E48000FFF728FF04B080BD80B584B003900291EF
:10E49000019203980299019A42F00402FFF71AFFD1
:10E4A00004B080BD80B584B00390029101920398BE
:10E4B0000299019A42F00402FFF70CFF04B080BDFC
:10E4C00080B586B00590049103928DF80B300398C7
:10E4D00006F0C4FF20B1FFE703984010019018E058
:10E4E000039801A905F056F990B9FFE70598C0888F
:10E4F0000090039805F0DEF9009A034646F2EC001E
:10E50000C0F6040049F29071C0F604010CF0C6FE9A
:10E51000FFE70198B0F1FF3F05DCFFE704990198A0
:10E5200008440190FFE79DF80B00C00790B1FFE79A
:10E530000198B0F1FF3F03DCFFE70020019008E005
:10E5400001980499884203D9FFE704980190FFE7F6
:10E55000FFE715E00198002805D4FFE7019804992A
:10E5600088420CD3FFE70598C28845F6DC60C0F608
:10E57000040049F23071C0F604010CF08FFEFFE791
:10E58000019806B080BD000081B00090009800683E
:10E59000417C00EB8100006901B0704781B00090C0
:10E5A00000980068417C00EB8100006901B0704771
:10E5B00080B584B003900291039805F05FF9019053
:10E5C0000198407C38B3FFE70198417C00EB810063
:10E5D000006900909DF80800C00720B1FFE700988F
:10E5E0000068B8B1FFE79DF808008007002804D54F
:10E5F000FFE70098406868B1FFE79DF80800400712
:10E60000002804D5FFE70098806818B1FFE700985C
:10E6100004B080BDFFE745F6F070C0F604004CF290
:10E620002351C0F604010CF027FE000080B588B02D
:10E6300006900591069808B1FFE70BE04CF23E30DA
:10E64000C0F604004CF20221C0F6040140F20F5261
:10E65000E5F7D8FC069805F011F904900498808835
:10E6600000F08000802808D0FFE70498808800F43C
:10E67000C070B0F5C07F03D1FFE7069807905CE05B
:10E680000498C07BA8B3FFE7059888B9FFE7049812
:10E69000C17B00EB8100006943F6F911C0F602016D
:10E6A000884205D0FFE71020F6F7EAFE0590FFE765
:10E6B00004988088C005002808D5FFE70498C17B2E
:10E6C00000EB810000690068039006E00498C17BBC
:10E6D00000EB810000690390FFE7039A0698059913
:10E6E00090470290029818B1FFE70298079024E043
:10E6F000FFE706980F216A4601F04EFC009870B1C2
:10E70000FFE7059828B9FFE71020F6F7B9FE059056
:10E71000FFE70599684607F0BFFE07900DE00698F1
:10E7200005F0C8F8024646F2EC00C0F604004CF2D0
:10E73000E821C0F604010CF0B1FD079808B080BDD7
:10E7400040F60840C2F201000069704740F60840F8
:10E75000C2F201000069704740F60840C2F20100B1
:10E760000069704740F60840C2F201000069704736
:10E7700040F60840C2F201000069704740F60840C8
:10E78000C2F201000069704740F60840C2F2010081
:10E790000069704740F60840C2F201000069704706
:10E7A00040F60840C2F201000069704780B582B0AF
:10E7B0000190019800900098806800F02FF8009870
:10E7C000C06801F013FD02B080BD000081B0009070
:10E7D000009840F60841C2F20101086101B070479B
:10E7E00081B00090009840F60841C2F20101086132
:10E7F00001B0704781B00090009840F60841C2F225
:10E800000101086101B0704781B00090009840F6A6
:10E810000841C2F20101086101B0704781B0009067
:10E82000009840F60841C2F20101086101B070474A
:10E8300082B0019001984FF47A7148430090FFE74D
:10E840000098411E009110B1FFE700BFF8E702B049
:10E850007047000080B586B0059000F02DF840F2BA
:10E860000400C2F2000000680490049808B9FFE7B1
:10E8700020E005980499A0FB010144F24022C0F277
:10E880000F020023E1F790FE0391029041F2040091
:10E89000CEF2000000680190FFE741F20400CEF2E2
:10E8A000000000680199401A0299884202D2FFE7ED
:10E8B00000BFF2E706B080BD40F60440C2F201009E
:10E8C000007808B1FFE71CE040F60441C2F2010104
:10E8D000012008704EF6FC51CEF20001086840F0AD
:10E8E0008070086041F20401CEF20001002008604F
:10E8F00041F20001CEF20001086840F0010008601A
:10E90000FFE7704780B582B0019047F6CC30C0F683
:10E910000400032100F010F902B080BD80B584B07E
:10E9200003900398042808D8FFE7039947F69E3020
:10E93000C0F6040000F000F929E0039B47F6064208
:10E94000C0F604020DF106000621E1F7A5FE0090D5
:10E95000009801281ADBFFE70098052801D8FFE797
:10E960000AE047F6A830C0F6040047F6D031C0F6FA
:10E9700004015422E5F746FB009A0DF106004421FC
:10E9800081540099013100F0D7F8FFE7FFE704B0A8
:10E9900080BD000081B08DF8030001B07047000019
:10E9A00081B08DF8030001B07047000080B588B0D9
:10E9B00000208DF81B0048F2B470C2F200000DF187
:10E9C0001B0101224FF0FF33E4F7C6FC002848D0BA
:10E9D000FFE7FFE70020059048F2B470C2F20000A4
:10E9E0000168096805910068406805900598FFE78F
:10E9F000FFE70020049048F2B470C2F20000016802
:10EA0000096804910068406804900498FFE7FFE7F4
:10EA10000020039048F2B470C2F200000168096857
:10EA200003910068406803900398FFE7FFE7002028
:10EA3000029048F2B470C2F20000016809680291C5
:10EA40000068406802900298FFE748F2B470C2F292
:10EA500000000DF11B0101224FF0FF33E4F77CFCB5
:10EA6000FFE79DF81B000D2818D1FFE748F2B470AE
:10EA7000C2F2000000680068800600280BD5FFE79E
:10EA800048F2B470C2F200000DF107010122002328
:10EA9000E4F762FCFFE70D2007900BE09DF81B00F8
:10EAA0000A2803D1FFE70D20079003E09DF81B0023
:10EAB0000790FFE7079808B080BD000082B0019082
:10EAC000002000909DF80400C00778B1FFE744F2F1
:10EAD0000040C4F2000000688006002805D5FFE76A
:10EAE000009840F001000090FFE7FFE79DF8040068
:10EAF000400700280FD5FFE744F20040C4F20000B1
:10EB000000680006002805D5FFE7009840F00400E3
:10EB10000090FFE7FFE7009802B0704780B582B031
:10EB2000019001980090E1F70DFE0146009800F079
:10EB300003F802B080BD000080B584B0039002915C
:10EB4000029801900298C83000900399BDF80820FF
:10EB5000009B48F2B470C2F20000E4F79DFC18B1CB
:10EB6000FFE700200190FFE7019804B080BD00009E
:10EB700080B584B0039002910398019003980299A4
:10EB800008440090FFE703980099884222D2FFE7EB
:10EB9000039800780A2818D1FFE703980199884262
:10EBA00006D9FFE701980399091AFFF7C5FFFFE7A8
:10EBB00047F24C40C0F604000221FFF7BDFF039866
:10EBC000013003900398019003E003980130039013
:10EBD000FFE7D8E703980199884206D9FFE7019833
:10EBE0000399091AFFF7A8FFFFE704B080BD0000F2
:10EBF00080B5FFF761FE41F20400CEF2000000682C
:10EC000080BD00000020704780B582B0FFF754FE41
:10EC100040F20400C2F2000000680090009818B9A9
:10EC2000FFE70020019010E041F20400CEF2000066
:10EC3000006800994DF68362C4F21B32A1FB0221E9
:10EC4000890CB0FBF1F00190FFE7019802B080BDA4
:10EC500080B582B08DF807009DF80700C10702203B
:10EC6000002918BF012000F023F802B080BD000089
:10EC700080B582B08DF807009DF80700C10702201B
:10EC8000002918BF012000F013F802B080BD000079
:10EC900080B582B08DF807009DF80700C1070220FB
:10ECA000002918BF012000F003F802B080BD000069
:10ECB00080B584B08DF80F009DF80F00002818BFB4
:10ECC00001208DF80E009DF80F000138B0FA80F099
:10ECD00040098DF80D009DF80E00C00710B3FFE746
:10ECE00040F60840C2F20100C069D8B1FFE7002039
:10ECF000029040F60840C2F20100C06901900198FC
:10ED000078B1FFE740F60841C2F201010020C86176
:10ED10009DF80D00C00718B1FFE7019811F086FEBD
:10ED2000FFE7FFE740F60840C2F20100B0F9E80053
:10ED3000B0FA80F040098DF803009DF80300C00789
:10ED400018B1FFE70DF03CF9FFE704B080BD00000B
:10ED500080B584B00390029100200190FFE70198F4
:10ED600002994968884214D2FFE70298019901F09C
:10ED700025FF48B1FFE7039802998968019A51F885
:10ED8000321006F063FDFFE7FFE7019801300190C4
:10ED9000E5E704B080BD000080B584B00390029127
:10EDA000FFE702980078A8B1FFE70298E1F7CAFCF4
:10EDB00001900398009002980199033907F0F6FD3D
:10EDC0000146009806F042FD01980299084401307E
:10EDD0000290E6E704B080BD80B584B00390029154
:10EDE00045F63050C0F60400019047F6A531C0F654
:10EDF00004010BF0D9FF03980021009108F0F4F80A
:10EE0000019847F60571C0F604010BF0CDFF00999B
:10EE1000029808F0E9F8019849F29C41C0F6040113
:10EE20000BF0C2FF04B080BD80B58AB00021019113
:10EE3000084607F03FFC0990099843F2A871C0F614
:10EE40000401FFF785FF099843F28861C0F60401C9
:10EE5000FFF77EFF099843F6B811C0F60401FFF7EB
:10EE60009BFF43F61810C0F60400021D012009A9FB
:10EE700006F0ACFD099808A907AA06F01BFD019849
:10EE800008990331890806910590FFE705980699CE
:10EE9000884249D2FFE705980490FFE70798049954
:10EEA00050F8210009F058FA014645F63050C0F6F6
:10EEB00004000BF079FF039006990498084404902D
:10EEC00004980899884201D3FFE71EE00398C0F137
:10EED00012000290FFE70298002804DCFFE7029886
:10EEE00012300290F7E7FFE70298411E029158B1F5
:10EEF000FFE745F63050C0F6040047F61071C0F643
:10EF000004010BF051FFEFE7C8E745F63050C0F6BB
:10EF1000040049F29C41C0F604010BF045FFFFE7F5
:10EF2000059801300590B1E745F63050C0F6040071
:10EF300047F6D161C0F604010BF036FF0AB080BD80
:10EF400080B586B00590059840F6D271884203D10D
:10EF5000FFE7FFF769FF67E0059804F08FFC049076
:10EF600045F63050C0F60400009047F60A71C0F62E
:10EF700004010BF019FF05980021019108F034F805
:10EF800000980499CA8847F6F561C0F604010CF0B0
:10EF90003DF801980390049846F24861C0F60401D8
:10EFA000884206D1FFE7059806F0A6FD04300390DD
:10EFB00017E0049846F6A801C0F60401884203D180
:10EFC000FFE705980490FFE70498C07C40B1FFE795
:10EFD0000498C17C00EB8100006904300390FFE7D6
:10EFE000FFE7039800B3FFE700200290FFE70298D5
:10EFF00003994968884216D2FFE70398029901F005
:10F00000DDFD58B1FFE703988068029A00EBC2016A
:10F0100050F832004968FFF7DFFEFFE7FFE702988C
:10F0200001300290E3E7FFE706B080BD81B00090B9
:10F03000009801B07047000080B58CB00B900B9821
:10F0400006F060FD04300A900A9840F63221002252
:10F0500001F0E8FA0990099820B3FFE709984068A1
:10F0600008A907AA04F0E4F900200690FFE7069833
:10F070000899884215D2FFE70798069950F82100B1
:10F0800009F040F905900B98059903AA00F046FF96
:10F09000059803990DF0BEFFFFE706980130069032
:10F0A000E5E733E000200290FFE702980A994968FB
:10F0B00088422BD2FFE70A98029901F065FE00B35F
:10F0C000FFE70A988068029950F8310009F044F986
:10F0D0000190019800785F2812D0FFE70A988068B5
:10F0E000029950F8310009F00DF9009000980A9942
:10F0F0008968029A01EBC20149680DF08BFFFFE7B6
:10F10000FFE7FFE7029801300290CEE70CB080BD28
:10F11000D0B502AF8EB047F8100C47F8141C57F862
:10F12000100C57F8141CA7F11C0200F035FF57F81B
:10F13000180C48B1FFE757F81C0C57F8181C06F0DC
:10F14000D3FD47F80C0C86E057F81C0C28B1FFE7FC
:10F1500057F81C0C47F80C0C7DE0FFE757F8100C33
:10F160004FF4A871A7F11C0200F016FF57F81C0C11
:10F1700008B9FFE763E057F8100C1721A7F11C024C
:10F1800000F00AFF57F81C0CA7F1200109F078F8ED
:10F1900047F8240C57F8200C47F83C0C57F8140C8F
:10F1A00013F0C6FD014657F83C0C0844013047F8FF
:10F1B000280C57F8280C073020F007016846401A41
:10F1C000854647F82C0C57F82C0C57F8241C57F898
:10F1D000202CE1F721FB57F82C1C57F8202C2E206F
:10F1E000885457F82C0C57F8201C0844013047F875
:10F1F000340C57F8140C13F00BFE47F8380C57F882
:10F20000140C13F095FD57F8381C024657F8340CCF
:10F21000E1F702FB57F82C0C57F8281C13F07EFC82
:10F2200047F8300C57F82C0C00F0A6FF57F8300CBC
:10F230001E21012200F016F847F80C0C0BE057F8DD
:10F24000142C45F69460C0F604004CF26D31C0F603
:10F2500004010CF023F857F80C0CA7F10804A5469C
:10F26000D0BD000080B58CB00A90099108920A9830
:10F27000C00002300390FFF793FA04900620059037
:10F28000099806900898079040F60840C2F20100DD
:10F29000806E02900298A8B1FFE70298043040F611
:10F2A0007A21002201F0BEF90190019848B1FFE7F0
:10F2B000019840680521002203ABFAF789FA0B9008
:10F2C00006E0FFE7052003A9F9F7BCFB0B90FFE779
:10F2D0000B980CB080BD000081B00090002001B000
:10F2E0007047000080B584B013F014FD40F608406C
:10F2F000C2F20100039000210291C161012200923B
:10F30000A0F8E82080F8EB1080F8EA1045F62472A7
:10F31000C0F6040282638187C187016443F6281224
:10F32000C0F604024264C0F8E4104830032103F040
:10F3300055F9009903985830019003F04FF901985E
:10F34000BA21AA2203F0A2F9019800F04FFF019818
:10F35000FFF764FA029903988166084607F0AAF954
:10F3600001460398C0F8AC10D0F8AC000A2106F0B2
:10F370006DFA0398D0F8AC0040F2E26106F066FA4C
:10F38000029903989C3006F0A5FA039940F2FA60BE
:10F39000C1F8B00040F2DA60C1F8B40004B080BD3A
:10F3A00080B58CB00B900A9109928DF823300A98A1
:10F3B000022805DBFFE70A98102801DCFFE70AE0D6
:10F3C00049F6B660C0F6040049F6CE61C0F6040105
:10F3D000D822E4F717FE0A9900200229049007DBDF
:10F3E000FFE70A9900201129B8BF01200490FFE728
:10F3F00004980B980A9943F26032C0F60402114453
:10F4000011F8011CB0FBF1F0013007909DF82300CA
:10F41000A8B1FFE70A980A280AD1FFE707984AF639
:10F42000AB21CAF6AA21A0FB01104008039003E01B
:10F43000079880080390FFE70398029002E00020FD
:10F440000290FFE702980690099828B1FFE7099813
:10F45000E1F778F9019002E000200190FFE70198C0
:10F4600005900798069908440599084402300CB0A5
:10F4700080BD000080B598B01690FBF7CBF81698C9
:10F4800004F0FCF915901598808810F4C07F0ED018
:10F49000FFE740F60841C2F201010020086215981A
:10F4A0001CF044F9014616988847179039E01698E1
:10F4B000192113AA00F070FD139820B3FFE701A8EB
:10F4C00011F068FB58B9FFE7002113AA0846FAF7C4
:10F4D000A9F9009011F034FB0098179021E00298F0
:10F4E000006846F28001C0F6040106F081F838B1E8
:10F4F000FFE7029803F084FA00F0FAFF179010E09B
:10F50000029811F093FA169804F0D4F9024646F2E4
:10F51000EC00C0F604004CF28231C0F604010BF09E
:10F52000BDFE179818B080BD80B586B004900498D1
:10F5300004F0A4F903900398808810F4C07F0ED0E3
:10F54000FFE740F60841C2F201010020086203987B
:10F550001CF0ECF801460498884705901CE00498DC
:10F56000192101AA00F018FD019838B1FFE7002128
:10F5700001AA0846FAF756F905900DE0049804F040
:10F5800099F9024646F2EC00C0F604004CF28231D2
:10F59000C0F604010BF082FE059806B080BD0000A5
:10F5A00080B582B001900198A0B1FFE70199486849
:10F5B000C9688847019850301DF036FE01986030C8
:10F5C0001DF032FE0198006CF5F752FF0198F5F737
:10F5D0004FFFFFE702B080BD80B586B0059304926F
:10F5E000039102907420F5F74BFF01900298019966
:10F5F000086001990398049A059BCB608A60486073
:10F60000019901208862019A6FF00101D162019A8B
:10F61000002100911163019A5163019A0A219163BB
:10F620000199C8630198806B4000F5F729FF0199A3
:10F6300008640198503020211DF0BAFE009901980D
:10F6400060301DF0B5FE0098019908670199096CBA
:10F6500008800199886101994861019908610198C0
:10F6600011F038F9019811F035F9019811F032F9DB
:10F67000019800F02DF80198806C01280BD0FFE76D
:10F68000019890F84C00052805D0FFE70199062065
:10F6900081F84C00FFE7019806B080BD80B582B0CC
:10F6A000019002200BF0A4FD80B588B00790069170
:10F6B000059204930699059A049B01A80CF072F830
:10F6C00007980199029A039BFFF786FF08B080BD57
:10F6D00080B594B013901398406E10B3FFE7139861
:10F6E000006FF0B9FFE71398603029211DF0D2FCBC
:10F6F00013990869C8611399486908621399886960
:10F7000048621399886E007808611399886E407872
:10F7100048611399886E807888611399032008677F
:10F72000FFE7139850301DF03BFF1398012116F0AE
:10F7300011FF8DF84B001399886A48641399C86AC1
:10F7400088641398006BB0F1FF3F09DCFFE7139961
:10F75000072081F84C001399086B0130086325E3FA
:10F760001398006B012809DBFFE71399062081F845
:10F770004C001399086B0138086316E39DF84B00A1
:10F78000C00700284FD0FFE71398002116F0E2FED3
:10F790001399052081F84C001398C06A0138119024
:10F7A000119807901398F4F771F80146079888426A
:10F7B00001D1FFE736E0119806901398F4F766F848
:10F7C00001460698884209D9FFE713981199F4F782
:10F7D00035F81399086B0130086322E0FFE71198B0
:10F7E00005901398F4F752F801460598884208D21C
:10F7F000FFE71398F4F71AF81399086B01380863B8
:10F80000EDE7119804901398F4F740F80146049836
:10F81000884205D0FFE71399022081F84C00FFE7EA
:10F82000FFE7FFE7C0E21398F4F77AFD28B1FFE79E
:10F830001399002081F84C00B5E21398F4F728FEE4
:10F84000002800F0A980FFE71399002081F84C0000
:10F85000FFE700208DF843008DF842000B218DF862
:10F8600041100F9013987521F4F75AFC18B1FFE777
:10F8700001200F9054E013986221F4F751FC90B1ED
:10F88000FFE70C208DF8410001200F9013987221A2
:10F89000F4F772FC30B1FFE701208DF8430002203D
:10F8A0000F90FFE73BE013987221F4F739FCE8B1C1
:10F8B000FFE701208DF843000F9013986221F4F7C1
:10F8C0005BFC30B1FFE70C208DF8410002200F9067
:10F8D000FFE713986621F4F74FFC30B1FFE70120F2
:10F8E0008DF8420002200F90FFE717E01398662181
:10F8F000F4F716FC88B1FFE701208DF842000F9065
:10F9000013987221F4F738FC30B1FFE701208DF82D
:10F91000430002200F90FFE7FFE7FFE7FFE7FFE765
:10F92000139890F84C0030B9FFE79DF84100139907
:10F9300081F84C0009E0139890F84C009DF84110B4
:10F94000884201D0FFE726E0FFE70F9860B1FFE7AC
:10F95000139810F0BFFF0F98022804D1FFE7139807
:10F9600010F0B8FFFFE7FFE713989DF842209DF8DD
:10F97000431001F0010102F0010211F079FB13982C
:10F98000012116F0E7FDFFE71398F4F781FD002849
:10F990007FF45FAFFFE705E21398F4F70BFD002853
:10F9A0006AD0FFE71399082081F84C00139901F100
:10F9B0005000097C1DF06EFB139810F08BFFFFE7E1
:10F9C0001398F4F7ADFC01460020039029B9FFE736
:10F9D0001398F4F7B9FD0390FFE70398C00750B1FF
:10F9E000FFE7139901F15000097C1DF053FB1398B8
:10F9F00010F070FFE4E7139850301DF0A1FD0E9059
:10FA000000200D90FFE70D98232834D8FFE70E98CB
:10FA10000D9A4CF62821C0F6040151F82210E1F7A6
:10FA200043F80C900C98D0B9FFE70D980E3013995D
:10FA300081F84C00139890F84C0011280ED1FFE784
:10FA400040F60840C2F20100D0F8E4100E20002970
:10FA500008BF1020139981F84C00FFE70BE00C98C9
:10FA6000B0F1FF3F01DCFFE705E0FFE7FFE70D989E
:10FA700001300D90C7E794E11398F4F747FC78B98B
:10FA8000FFE713982E21F4F74BFB002800F09F802E
:10FA9000FFE71398F4F76EFC002800F09880FFE76A
:10FAA00000208DF82F0013982E21F4F739FB28B190
:10FAB000FFE713990A2081F84C0013E013990920FD
:10FAC00081F84C0013983021F4F72AFB48B1FFE786
:10FAD0001398F4F72FFC20B1FFE701208DF82F00D9
:10FAE000FFE7FFE7139901F1500009691DF0E2FA01
:10FAF000139810F0EFFEFFE71398F4F711FC0028BD
:10FB000064D1FFE79DF82F00C00750BBFFE71398B3
:10FB100065214522F4F77AFB18B3FFE713990A2011
:10FB200081F84C001398503065211DF0C3FA1398EA
:10FB300010F0D0FE13982B21F4F7F2FA30B9FFE75A
:10FB400013982D21F4F7ECFA50B1FFE7139901F166
:10FB5000500009691DF0AEFA139810F0BBFEFFE7E4
:10FB600033E01398F4F746FC58B9FFE71398F4F71D
:10FB7000CDFB30B9FFE713982E21F4F7D1FAB8B1D5
:10FB8000FFE713982E216A224A23F4F75DFB28B180
:10FB9000FFE713990A2081F84C00FFE7139901F160
:10FBA000500009691DF086FA139810F093FE0BE0DF
:10FBB00013985F21F4F7B4FA20B1FFE7139810F01F
:10FBC00089FE00E002E0FFE7FFE795E7E8E049F2A1
:10FBD0001C20C0F604000A9000200990FFE70A9854
:10FBE00001780020029049B1FFE713980A9909783B
:10FBF000F4F796FA80F001000290FFE70298C00740
:10FC0000B0B1FFE70A980078652805D0FFE70A98A9
:10FC10000078632804D1FFE70A9801300A90FFE7D3
:10FC2000099801300990FFE70A9801300A90D6E759
:10FC3000139810F04FFE0A98007828B9FFE713993F
:10FC4000012081F84C00AAE00A980078212814D1FC
:10FC5000FFE713983D21F4F763FA40B1FFE71398EB
:10FC600010F038FE1399392081F84C0004E0139904
:10FC7000012081F84C00FFE790E00A9800782E28D8
:10FC800018D1FFE713982E221146F4F757FA58B10E
:10FC9000FFE7139810F01EFE139810F01BFE139947
:10FCA0000D2081F84C0004E013995C2081F84C0091
:10FCB000FFE772E00A9801300A9009980890FFE780
:10FCC0000A98017801206329019008D0FFE70A987B
:10FCD00000786538B0FA80F040090190FFE701989C
:10FCE000C00708B3FFE708980130089013980A99F5
:10FCF0004978F4F715FA60B1FFE7139810F0EAFDC0
:10FD0000089809900A980078652801D1FFE70BE070
:10FD100006E00A980078632801D1FFE704E0FFE7D6
:10FD20000A9802300A90CBE709994CF6FC10C0F60D
:10FD30000400405C139981F84C00139890F84C0033
:10FD400054280CD0FFE7139890F84C00562806D0A2
:10FD5000FFE7139890F84C00582805D1FFE7139956
:10FD6000486B0130486317E0139890F84C00552811
:10FD70000CD0FFE7139890F84C00572806D0FFE707
:10FD8000139890F84C00592805D1FFE71399486B58
:10FD900001384863FFE7FFE7FFE7FFE7FFE7FFE71B
:10FDA000FFE7FFE7FFE7FFE7FFE7FFE714B080BDEE
:10FDB00080B586B0049003910498039901AA00F0DD
:10FDC000ADF8029818B9FFE70198059005E0019891
:10FDD000029905F089FF0590FFE7059806B080BD00
:10FDE00080B586B0049003910292029830B9FFE783
:10FDF000049803996A4600F091F806E00498039984
:10FE00006A46002300F044F9FFE7009818B9FFE7BD
:10FE1000029805900BE0019818B9FFE7009805904B
:10FE200005E00098019905F05FFF0590FFE7059850
:10FE300006B080BD80B582B040F60840C2F2010035
:10FE4000806EA0B1FFE740F60840C2F20100806E6C
:10FE5000043040F64A21002200F0E4FB00900098B4
:10FE600020B1FFE700984068019006E0FFE743F209
:10FE7000EC50C0F604000190FFE7019802B080BD8D
:10FE800080B584B00290FEF78BFC04300299C90063
:10FE90000231002200F0C6FB01900198B8BBFFE7D9
:10FEA00040F60840C2F20100806EA8B1FFE740F6BC
:10FEB0000840C2F20100806E04300299C90002318C
:10FEC000002200F0AFFB0190019820B1FFE70198FC
:10FED000406803901FE0FFE70298C000811C43F6D2
:10FEE000EC50C0F604000430002200F09BFB0190AF
:10FEF000019858B9FFE7029A45F69070C0F60400E1
:10FF00004CF2D021C0F604010BF0C8F9FFE70198CC
:10FF100040680390FFE7039804B080BD80B584B0CB
:10FF200003900291019203980299019A00F034F82B
:10FF30000198006868BBFFE70020D8B9FFE7039885
:10FF400005F0A4F9B0B1FFE70398006846F6A801F0
:10FF5000C0F6040188420DD1FFE70398C288029BD6
:10FF600045F6E450C0F604004CF2DF01C0F604018F
:10FF70000BF094F9039803F09DFC0246029B45F6B2
:10FF8000E450C0F604004CF20611C0F604010BF078
:10FF900085F904B080BD000080B586B0059004915D
:10FFA000039203990020086003994860059803F0C4
:10FFB00065FC029004980A2804D1FFE7029803998F
:10FFC000086063E00498192810D1FFE70298808840
:10FFD00010F4C07F0AD0FFE7039943F61C00C0F677
:10FFE000040008600598039948604FE00298407B40
:10FFF00098B1FFE70298417B00EB81000369059807
:020000040802F0
:100000000499039A984703984068042801D0FFE7B1
:100010003CE0039900204860FFE70298C07CA8B349
:10002000FFE70298C17C00EB81000069006846F29E
:100030008831C0F60401884201D1FFE70BE04CF2A1
:10004000DC30C0F604004CF20221C0F6040140F29C
:10005000BB42E3F7D7FF0298C17C00EB8100006947
:100060000430019001980499C9000231002200F087
:10007000D9FA0090009840B1FFE705980299009ADC
:100080005268039BFAF740FAFFE7FFE706B080BD2E
:1000900080B596B01590149113928DF84B30684648
:1000A00010F078FD40B9FFE715981499139AFFF7FF
:1000B00073FF10F045FD12E09DF84B00C00768B9D2
:1000C000FFE70198006845F6E451C0F6040105F029
:1000D0008FFA18B9FFE7019810F0A8FCFFE716B0F7
:1000E00080BD000080B584B0029000F05BF8009005
:1000F000FEF756FB01460098884212D0FFE700F059
:1001000051F804300299C9000231002200F08AFA45
:100110000190019820B1FFE701984068039005E045
:10012000FFE70298FFF7ACFE0390FFE7039804B0E7
:1001300080BD000080B586B00590049146F6580059
:10014000C0F604000190049840680290049880680A
:1001500003900599049A01A8FFF7E0FE06B080BD60
:1001600081B0009001B0704781B0009001B070473D
:1001700081B0009001B0704781B0009001B070472D
:1001800040F60840C2F20100C068704740F60840DF
:10019000C2F20100C068704740F60840C2F2010098
:1001A000C068704740F60840C2F20100C06870475E
:1001B00081B00090009840F60841C2F20101C86089
:1001C00001B0704781B00090009840F60841C2F23B
:1001D0000101C86001B0704781B00090009840F6FE
:1001E0000841C2F20101C86001B0704781B00090BF
:1001F000009840F60841C2F20101C86001B07047A2
:1002000080B586B005900491039202939DF80D008D
:10021000C00738B1FFE705980499029A00F018F872
:10022000019006E005980499002200F011F8019071
:10023000FFE70198DDF80CC05FFA8CF1029A082301
:1002400003EA5C131A4405F0F1FD06B080BD00001E
:1002500080B590B00E900D910C920E9808B1FFE70A
:100260000AE048F68C60C0F6040048F69E61C0F6CD
:100270000401B222E3F7C6FE0C98B8B1FFE70C9870
:10028000006898B1FFE7002088B9FFE70C98006884
:1002900004F0B8FE58B1FFE70C980068006846F615
:1002A0007801C0F60401884201D1FFE70AE048F670
:1002B000B450C0F6040048F69E61C0F60401B522B1
:1002C000E3F7A0FE0C98B8B1FFE70C98406898B12E
:1002D000FFE7002088B9FFE70C98406804F092FE21
:1002E00058B1FFE70C984068006846F28831C0F6C4
:1002F0000401884201D1FFE70AE048F61260C0F627
:10030000040048F69E61C0F60401B822E3F77AFEC5
:100310000E980AF09DFE002800F08780FFE70E98F7
:100320000B900C980B990D9A002306F01DF80A907B
:10033000FFE70B98411C0B9100788DF80F009DF89A
:100340000F00C0F3C30009909DF80F00C0F38000B8
:100350000890002007909DF80F1001F0030106910E
:10036000059004900290FFE79DF80F00000600281A
:1003700048D5FFE70B98411C0B9100788DF80F00D2
:100380009DF80F0000F030000299490000FA01F1D9
:100390000998084309909DF80F0000F002000299A7
:1003A00000FA01F10898084308909DF80F00C0F387
:1003B0008010029900FA01F10798084307909DF810
:1003C0000F0000F00400029900FA01F106980843BA
:1003D00006909DF80F00C0F3C000029900FA01F1E9
:1003E0000598084305909DF80F0000F00100029960
:1003F00000FA01F1049808430490FFE702980130E5
:100400000290B1E7099801300990FFE79DF81C00C0
:10041000C00738B1FFE70A9946F25450C0F604000D
:100420000860FFE70A980F902AE00E980190019863
:100430008078022801D1FFE70AE048F66F60C0F635
:10044000040048F69E61C0F60401DF22E3F7DAFDFE
:10045000019B0C980D9A59689B6805F085FF0090E8
:100460000198C078C00738B1FFE7009946F25450B0
:10047000C0F604000860FFE7FFE700980F90FFE771
:100480000F9810B080BD000080B582B00090009839
:1004900004F0C2FC40B1FFE70098002319461A4659
:1004A000F9F796F90090FFE7009804F0ABFC18B15B
:1004B000FFE7009801900BE046F2EC00C0F6040064
:1004C0004CF24331C0F6040105F0DAFD0190FFE77C
:1004D000019802B080BD000081B00090009840F605
:1004E0000841C2F201010862002001B0704700001B
:1004F00081B00090009840F60841C2F20101086204
:10050000002001B07047000080B582B001900198D2
:1005100000684008C00728B9FFE701988068F4F731
:10052000A7FFFFE7019900204860019A116801F0D8
:1005300007011160019A116841F001011160019AEF
:10054000116821F0020111600199886002B080BD3C
:1005500080B582B00190019800684008C00728B9B2
:10056000FFE701988068F4F783FFFFE70199002017
:1005700048600199086800F00700086002B080BD7B
:1005800080B582B001900091009830B9FFE70199E1
:1005900000204860019988600AE00098019948604D
:1005A00001984068C000F4F77FFF01998860FFE779
:1005B0000199086800F0070008600199086840F098
:1005C000010008600199086820F0020008600199A4
:1005D000086820F00400086002B080BD83B002907B
:1005E00001910092019802994860019A0299086865
:1005F00000F0070040EAC20008600299086840F075
:10060000010008600299086840F002000860029941
:10061000086840F00400086000980299886003B000
:100620007047000080B590B00E900D918DF833208A
:100630000E9800684008C00720B1FFE79DF833001E
:1006400008B9FFE70AE049F2F220C0F6040049F2D7
:100650002131C0F604019E22E3F7D4FC0E98006815
:1006600041080120C907009039B1FFE79DF8330028
:10067000B0FA80F040090090FFE700989DF8330041
:10068000022822D0FFE70E984068F0B1FFE70E98ED
:10069000426880680D99C1F3860340F60841C2F2B2
:1006A0000101194491F8EC30B3FBF2F101FB123176
:1006B00000EBC1000B900B9800680D99884203D1A4
:1006C000FFE70B980F90C5E1FFE70E98007800F068
:1006D00001008DF82B009DF82B00C00718B3FFE731
:1006E0000D9804F0DFFD08B1FFE71BE00D9804F062
:1006F00095FC68B1FFE70D98006846F60001C0F66A
:100700000401884204D1FFE700208DF82B0008E0A7
:100710009DF83300012803D0FFE700200F9099E1F6
:10072000FFE7FFE7FFE70E9800688008C007002892
:1007300000F0A280FFE70E98806809900E9801688B
:10074000806821F0070108440890FFE7099808999C
:1007500088424BD2FFE7099800680D9988420CD077
:10076000FFE79DF82B00C007D8BBFFE7099800689A
:100770000D9901F0A3FFA0B3FFE79DF83300022815
:100780001DD1FFE70998406807900E99086808385E
:100790000860099800F10801089A121A083AE0F76F
:1007A000F4F80E980168806821F007010844099068
:1007B000099900200860079809994860FFE709989F
:1007C0000E998968401AC0080D99C1F3860240F657
:1007D0000841C2F20101114481F8EC0009980F9020
:1007E00038E1FFE7099808300990AFE79DF833003A
:1007F000012803D0FFE700200F902BE10E9801683D
:100800004068B0EBD10F19D1FFE70E99486804306A
:1008100048600E9841688068C900F4F78BFE0E9915
:1008200088600E9802684168806822F007031844C7
:10083000A1EBD201C900E0F7EDF8FFE70E9B1968C4
:10084000986801F108021A6021F007010844069037
:100850000D98069908600699002048600D9804F0EC
:1008600021FD30B9FFE70E99086820F0010008600B
:10087000FFE706980F90EDE00E98406868B9FFE733
:100880009DF83300012804D1FFE70E9800F0E6F848
:1008900002E000200F90DDE0FFE70D9804F002FD7C
:1008A00030B1FFE70D98C00812F026FA059006E077
:1008B0000D9906200CF058FE40100590FFE7059AB0
:1008C0000E984168B2FBF1F000FB112004900498EF
:1008D000039000200290FFE70E988068049900EBD7
:1008E000C10001900198006830BBFFE79DF833001C
:1008F00001281ED1FFE70E990868083008600298A9
:1009000018B9FFE701980290FFE70D980299086077
:100910000299002048600D9804F0C4FC30B9FFE74C
:100920000E99086820F001000860FFE702980F9018
:1009300090E000200F908DE001980068042807D116
:10094000FFE7029818B9FFE701980290FFE73FE040
:10095000019800680D9988420CD0FFE79DF82B00A4
:10096000C007A0BBFFE7019800680D9901F0A6FE43
:1009700068B3FFE79DF8330002281AD1FFE70E990C
:100980000868083808600E984268806804994B1C13
:10099000B3FBF2F101FB123150F8310020B9FFE74F
:1009A00001990020086003E0019904200860FFE736
:1009B000FFE704980D99C1F3860240F60841C2F2A0
:1009C0000101114481F8EC0001980F9042E0FFE72B
:1009D000FFE70498421C0E984168B2FBF1F000FB5F
:1009E0001120049004980399884232D1FFE79DF8C2
:1009F0003300012829D1FFE70298C0B1FFE70E9923
:100A00000868083008600D98029908600299002073
:100A100048600D9804F046FC30B9FFE70E9908686D
:100A200020F001000860FFE702980F9012E00E9896
:100A300000F014F8059A0E984168B2FBF1F000FB43
:100A4000112004900390FFE702E000200F9001E0E6
:100A5000FFE741E70F9810B080BD000080B588B077
:100A60000790079840680690079840680130F2F7B1
:100A7000C9FA05900798806804900598C000F4F7BB
:100A800013FD03900598079948600799086800F0DE
:100A9000070008600799086840F0010008600398A3
:100AA0000799886000200290FFE702980699884223
:100AB00022D2FFE70498029950F83100B8B1FFE75D
:100AC0000498029950F83100042810D0FFE70499E7
:100AD000029A01EBC20040680190079851F8321069
:100AE0000122FFF79FFD014601984860FFE7FFE7FD
:100AF000029801300290D8E70498F4F7B9FC08B0E6
:100B000080BD000084B00390029102980399496867
:100B1000884201D2FFE70BE047F63C10C0F6040024
:100B200047F64D11C0F6040140F2F312E3F76AFAFA
:100B300002990398806850F831100020019051B15B
:100B4000FFE703988068029950F83100043818BF15
:100B500001200190FFE7019800F0010004B0704708
:100B600084B003900291029803994968884201D2A7
:100B7000FFE70BE047F63C10C0F6040047F64D11C6
:100B8000C0F6040140F2F312E3F73CFA029903982D
:100B9000806850F831100020019051B1FFE70398B0
:100BA0008068029950F83100043818BF0120019084
:100BB000FFE7019800F0010004B0704784B0039093
:100BC0000291029803994968884201D2FFE70BE03D
:100BD00047F63C10C0F6040047F64D11C0F604017C
:100BE00040F2F312E3F70EFA02990398806850F886
:100BF00031100020019051B1FFE7039880680299FD
:100C000050F83100043818BF01200190FFE7019827
:100C100000F0010004B0704784B003900291029884
:100C200003994968884201D2FFE70BE047F63C1080
:100C3000C0F6040047F64D11C0F6040140F2F3126D
:100C4000E3F7E0F902990398806850F8311000202A
:100C5000019051B1FFE703988068029950F8310084
:100C6000043818BF01200190FFE7019800F001004F
:100C700004B0704784B003900291029803994968C8
:100C8000884201D2FFE70BE047F63C10C0F60400B3
:100C900047F64D11C0F6040140F2F312E3F7B2F942
:100CA00002990398806850F831100020019051B1EA
:100CB000FFE703988068029950F83100043818BFA4
:100CC00001200190FFE7019800F0010004B0704797
:100CD00084B003900291029803994968884201D236
:100CE000FFE70BE047F63C10C0F6040047F64D1155
:100CF000C0F6040140F2F312E3F784F90299039875
:100D0000806850F831100020019051B1FFE703983E
:100D10008068029950F83100043818BF0120019012
:100D2000FFE7019800F0010004B0704784B0039021
:100D30000291029803994968884201D2FFE70BE0CB
:100D400047F63C10C0F6040047F64D11C0F604010A
:100D500040F2F312E3F756F902990398806850F8CD
:100D600031100020019051B1FFE70398806802998B
:100D700050F83100043818BF01200190FFE70198B6
:100D800000F0010004B0704784B003900291029813
:100D900003994968884201D2FFE70BE047F63C100F
:100DA000C0F6040047F64D11C0F6040140F2F312FC
:100DB000E3F728F902990398806850F83110002071
:100DC000019051B1FFE703988068029950F8310013
:100DD000043818BF01200190FFE7019800F00100DE
:100DE00004B0704780B582B0019001984DF69571BE
:100DF000C0F60301F4F73CFD02B080BD80B582B0BF
:100E0000019001984EF2AD01C0F60301F4F730FDF8
:100E100002B080BD80B582B0019001984EF285117C
:100E2000C0F60301F4F724FD02B080BD80B582B0A6
:100E3000019001984EF2B121C0F60301F4F718FDBC
:100E400002B080BD80B582B0019001984EF22D6154
:100E5000C0F60301F4F70CFD02B080BD80B582B08E
:100E600001900091019800994EF28132C0F6030280
:100E7000F4F762FD02B080BD80B582B001900198A8
:100E80004EF28D71C0F60301F4F7F2FC02B080BDA2
:100E900080B582B00190019802F09CFB1DF0DEFC51
:100EA00005F060FB02B080BD80B582B0019000917A
:100EB000019800994CF67162C0F60002F4F73CFD0F
:100EC00002B080BD80B582B0019001984EF6C90194
:100ED000C0F60301F4F7CCFC02B080BD80B582B04F
:100EE000019001984EF61921C0F60301F4F7C0FCF9
:100EF00002B080BD80B582B00190019802F06AFB1B
:100F00009FED031A20EE010A05F0E6F902B080BD5C
:100F1000E02E654280B582B0019001984EF6D15125
:100F2000C0F60301F4F7A4FC02B080BD80B582B026
:100F3000019001984EF6B121C0F60301F4F798FC38
:100F400002B080BD80B582B0019001984EF6D57197
:100F5000C0F60301F4F78CFC02B080BD80B582B00E
:100F6000019001984FF2C111C0F60301F4F780FC23
:100F700002B080BD80B582B0019001984FF281111E
:100F8000C0F60001F4F774FC02B080BD80B584B0F7
:100F90000290029802F0EEFB01900198B0F1FF3F41
:100FA00006DCFFE749F21C40C0F604000AF05AF9DB
:100FB000019818B9FFE70320039006E0FFE70199C5
:100FC000012000F005F80390FFE7039804B080BD0E
:100FD00080B58CB00A9009910A980999884205D188
:100FE000FFE70A9805F0A6FA0B904AE009980A99DB
:100FF000401A01280BD1FFE70A984000411C0998CC
:101000004000421C1D20F6F7A9FF0B9039E009981B
:101010000A99401A02281CD1FFE70A9840000130C3
:1010200008900A99032000EB4100079009984000BE
:10103000013006900899079A1D200190F6F78EFF5F
:101040000146019805910599069AF6F787FF0B90DE
:1010500017E00A980999091A00EB510004900A98C0
:101060000499FFF7B5FF0390049801300999FFF741
:10107000AFFF02900399029A1D20F6F76FFF0B90C5
:10108000FFE70B980CB080BD80B582B0019001984D
:1010900002F0A0FA1EF0CCF905F064FA02B080BDAF
:1010A00080B582B001900091019800994FF2A14261
:1010B000C0F60302F4F740FC02B080BD80B586B0F4
:1010C000059000200490059802F084FA04A81EF010
:1010D0003FFA8DED030A9DED030A05F0FDF801903E
:1010E000049805F027FA0290022001A905F0A0FD5E
:1010F00006B080BD80B582B00190019840F2F961E0
:10110000C0F60401F4F7B4FB02B080BD80B58EB028
:101110000C900B910A920C9802380B9908310A9A9C
:10112000EC4608ABCCF8043043F64843C0F6040361
:10113000CCF800300223F6F727FB0B98006802F08A
:1011400049FA8DED070A0B98406802F043FA8DEDDD
:10115000060A089828B9FFE79FED420A8DED020ABA
:1011600005E0089802F036FA8DED020AFFE79DEDE2
:10117000020A8DED050A099802F02CFA8DED040A99
:101180009DED050AB5EE400AF1EE10FA08DBFFE727
:101190009DED040AB5EE400AF1EE10FA02DAFFE71F
:1011A000F4F760FB9DED070A9DED061AB4EE410AC7
:1011B000F1EE10FA03D1FFE71E200D904FE09DEDF8
:1011C000070A9DED061A30EE410AB0EEC00A8DED19
:1011D000030A002028B9FFE70398E2F7FFFD58B99A
:1011E0000DE0039820F098FB41EC100B51EC100B34
:1011F000E2F7B2FD18B1FFE70E200D902FE09DED54
:10120000030A9DED041AB4EE410AF1EE10FA20DD56
:10121000FFE79DED030A9DED051A9DED072A21EEDE
:10122000021AB0EEC11AB4EE410AF1EE10FA10DD66
:10123000FFE79DED030A9DED051A9DED062A21EEBF
:10124000021AB0EEC11AB4EE410AF1EE10FA03DC54
:10125000FFE71E200D9002E00E200D90FFE70D9895
:101260000EB080BD5F70893080B582B0019001986A
:1012700002F0B0F910EE100AE2F748FD04F08AFC23
:1012800002B080BD80B582B00190019802F0A2F951
:1012900010EE100AE2F7A2FD04F07CFC02B080BD63
:1012A00080B582B00190019802F094F910EE100A16
:1012B000E2F704FE04F06EFC02B080BD80B584B09D
:1012C00003900291039802F085F98DED010A0298CE
:1012D00002F050FA9DED010A1EF064F904F0FCFFE3
:1012E00004B080BD80B582B0019001984FF23361A7
:1012F000C0F60301F4F7BCFA02B080BD80B588B037
:10130000069005910598006802F064F98DED040AD5
:101310009DED040AB5EE400AF1EE10FA02DCFFE79B
:10132000F4F7A0FA9DED040A1EF004FB8DED030A0C
:101330000698012806D1FFE79DED030A04F0CCFFD3
:10134000079036E00598406802F044F98DED020AF6
:101350009DED020AB5EE400AF1EE10FA02DCFFE75D
:10136000F4F780FA9DED020AB7EE001AB4EE410AD6
:10137000F1EE10FA0AD1FFE746F25810C0F6040069
:1013800049F62C21C0F6040109F076FFFFE79DED38
:10139000030A8DED010A9DED020A1EF0CBFAB0EEB4
:1013A000401A9DED010A80EE010A04F095FF0790B6
:1013B000FFE7079808B080BD80B582B00190019822
:1013C0004FF25161C0F60301F4F752FA02B080BD4A
:1013D00080B582B0019001984FF2D171C0F603013F
:1013E000F4F746FA02B080BD80B586B005900020C3
:1013F0000490059802F0EEF88DED030A9DED030AC6
:1014000004A81EF04DFB8DED020A9DED020A04F0CA
:1014100063FF00909DED040A04F05EFF019002203E
:10142000694605F005FC06B080BD000080B582B0BD
:1014300001900091019800994FF64132C0F60302E5
:10144000F4F77AFA02B080BD80B582B001900198BD
:1014500002F0C0F89FED031A20EE010A04F03CFFF1
:1014600002B080BD35FA8E3C80B582B00190019803
:1014700040F2A511C0F60401F4F7FAF902B080BDFC
:1014800080B582B00190019840F23531C0F6040178
:10149000F4F7EEF902B080BD80B582B001900198FA
:1014A00040F25D41C0F60401F4F7E2F902B080BDFC
:1014B00080B582B00190019840F29941C0F60401D4
:1014C000F4F7D6F902B080BD80B582B001900198E2
:1014D00040F21561C0F60401F4F7CAF902B080BD0C
:1014E00080B582B00190019802F074F81FF034FBCF
:1014F00005F038F802B080BD80B5F0F76DFE06202B
:1015000080BD000080B5F1F701FB40F60840C2F253
:101510000100008940F0010080BD000080B582B06C
:101520000190019802F026F9C0B2FDF739FA0620C1
:1015300002B080BD80B584B003900291F9F778F8CD
:10154000024640F60840C2F20100436844F62C30DF
:10155000C0F60400019049F24141C0F6040109F0CF
:1015600055FD0198F0F7CCFB0398012807D1FFE760
:1015700044F62C30C0F60400F0F78AFAFFE70620A4
:1015800004B080BD80B584B002900191029850B93A
:10159000FFE740F60840C2F20100D0F8E400400046
:1015A000013003900CE00198006802F0E3F840F687
:1015B0000841C2F20101C1F8E40006200390FFE7F0
:1015C000039804B080BD000080B588B007900691F4
:1015D00005A804A903AA02AB11F0B8FB059A049B65
:1015E0000398DDF808C06946C1F804C0086044F6F5
:1015F0002C30C0F6040049F25641C0F6040109F04F
:1016000005FD0798012803D1FFE711F0AFF9FFE7C7
:10161000062008B080BD000080B582B00190009126
:10162000019800990AF00AFD50B9FFE746F2380028
:10163000C0F6040049F29E41C0F6040109F01CFE08
:10164000062002B080BD000080B5F8F7F1FF400031
:10165000013080BD80B586B0059004910392049955
:10166000032000EB4100800802900398019002984B
:10167000019908448000F3F703FF00900098059952
:1016800088600098029900EB81000599C86006B057
:1016900080BD000080B586B0059004910392049946
:1016A000032000EB4100800802900398019002980B
:1016B000019908448000F3F7E3FE00900098059933
:1016C00088600098029900EB81000599C86006B017
:1016D00080BD000085B00490039102920193002028
:1016E0000090FFE70298009930F8110018B3FFE767
:1016F00004980299009A31F81210884216D1FFE737
:101700000398006838B9FFE70198009950F8210064
:101710000399086009E0039840680199009A41F82C
:101720002200039900200860FFE704E0FFE700982B
:1017300001300090D6E705B07047000080B58AB050
:1017400008908DF81F109DF81F00C20743F28861B2
:10175000C0F6040143F2A870C0F60400002A18BFC6
:101760000846069006980899C90002310022FEF743
:1017700059FF05900598B8BBFFE70898B0F5187FAA
:1017800006D1FFE744F62C00C0F6040009903EE0C5
:101790009DF81F00C00718B1FFE70020099036E050
:1017A000089804A911F0CCF80390039800787528E4
:1017B00003D0FFE70020099029E003980130049945
:1017C000013911F017F9C000811C43F28860C0F69E
:1017D00004000022FEF726FF0590059818B9FFE7E0
:1017E0000020099013E0FFE705984068112101AA45
:1017F000FEF7D2FB019830B1FFE7002101AA0846AD
:10180000F8F710F8FFE7059840680990FFE7099896
:101810000AB080BD80B584B0039002910192029815
:10182000019940F60842C2F2010202F1AC034CF603
:101830000C12C0F60402FFF74DFF04B080BD00009B
:1018400080B584B002900191029803F027FE40B168
:10185000FFE70198029949100DF0C0FE019803902E
:1018600005E002980090009804300390FFE7039889
:1018700004B080BD84B002900191009202980128CA
:1018800021DBFFE7019801280EDBFFE70298019AB0
:101890006FF0004191FBF2F1884204DDFFE7012087
:1018A0008DF80F003CE00DE00198029A4FF00041E6
:1018B00091FBF2F1884204DAFFE701208DF80F0076
:1018C0002EE0FFE723E0019801280EDBFFE70298F6
:1018D000019A4FF0004191FBF2F1884204DAFFE7F0
:1018E00001208DF80F001BE010E0029868B1FFE7BF
:1018F0000198029A6FF0004191FBF2F1884204DAFC
:10190000FFE701208DF80F000AE0FFE7FFE70298EC
:10191000019948430099086000208DF80F00FFE707
:101920009DF80F0004B0704780B582B00190019817
:10193000F3F7A6FD02B080BD80B582B001900091A2
:101940000198F3F795FD02B080BD000080B584B02A
:1019500003900291019203980199F3F7EBFD04B013
:1019600080BD000087B0069005910492049800683D
:1019700048BBFFE7069803900398406802900398DD
:10198000029900EB81008068019000200090FFE741
:1019900000980299884215D2FFE70198009950F803
:1019A00021000599884208D1FFE70398009900EBD0
:1019B000810080680499086005E0FFE70098013025
:1019C0000090E5E7FFE707B07047000080B586B0FC
:1019D000059004918DF80F200498029002984168B8
:1019E00000EB81008068019005980199029A00F04F
:1019F00003F806B080BD000080B584B0039002916A
:101A0000019203984AF28901C0F6040109F0CCF969
:101A100000200090FFE7009801994968884224D28D
:101A2000FFE7009840B1FFE7039847F2B471C0F6B2
:101A3000040109F0B9F9FFE703980299009A51F8F7
:101A4000222049F6C811C0F6040109F0DFFA039814
:101A50000199009A01EB82018968012205F04AFB95
:101A6000FFE7009801300090D5E7039849F6F71199
:101A7000C0F6040109F098F904B080BD80B590B0BB
:101A80000F900E910E980BA90122FCF7EFFC0C9819
:101A9000410807A81BF0BCFC0B980690099805901C
:101AA00006980C9908440490FFE706980499884228
:101AB00032D2FFE70698411C0691007803901AF095
:101AC0003BFE08B1FFE7F0E70698049988420ED084
:101AD000FFE703981AF060FE48B1FFE70698411C43
:101AE0000691007802901AF057FE30B9FFE74AF2EB
:101AF0005350C0F6040009F0B5FB03981AF088FEB5
:101B0000019002981AF084FE019940EA01100599AB
:101B10004A1C05920870C8E705980999401A089070
:101B20000F9807A905F012F810B080BD80B592B0EB
:101B300010900F910E9200200D900F9800680AA946
:101B40000122FCF793FC0B9830B9FFE743F608102D
:101B5000C0F60400119067E00B98400005901098C3
:101B600002280BD3FFE70B9805990844013805902C
:101B70000F98406806F0F0FB0D90FFE7059906A866
:101B80001BF046FC0A980490089803900B9802906A
:101B9000FFE70298411E029100283FD0FFE704981A
:101BA000007800098DF807009DF807000A2806DB79
:101BB000FFE79DF8070027308DF80700FFE79DF845
:101BC0000700303003994A1C039208700498411CA6
:101BD0000491007800F00F008DF807009DF80700D1
:101BE0000A2806DBFFE79DF8070027308DF807007D
:101BF000FFE79DF80700303003994A1C03920870F4
:101C00000D9850B1FFE7029838B1FFE70D980078C2
:101C100003994A1C03920870FFE7BAE70E9806A9D9
:101C200004F094FF1190FFE7119812B080BD0000FE
:101C300080B586B004900391049801F01FFE0290D5
:101C400002980399884203D1FFE7049805900EE0BB
:101C50000298039903F0CCFC18B9FFE70020059027
:101C600005E004980190019800690590FFE7059848
:101C700006B080BD82B00190019800900098406845
:101C800002B0704783B002900191029800900198D1
:101C90000099486003B0704783B0029001910298A8
:101CA000009001980099486003B0704780B58CB0EF
:101CB0000B900A910B98C068006808B9FFE70AE02A
:101CC0004AF62010C0F604004AF65E11C0F6040180
:101CD0008A22E2F797F90B98C068406808B9FFE7D5
:101CE0000AE04AF63F10C0F604004AF65E11C0F65C
:101CF00004018B22E2F786F9FFE70B988068E8B1D0
:101D0000FFE70A9880888005002817D4FFE70A9823
:101D10000B998968405C58B9FFE70B9880680F28D9
:101D20000BD1FFE70A98808810F4C07F05D0FFE749
:101D30000B98C1680420086033E1FFE70A98C07C73
:101D4000002872D0FFE70A98C17C00EB810000698F
:101D500003F02CF808B1FFE70AE04AF22670C0F65B
:101D600004004AF65E11C0F60401A022E2F74AF927
:101D70000A98C17C00EB8100006904300990099841
:101D80000B994968C90002310022FEF74BFC08900C
:101D90000898002848D0FFE70B98007CC00760B186
:101DA000FFE70B98006807900799089842680B981E
:101DB000C3680020F8F7A8FB35E00B980068069090
:101DC000069820B3FFE70A988088800500281ED473
:101DD000FFE70A9846F26461C0F60401884216D013
:101DE000FFE7069800690590059846F6F401C0F6ED
:101DF000040188420AD1FFE745F6E450C0F604002A
:101E00004AF61331C0F6040109F036FA02E00698EA
:101E10000590FFE705980A99089A52680B9BDB68C2
:101E2000F8F772FBFFE7BCE0FFE70B98006808B328
:101E3000FFE70B98007CC007E0B9FFE70A988088AD
:101E40008005002816D4FFE70A9846F26461C0F6C0
:101E5000040188420ED0FFE70B9A10685168D268DF
:101E60000069FEF799F80B98C068006808B1FFE7B1
:101E700097E0FFE70A98807C08B9FFE791E00A98AD
:101E8000817C00EB81000069006846F67801C0F6AD
:101E90000401884273D1FFE70A98817C00EB81003E
:101EA00000690490049808300390039804994968E5
:101EB00000EB810004380290FFE703980299884202
:101EC0003AD2FFE7002088B9FFE70398006803F0E3
:101ED000ADF958B1FFE703980068006846F6A8011D
:101EE000C0F60401884201D1FFE70AE04AF65A0031
:101EF000C0F604004AF65E11C0F60401DC22E2F7E7
:101F000081F8039800680190019846F26461C0F678
:101F10000401884201D1FFE70AE00B980199FFF71D
:101F2000C5FE0B98C068006808B1FFE739E0FFE71D
:101F3000039804300390C0E7002088B9FFE70398B6
:101F4000006803F073F958B1FFE703980068006870
:101F500046F6A801C0F60401884201D1FFE70AE075
:101F60004AF65A00C0F604004AF65E11C0F60401B3
:101F7000E922E2F747F8039800680A9006E00A9819
:101F8000817C00EB810000690A90FFE7FFE70A9877
:101F900046F26461C0F60401884201D1FFE700E027
:101FA000ABE60CB080BD000080B584B00390029118
:101FB000019203980090009840680299019AFDF7F9
:101FC000EBFF04B080BD000080B594B08DF84B00ED
:101FD0008DED110ACDED100A0F910F980EA90DAAE3
:101FE00001F0A4FA18B9FFE700201390A2E19DF8D0
:101FF0004B00023801460391202800F2908103999A
:10200000DFE811F06D018D018D018D018D018D01D4
:102010008D018D018D018D018D018D012100320019
:1020200043008D0167006D008D01D6008D018D018B
:102030008D018D018D012100320043008D0167006B
:102040006D008D01D6009DED0E1A9DED110A30EE4A
:10205000010A8DED110A9DED0D1A9DED100A30EE6D
:10206000010A8DED100A5DE19DED0E1A9DED110A3C
:1020700030EE410A8DED110A9DED0D1A9DED100A0D
:1020800030EE410A8DED100A4CE1FFE79DED110A9B
:102090009DED0E2A9DED101A9DED0D3A21EE031ACD
:1020A00020EE020A30EE410A8DED0C0A9DED110A78
:1020B0009DED0D2A9DED101A9DED0E3A21EE031AAD
:1020C00020EE020A30EE010A8DED100A0C981190F4
:1020D00028E149F63B20C0F6040009F0A9F89DED7F
:1020E0000D0AB5EE400AF1EE10FA23D1FFE79DED9F
:1020F0000E0AB5EE400AF1EE10FA0AD1FFE746F2F9
:102100005810C0F6040049F62421C0F6040109F075
:10211000B3F89DED0E1A9DED110A80EE010A8DEDCA
:10212000110A9DED0E1A9DED100A80EE010A8DED4B
:10213000100A3CE09DED0E0AB5EE400AF1EE10FAF1
:1021400015D1FFE79DED100A9DED0D1A80EE010AF5
:102150008DED0B0A9DED110AB1EE400A9DED0D1AB1
:1021600080EE010A8DED100A0B9811901EE09DED96
:102170000E0A9DED0D1A21EE011A20EE000A30EE36
:10218000010A8DED0A0A9DED0A1A9DED0E0A80EEF8
:10219000010A8DED0E0A9DED0A0AB1EE401A9DED81
:1021A0000D0A80EE010A8DED0D0A6FE7FFE7B9E039
:1021B0009DED110A9DED101A21EE011A20EE000A84
:1021C00030EE010A1EF04AF98DED090A9DED090A6B
:1021D000B5EE400AF1EE10FA2BD1FFE79DED0D0AA6
:1021E000B5EE400AF1EE10FA18D1FFE79DED0E0AA8
:1021F000B5EE400AF1EE10FA10DBFFE79DED0E2A76
:10220000B7EE001A9FED4D0AB5EE402AF1EE10FA36
:1022100008BFB0EE410A8DED110A09E046F25810F0
:10222000C0F6040049F66221C0F6040109F024F862
:1022300054E09DED090A1DF07DFB8DED080A9DED32
:10224000100ADDED110A1CF09BF88DED070A9DEDDB
:102250000E0A9DED082A9DED0D1A9DED073A21EE1F
:10226000031A20EE020A30EE410A8DED060A9DEDBA
:102270000D0A9DED082A9DED0E1A9DED073A21EEFF
:10228000031A20EE020A30EE010A8DED050A9DEDDB
:10229000060A1CF09FFE8DED040A9DED040A8DEDEB
:1022A000010A9DED050A1CF00FFBB0EE401A9DEDF2
:1022B000010A20EE010A8DED110A9DED040A8DED53
:1022C000020A9DED050A1DF06DFFB0EE401A9DED6E
:1022D000020A20EE010A8DED100AFFE722E09DEDD3
:1022E000110A9DED0E1A0020B4EE410AF1EE10FA2B
:1022F00000900DD1FFE79DED100A9DED0D1A002015
:10230000B4EE410AF1EE10FA08BF01200090FFE799
:10231000009800F0010003F065FC13900AE0002033
:10232000139007E09DED110ADDED100A03F0CEFDDC
:102330001390FFE7139814B080BD00BF00000000A9
:1023400080B584B0039002910192002078B9FFE734
:10235000039802F09FFE50B1FFE70398006846F231
:102360003831C0F60401884201D1FFE70AE049F69E
:10237000CF10C0F6040049F6F911C0F60401A022FE
:10238000E1F740FE039800900098406802990860C9
:10239000009880680199086004B080BD80B584B061
:1023A00003900291039801900198C0680130009059
:1023B000009801994968884203D1FFE70020009006
:1023C000FFE70198007DC00780B1FFE70098019901
:1023D000896888420AD1FFE745F6DC60C0F6040050
:1023E00049F2AD41C0F6040108F046FF0298019998
:1023F000CA68096941F8220000980199C8600198EB
:102400008068009988420ED1FFE701998868013001
:10241000886001994968884204D1FFE7019900204A
:102420008860FFE7FFE7062004B080BD80B584B078
:102430000390029103980190019880680138009000
:102440000198806828B9FFE701984068013800903A
:10245000FFE70198007DC00780B1FFE70098019970
:10246000C96888420AD1FFE745F6DC60C0F604007F
:1024700049F2AD41C0F6040108F0FEFE0098019952
:102480008860029801998A68096941F822000198D8
:10249000C068009988420FD1FFE70198C06828B949
:1024A000FFE7019948680138C86004E00199C868ED
:1024B0000138C860FFE7FFE7062004B080BD0000D8
:1024C00080B588B007900691069802A9FCF7AEF88F
:1024D0000190FFE70198FCF7CDFF009028B1FFE7DE
:1024E00007980099FFF75AFFF4E7062008B080BD6F
:1024F00080B584B00390039802900298806803F03E
:102500001DFD0190019800900298006800990860F4
:102510000298426800994868D20862F3DF00486078
:10252000029842680099486862F300004860009988
:10253000486820F0020048600298426800994868A4
:10254000920862F3820048600098C06802998A6825
:10255000C968D200DEF7E7F9019804B080BD000039
:1025600080B584B003900291039800900298019086
:10257000694602221046EBF75DF9039804B080BD6E
:1025800080B584B0039002910398019001980430C3
:1025900002990022FEF746F80090009838B9FFE74C
:1025A000029945F60070C0F6040008F08FFE00980E
:1025B000406804B080BD000081B0009000980430F5
:1025C00001B0704781B000900098043001B07047AE
:1025D00081B000900098043001B0704780B582B09F
:1025E00001900091019946F28830C0F6040008601D
:1025F000019804300099FDF7C3FF02B080BD0000D0
:1026000082B001900198009000984068C00802B024
:102610007047000080B58CB00B900A910992089326
:10262000002003F08BFC0790079806900B98069902
:1026300008600B9846F28061C0F60401884206D11A
:10264000FFE70699486840F004004860FFE70A98F1
:1026500018B9FFE70998A8B1FFE707980490089810
:1026600000680590099908980A9A00EB820201A86F
:102670000090FDF7B3FF009A0A98013004A9EBF728
:102680006DFBFFE707980CB080BD000080B586B0F9
:10269000059004910392059802900298F9F7D4F9F5
:1026A000039801900298043004990122FDF7BAFFC3
:1026B000014601984860059806B080BD80B582B09B
:1026C000019000910199009A022000F005F803F0B2
:1026D00001F802B080BD000080B58EB08DF83300E7
:1026E0000B910A929DF833101E20052908BF0E2079
:1026F00009909DF833100E20052908BF1E20089070
:10270000002007900B980A99884210D1FFE70B9898
:1027100002F0A4FE40B9FFE70B9801F0AFF8808803
:102720004007002803D4FFE709980D90B7E00B9805
:1027300002F0D0FD70B9FFE70B9802F093FC60B394
:10274000FFE70B98006846F60001C0F604018842D6
:1027500023D1FFE70A9802F0BDFD70B9FFE70A98A0
:1027600002F080FCC0B1FFE70A98006846F600015D
:10277000C0F6040188420FD1FFE70B980A9904F0D4
:1027800083FF18B1FFE70998029002E008980290D1
:10279000FFE702980D9082E069E00B9802F05EFE80
:1027A00048B1FFE70A9802F059FE18B1FFE7089810
:1027B0000D9074E05BE0FFE70798012861DCFFE71C
:1027C0000B9801F05BF806900698007B00284DD02E
:1027D000FFE7069880880007002807D4FFE70A98DB
:1027E00001F04CF80699884240D1FFE79DF833008C
:1027F000052817D1FFE706988088C006002811D564
:10280000FFE70698017B00EB810003690B990A9AA8
:10281000052098470590059818B1FFE705980D9099
:102820003DE0FFE70698017B00EB810003690B990F
:102830000A9A0220984704900498B0B1FFE79DF8E7
:102840003300022803D1FFE704980D9027E0049895
:1028500002F040FF18B1FFE70998019002E00898E4
:102860000190FFE701980D9019E0FFE7FFE7079857
:10287000013007900B9803900A980B9003980A90E8
:102880009AE70B980A99884203D1FFE709980090CC
:1028900002E008980090FFE700980D90FFE70D9880
:1028A0000EB080BD80B588B0079006910592049364
:1028B0000798F0F705FC03900398806890B9FFE74C
:1028C0000C20F2F717FE039988600398806808B916
:1028D000FFE739E0039903208880FFE70399002090
:1028E000C8801DE00399C88803308988884216DDB6
:1028F000FFE7039988688A880C2101EB8201012295
:10290000F2F72EFE0290029808B9FFE71CE0029849
:10291000039988600399888803308880FFE7FFE780
:1029200003998868C98800EB810001900399C888E1
:102930000330C8800698019908600598019948609D
:10294000049801998860FFE708B080BD80B584B025
:10295000039002910192039800900198006890B151
:10296000FFE7029840F2551188420BD1FFE701982A
:102970004068062806D1FFE700990020C880019929
:102980000860FFE71BE002983D2808D1FFE70098A8
:10299000EAF79CFA0098C068019908600FE0029875
:1029A000A22805D0FFE70298B0F5D07F06D1FFE757
:1029B000039800F025F801990860FFE7FFE704B0ED
:1029C00080BD000080B584B003900291019203980D
:1029D000F0F776FB00900098806830B9FFE7029925
:1029E000002008600199086008E00098C0880299FA
:1029F00008600098806801990860FFE704B080BD16
:102A000080B584B002900298F0F75AFB01900198CB
:102A1000C068406818B9FFE70620039007E00198F6
:102A2000EAF754FA0198C06880680390FFE70398BA
:102A300004B080BD80B588B00790069105920493DC
:102A4000069805996B4600221A604FF6FF73F4F75B
:102A500097FC1020F2F74EFD0390039838B9FFE77A
:102A600040F60840C2F2010028300390FFE70798C3
:102A700003990860039900208860069830B9FFE741
:102A800043F62810C0F60400029021E006990820C1
:102A900000EB8100F2F72EFD0290029830B9FFE7BB
:102AA00043F62810C0F60400029010E0029946F6A2
:102AB0007800C0F604000860069802994860029801
:102AC00008300499069A9200DDF72DFFFFE7FFE733
:102AD00002980399C860039808B080BD80B582B0A1
:102AE00001900091019802F08DF928B1FFE701985B
:102AF00000F0C4FE0190FFE70198009902F078FD14
:102B000002B080BD80B588B0079006918DF817207F
:102B1000069804909DF8170000F07F008DF80F00D4
:102B20009DF81700C0098DF80E009DF80E00C00733
:102B3000B0B9FFE79DF80F00012805D0FFE79DF829
:102B40000F0002280CD1FFE7079801900498006855
:102B5000C08810F05DF90146019808F025F9FFE7FB
:102B60009DF80F00022808D1FFE7079848F69171F9
:102B7000C0F6040108F018F9FFE70498EAF7A6F98F
:102B80009DF80F0028B1FFE79DF80F00022867D1DC
:102B9000FFE70498C06828B1FFE70498C068406860
:102BA00040B9FFE707984CF2DA01C0F6040108F0DB
:102BB000FBF85DE00498006845F6F071C0F604018A
:102BC00088423ED1FFE70498C0684068C8B3FFE779
:102BD0000498C0684068022833D8FFE70498C068AA
:102BE000806802F04BFC60B3FFE70498C06880681F
:102BF000F8F738FF0290029810B3FFE7079804999E
:102C0000C96889684A10029B49F6E531C0F604019B
:102C100008F0FCF90498C068406802280FD3FFE769
:102C2000079848F69171C0F6040108F0BDF80798BE
:102C30000499C968C968002204F05CFAFFE717E04C
:102C4000FFE70498C0684068012808D1FFE70798AB
:102C50000499C9688968002204F04CFA08E0FFE78B
:102C600007980499C9689DF8172005F05BFFFFE7F6
:102C700008B080BD80B58AB08DF823008DED070ABD
:102C80000691069805A900F0C1FC18B9FFE70020DD
:102C9000099087E19DF8230001460291232800F264
:102CA00078810299DFE811F02A01390148015701C2
:102CB0006601750175017501750175017501750173
:102CC0007501750124002D00360075013F00570085
:102CD0006900AB007501750175017501750124006E
:102CE0002D00360075013F0057006900AB000D0153
:102CF0009DED051A9DED070A30EE010A8DED070ADC
:102D00004AE19DED051A9DED070A30EE410A8DED71
:102D1000070A41E19DED051A9DED070A20EE010A23
:102D20008DED070A38E19DED050AB5EE400AF1EE9A
:102D300010FA0BD1FFE7FFE746F25810C0F6040087
:102D400049F62C21C0F6040108F096FA07A805A957
:102D500000F02EF920E19DED050AB5EE400AF1EEF6
:102D600010FA01D1FFE7E7E79DED051A9DED070A8F
:102D700080EE010A8DED070A0EE19DED050AB5EE24
:102D8000400AF1EE10FA01D1FFE7D5E79DED070A01
:102D9000DDED050A1CF084FB8DED070A9DED070AA9
:102DA000B5EE400AF1EE10FA09D1FFE7DDED050AB4
:102DB0009FED7E0AEAF77AF88DED070A1EE09DED99
:102DC000070A0021B5EE400AF1EE10FA0846B8BF36
:102DD00001209DED050AB5EE400AF1EE10FAB8BFEC
:102DE0000121884209D0FFE79DED051A9DED070AF4
:102DF00030EE010A8DED070AFFE7FFE7CCE09DED1D
:102E0000070AB5EE400AF1EE10FA1CD1FFE79DED7E
:102E1000050AB5EE400AF1EE10FA14DAFFE70020D9
:102E200028B9FFE70598E0F7E7FF60B90AE00598E1
:102E30001EF072FD41EC100B51EC100BE0F7A6FFF9
:102E400008B9FFE778E79DED070AB5EE400AF1EE15
:102E500010FA2DDAFFE79DED050A8DED010A1CF051
:102E6000E7FAB0EE401A9DED010AB4EE410AF1EE28
:102E700010FA1DD0FFE7002028B9FFE70598E1F719
:102E800029F8A8B90AE005981EF046FD41EC100BA0
:102E900051EC100BE0F7EEFF50B9FFE79DED070A8C
:102EA00006992220DFED410AFFF78EF8099079E0BC
:102EB0009DED070ADDED050A1CF042FE8DED070AC7
:102EC0006AE09DED050AB5EE400AF1EE10FA01D177
:102ED000FFE731E707A805A900F06AF89DED070AAA
:102EE00003F0FAF903909DED050A03F0F5F904905B
:102EF000022003A903F09CFE099053E09DED070A10
:102F00009DED051A0020B4EE410AF1EE10FAB8BFAB
:102F1000012002F085FE099044E09DED070A9DED39
:102F2000051A0020B4EE410AF1EE10FAC8BF0120E4
:102F300002F076FE099035E09DED070A9DED051A39
:102F40000020B4EE410AF1EE10FA08BF012002F0B1
:102F500067FE099026E09DED070A9DED051A002009
:102F6000B4EE410AF1EE10FAD8BF012002F058FE8B
:102F7000099017E09DED070A9DED051A0020B4EEBB
:102F8000410AF1EE10FAA8BF012002F049FE0990B3
:102F900008E00020099005E09DED070A03F09CF988
:102FA0000990FFE709980AB080BD00BF000000004B
:102FB00080B586B005900491059890ED000A0498BC
:102FC000D0ED000A1CF06CFA8DED030A059890ED27
:102FD000000A9DED031A30EE410A049890ED001AA4
:102FE00080EE010A8DED020A9DED030AB5EE400A5E
:102FF000F1EE10FA0AD1FFE70498D0ED000A9FED38
:10300000360AE9F753FF8DED030A28E09DED030A28
:103010000021B5EE400AF1EE10FA0846B8BF0120D3
:10302000049A92ED000AB5EE400AF1EE10FAB8BF2C
:103030000121884212D0FFE7049890ED001A9DED1F
:10304000030A30EE010A8DED030A9DED020ABFEE80
:10305000001A30EE010A8DED020AFFE7FFE79DED51
:10306000020AB5EE400AF1EE10FA0FD1FFE705981B
:1030700090ED000A049890ED001AC0EE010A9FED51
:10308000160AE9F713FF8DED010A1DE09DED020A16
:103090001CF0CEF98DED010A9DED020A9DED011A9D
:1030A00030EE410AB6EE001AB4EE410AF1EE10FA23
:1030B00009DDFFE79DED010AB7EE001A30EE010AC7
:1030C0008DED010AFFE7FFE7019805990860039875
:1030D0000499086006B080BD0000000080B582B091
:1030E0000190002078B9FFE7019802F003F850B191
:1030F000FFE70198006846F22C41C0F604018842BF
:1031000001D1FFE70AE049F64140C0F6040049F664
:103110005A41C0F60401C122E0F774FF0198009003
:10312000009890ED010A02B080BD000080B584B027
:103130000390029101920198006808B1FFE718E03E
:103140000298172808D1FFE7039800F015F8C0008F
:10315000023001990860FFE70298B0F5A77F08D117
:10316000FFE7039800900098406840680199086064
:10317000FFE704B080BD000080B590B00F900F98BD
:103180000E900E98C0680D90FFE70D98411C0D91B0
:1031900000788DF81B009DF81B00C0F3C3000C9055
:1031A0009DF81B00C0F380000B9000200A909DF852
:1031B0001B1001F003010991089007900590FFE7AB
:1031C0009DF81B000006002848D5FFE70D98411C1C
:1031D0000D9100788DF81B009DF81B0000F0300069
:1031E0000599490000FA01F10C9808430C909DF8EC
:1031F0001B0000F00200059900FA01F10B9808434A
:103200000B909DF81B00C0F38010059900FA01F1A6
:103210000A9808430A909DF81B0000F004000599E5
:1032200000FA01F10998084309909DF81B00C0F3CA
:10323000C000059900FA01F10898084308909DF82C
:103240001B0000F00100059900FA01F107980843FE
:103250000790FFE7059801300590B1E70C98013021
:103260000C90FFE7FFE70020039004900190FFE738
:103270000D98411C0D9100788DF80B009DF80B0006
:1032800000F00100019900FA01F10398084303904E
:103290009DF80B00C0F34500019901EB4101490085
:1032A00000FA01F10498084304909DF80B00000611
:1032B000002801D4FFE704E0FFE701980130019006
:1032C000D6E7FFE70D98F7F755FA00900E9840689B
:1032D0008068009930F811000090009810B080BD0F
:1032E00080B58AB00890079106920593F7F792F996
:1032F000089804900498C06838B9FFE7059906203B
:10330000086000208DF827008EE00498406830B9EE
:10331000FFE749F6F950C0F6040007F0A3FF049850
:103320004068062804D0FFE7049840680690FFE74D
:1033300004981830039004980069039988420BD1CF
:10334000FFE70798062806D0FFE749F63460C0F685
:10335000040007F06DFF04E007980499096908600C
:10336000FFE7049900204860FBF714FA049988618C
:103370000498806840684068FBF746FA0498083073
:103380000699F8F79DFB8DF80B0004988069FBF710
:103390003BFA0499062048609DF80B000146019114
:1033A00040B1FFE7019801280ED0FFE701980228FD
:1033B00014D000E0FFE704990020C8600498006979
:1033C0000068059908602AE004980069006805997A
:1033D0000860049801690620086020E00499002034
:1033E000C8600498C069059908600598006800F0F5
:1033F00045FA46F28001C0F6040102F0F9F868B11E
:10340000FFE746F23800C0F6040049F61561C0F641
:10341000040102F035FE05990860FFE7FFE79DF81B
:103420000B008DF82700FFE79DF827000AB080BD4C
:1034300080B584B00390029101920020A0B9FFE70B
:10344000039801F00FFE78B1FFE70398006846F695
:103450007801C0F60401884206D1FFE7039802997B
:10346000019A05F097FA25E00020A0B9FFE703983C
:1034700001F0F8FD78B1FFE70398006846F2CC51FF
:10348000C0F60401884206D1FFE703980299019A29
:1034900002F010FA0DE0039800F00CFA024646F232
:1034A000EC00C0F6040049F2FA71C0F6040107F01E
:1034B000F5FEFFE704B080BD80B584B003900291B3
:1034C00001920398019A6946FFF7B2FF00980299AA
:1034D00088420CD0FFE7029A009B46F23410C0F6F7
:1034E000040049F2DE61C0F6040107F0D7FE04B023
:1034F00080BD000080B584B00390029101920398D2
:103500000299019A00F012F870B9FFE7039800F0F1
:10351000D1F9024646F2EC00C0F6040049F61C015F
:10352000C0F6040107F0BAFE04B080BD80B584B0D7
:103530000290019100920298019900F067F820B181
:10354000FFE70099002008603BE00020A0B9FFE7FA
:10355000029801F087FD78B1FFE70298006846F213
:103560003831C0F60401884206D1FFE7029801997C
:10357000009AFEF7E5FE23E002990A2009F0F4FF25
:1035800002900298B8B1FFE70020A0B9FFE70298C7
:1035900001F068FD78B1FFE70298006846F2383123
:1035A000C0F60401884206D1FFE702980199009A0B
:1035B000FEF7C6FE03E000208DF80F0005E0FFE7F0
:1035C000FFE701208DF80F00FFE79DF80F0004B022
:1035D00080BD000080B582B001900198694600F07E
:1035E00015F870B9FFE7019800F064F9024646F259
:1035F000EC00C0F6040049F2B471C0F6040107F013
:103600004DFE9DED000A02B080BD000080B584B083
:103610000290019102980E2803D1FFE7002000904C
:1036200068E002981E2804D1FFE74FF07E5000901A
:103630005FE0029801F012FF48B1FFE702984010E6
:1036400000EE100AB8EEC00A8DED000A50E00298B4
:1036500001F008FD78B1FFE70298006846F270516A
:10366000C0F60401884206D1FFE7029800F0F0FCA2
:103670008DED000A3BE00020A0B9FFE7029801F0C1
:10368000F1FC78B1FFE70298006846F22C41C0F6E1
:103690000401884206D1FFE70298FFF71FFD8DED78
:1036A000000A23E00299092009F05EFF02900298C7
:1036B000B8B1FFE70020A0B9FFE7029801F0D2FC03
:1036C00078B1FFE70298006846F22C41C0F6040189
:1036D000884206D1FFE70298FFF700FD8DED000A52
:1036E00003E000208DF80F000BE0FFE7FFE7FFE7A6
:1036F000FFE7FFE700980199086001208DF80F00AF
:10370000FFE79DF80F0004B080BD000080B582B0D7
:1037100001900198FFF75EFF10EE100A1EF0FCF812
:1037200041EC100B02B080BD80B582B001900198D1
:10373000FFF750FF10EE100A1EF0EEF841EC100BF0
:1037400002B080BD80B582B001900198FFF742FFC2
:1037500002B080BD80B582B001900198FFF73AFFBA
:1037600002B080BD80B582B001900198FFF732FFB2
:1037700002B080BD80B582B001900198694600F02A
:1037800009F818B9FFE7019807F05CFD009802B04E
:1037900080BD000080B584B00290019102980E288F
:1037A00004D1FFE70199002008603BE002981E2841
:1037B00004D1FFE701990120086032E0029801F08E
:1037C0004DFE28B1FFE7029840100199086027E0FC
:1037D000029801F047FC78B1FFE70298006846F2D2
:1037E0007051C0F60401884206D1FFE7029801F04B
:1037F00067F80199086012E00299082009F0B4FE08
:103800000290029830B1FFE7029801F059F801994F
:10381000086003E000208DF80F0007E0FFE7FFE7F6
:10382000FFE7FFE701208DF80F00FFE79DF80F008D
:1038300004B080BD80B582B00090009801F00EFE0B
:1038400070B9FFE7009801F00DFC70B1FFE7009838
:10385000006846F27051C0F60401884205D1FFE7C6
:10386000009801F053F8019004E00098FFF782FF00
:103870000190FFE7019802B080BD000080B584B0E0
:103880000290029801F0EEFB30B1FFE70298019040
:103890000198006803900AE0029800F00F0144F6D6
:1038A0009C20C0F6040050F821000390FFE7039825
:1038B00004B080BD80B582B001900198FFF7DEFFB3
:1038C000C0880FF0A5FA02B080BD000080B584B0BA
:1038D000029002980190029801F0C4FB28B9FFE71A
:1038E000019802F027FE03900DE00198002805D40E
:1038F000FFE7019840000130039004E0019802F0D6
:10390000ADFE0390FFE7039804B080BD80B584B09E
:103910000390029101920198006830B9FFE7039883
:103920000299019A00F0C6F80CE003980299019AF6
:10393000526800F095FA20B1FFE701990020086075
:10394000FFE7FFE704B080BD80B58AB0089007911B
:1039500006920593002004900390089803A900F0B4
:1039600031F80290029870B9FFE70898FFF7A2FFBC
:10397000024646F2EC00C0F604004AF6C411C0F656
:10398000040107F08BFC089801900298042809D1E3
:10399000FFE7019800690799069A059BF5F718FF5C
:1039A00009900CE003980499079A069BDDF814C06F
:1039B000EE46CEF800C0F5F76DFF0990FFE70998D5
:1039C0000AB080BD80B588B0079006910798059031
:1039D00005980090092001900A2002900698039013
:1039E00000208DF81000059801686846FEF75EF922
:1039F0000698006808B080BD80B58CB00A90099127
:103A00000A980890002007900690089901911321C8
:103A100002910F21039106A904918DF814000898D2
:103A2000016801A8FEF742F9069818B9FFE70020DF
:103A30000B902CE00698042822D1FFE70898006933
:103A4000FFF71CFF0090009880880006002804D52E
:103A5000FFE7089800690B9019E0099828B9FFE77B
:103A60001020F1F70DFD0990FFE70098C17B00EBF6
:103A70008100026908980069099990470B9006E057
:103A8000002106AA0846F5F7CDFE0B90FFE70B983C
:103A90000CB080BD80B584B00390002002900190EE
:103AA000039801A9FFF78EFF002818BF012004B07A
:103AB00080BD000080B598B01790169115921798A8
:103AC000FFF7DCFE80888005002801D5FFE70BE0CA
:103AD0004AF2D670C0F604004AF65E11C0F6040140
:103AE00040F24D22E0F78EFA1798149014980430A3
:103AF0001699C90002310022FCF794FD1390139827
:103B000028B1FFE71398406815990860BAE0169845
:103B1000B0F5A67F1AD1FFE746F28830C0F6040060
:103B20000F90149A50689168D26812921191109077
:103B30000FA8FEF7DDFC15990860159800680E9037
:103B40000E99486840F0020048609BE01498099084
:103B500016980A9000200B9015990C918DF834005E
:103B60001498016809A8FEF7A1F815980068089054
:103B7000089800284ED0FFE71498006880888007D6
:103B8000002801D4FFE77DE0002060BBFFE7089834
:103B900001F04CFB38B3FFE70898006846F2E86193
:103BA000C0F6040188421ED1FFE7089803F0D4FA5A
:103BB00007900798006806280AD1FFE745F6E45009
:103BC000C0F604004AF60721C0F6040107F054FBD2
:103BD000079800680121002217ABF5F7F9FD159948
:103BE0000860FFE74EE00898B72103AAFCF7D4F974
:103BF000039870B1FFE7179805901798FFF73EFEFE
:103C000006900220002103AAF5F70CFE1599086022
:103C1000FFE737E016980E2834D0FFE71698B7284C
:103C20000ED0FFE71698D5280AD0FFE71698B128DE
:103C300006D0FFE7169840F25311884201D1FFE702
:103C400020E01698B0F5AA7F06D0FFE7169840F25C
:103C50004B11884201D1FFE714E017980E216A4604
:103C6000FCF79AF9009860B1FFE71698C00002309F
:103C70000290012000216A46F5F7D4FD15990860ED
:103C800000E0FFE718B080BD80B594B012901191AC
:103C900010920F93129880888005002801D5FFE7C5
:103CA0000BE04AF6A600C0F604004AF65E11C0F624
:103CB000040140F22112E0F7A5F9002000900E90D7
:103CC0000D9008901821099108210A910DA90B91D6
:103CD0008DF83000129908A8FDF7E8FF00980790CA
:103CE0000D9820B1FFE70D98042806D1FFE7129840
:103CF00007A902F0EBFB06903FE0119868B9FFE7D7
:103D0000109850B9FFE7129804900D9801210022F5
:103D100004ABF5F75DFD059022E01198109900EBDA
:103D20004101042000EB8100F1F7AAFB03901298F7
:103D300003990860039804300F99119A109B02EBC5
:103D400043029200DCF7EFFD0D9811990131109AB2
:103D5000039BF5F73DFD05900398F1F789FBFFE71D
:103D60000598FFF78BFD1299884203D0FFE705986D
:103D7000139072E005980690FFE700200E900D90DA
:103D800006990891112109910A90129908A8FDF746
:103D90008DFF0D98002844D0FFE7119850B9FFE738
:103DA000109838B9FFE700210DAA0846F5F73AFD4B
:103DB000029023E01198109900EB4101082000EBDC
:103DC0008100F1F75DFB01900D98019908600E9854
:103DD00001994860019808300F99119A109B02EBE5
:103DE00043029200DCF79FFD11981099019AF5F7B4
:103DF00019FD02900198F1F73BFBFFE702980628B6
:103E00000ED0FFE70298FFF755FD024646F2EC00A0
:103E1000C0F604004AF2FE61C0F6040107F03EFA63
:103E2000FFE70798B0B1FFE70698006946F6F4018E
:103E3000C0F6040188420DD1FFE70798017A00EB34
:103E40008101D1F810C01199109A0F9BE047069993
:103E50000861FFE706981390FFE7139814B080BD40
:103E600080B5A4B022902191209222981F901F9893
:103E7000006880888007002801D4FFE7BEE00020AA
:103E80001E901D901F991891219919911A901DA9A2
:103E90001B918DF870001F98016818A8FDF706FFA8
:103EA0001D98002875D0FFE70020002842D1FFE7C9
:103EB0001D9801F0BBF9E8B3FFE71D98006846F2D2
:103EC000E861C0F60401884234D1FFE71D9803F091
:103ED00043F9179022981590209816902098A8B929
:103EE000FFE717988068062804D1FFE700208DF8C7
:103EF0008F00A8E01798806801210591002215AB7A
:103F0000F5F766FC05988DF88F009CE017984068DF
:103F1000062804D1FFE700208DF88F0093E0179862
:103F200040680221002215ABF5F752FC01208DF804
:103F30008F0088E02098A8B9FFE71D98B12112AA48
:103F4000FCF72AF8129860B1FFE72298149001203C
:103F50000490002112AAF5F765FC04988DF88F00F3
:103F600071E015E01D98D5210EAAFCF715F80E9802
:103F700068B1FFE72298109020981190022000214C
:103F80000EAAF5F74FFC01208DF88F005BE0FFE7EC
:103F9000FFE72098C0B9FFE7229840F24B110BAA27
:103FA000FBF7FAFF0B9870B1FFE72198C0000230D1
:103FB0000D900120039000210BAAF5F733FC039824
:103FC0008DF88F003FE018E022984FF4AA7107AAFD
:103FD000FBF7E2FF079878B1FFE72198C0000230B5
:103FE000099020980A900220002107AAF5F71AFCF0
:103FF00001208DF88F0026E0FFE7FFE7209880B9C9
:10400000FFE71F9804302199C90002310222FCF712
:1040100009FB06900698002818BF01208DF88F0034
:1040200011E0209801901F9804302199C9000231B5
:1040300001220292FCF7F6FA0199024602985160B9
:104040008DF88F00FFE79DF88F0024B080BD000041
:1040500080B582B00190019801F070F850B1FFE78F
:104060000198006846F27051C0F60401884201D1FF
:10407000FFE70BE049F68A60C0F6040049F652718A
:10408000C0F6040140F2D312DFF7BCFF01980090A4
:10409000009804300AF082FF02B080BD80B5A2B063
:1040A0008DF883001F911E921F9801F0F7F958B107
:1040B000FFE71F98431019A8089018A902220BF0D7
:1040C00069FA08981D901DE01F9801F037F850B16B
:1040D000FFE71F98006846F27051C0F6040188425D
:1040E00001D1FFE70AE049F62770C0F6040049F65F
:1040F0005271C0F60401BA22DFF784FF1F98043022
:104100001D90FFE71E9801F0C9F958B1FFE71E980E
:10411000431019A8079018A902220BF03BFA079840
:104120001C9056E01E9801F009F868B1FFE71E9850
:10413000006846F27051C0F60401884204D1FFE7DE
:104140001E9804301C9043E00020D0B9FFE71E9871
:1041500000F0F4FFA8B1FFE71E98006846F22C417A
:10416000C0F6040188420CD1FFE79DF88300069059
:104170001D980AF013FF06981E99FEF77BFD21900B
:1041800080E10020E0B9FFE71E9800F0D7FFB8B14A
:10419000FFE71E98006846F23831C0F604018842F5
:1041A0000ED1FFE79DF8830005901D980AF0F6FEFA
:1041B00005981E99DFEDB50AFDF706FF219061E134
:1041C0009DF883001F991E9A00F062F9219059E131
:1041D000FFE79DF88300202805D0FFE79DF88300C6
:1041E00013281AD1FFE71C980BF030FA08B1FFE74B
:1041F00056E01D980AF0D2FE8DED170A1C980AF0C1
:10420000CDFE8DED160A9DED170A9DED161A80EE76
:10421000010A02F061F8219034E19DF88300092839
:10422000C0F2F580FFE79DF88300232800F3EF80BC
:10423000FFE700F0F5FB15909DF883000938014673
:1042400004911A2800F2CA800499DFE801F05E6543
:10425000576C6C0E151CC723C742945E65576C6C77
:104260000E151CC723C74294AC00159804301D9945
:104270001C9A0AF0EBFCB4E0159804301D991C9AC6
:104280000BF05EFFADE0159804301D991C9A0BF001
:10429000EFF9A6E01C980BF0D9F958B1FFE7FFE75A
:1042A00046F25810C0F6040049F62C21C0F604016D
:1042B00006F0E2FF12A803900BF09EF903991598FF
:1042C00004301D9A1C9B0BF0A9F803980BF092F890
:1042D00087E01C980BF0BAF908B1FFE7E0E70FA8F8
:1042E00002900BF089F90298159904311D9A1C9BD4
:1042F0000BF094F802980BF07DF872E015980430FA
:104300001D991C9A0AF002FD6BE0159804301D9966
:104310001C9A0BF0D3FA64E0159804301D991C9A8E
:104320000BF08AFF5DE01E9800F0CAFA0E900E981E
:10433000B0F1FF3F06DCFFE749F6D370C0F604009A
:1043400006F090FF9DF88300192805D0FFE79DF83F
:1043500083000C2807D1FFE7159804301D990E9AA9
:104360000BF02AFE06E0159804301D990E9A0BF00A
:1043700051FEFFE735E01C980BF056F960B1FFE7FE
:104380009DF8830001901D980AF008FE01981E997F
:10439000FEF770FC219075E0159804301D991C9A69
:1043A0000BF05EFB1DE01C980BF050F908B1FFE725
:1043B00076E700F035FB0D900D9804301599043127
:1043C0001D9A1C9B0BF02AF80D980B9015980C90D9
:1043D00002200BA902F02CFC219053E00020219038
:1043E00050E0159804300AA90AF010FE60B1FFE70A
:1043F0000A9880EA4000C00F28B9FFE70A984000F9
:10440000013021903EE0FFE7159821903AE01D9899
:104410001C990AF0C3FF09909DF8830001460091A2
:1044200004282CD80099DFE801F0030922121B00B0
:104430000998C00F01F0FEFB219023E009990020AC
:104440000029C8BF012001F0F5FB21901AE009996D
:1044500000200129B8BF012001F0ECFB219011E000
:104460000998C043C00F01F0E5FB21900AE00998CC
:10447000B0FA80F0400901F0DDFB219002E000205D
:104480002190FFE7219822B080BD00BF000000000E
:1044900080B586B08DF813000391029202980E2821
:1044A00008D1FFE79DF8130003990122F3F756FDA9
:1044B000059063E002981E2808D1FFE79DF81300DD
:1044C00003990322F3F74AFD059057E09DF8130086
:1044D0001D284ED1FFE7029800F02CFF00283FD1A5
:1044E000FFE7029800F01EFEC0B1FFE702980068E7
:1044F000007B40B1FFE702980068017B00EB810080
:104500000069019002E000200190FFE7019847F266
:10451000D131C0F60201884222D0FFE7002070B9F5
:10452000FFE7029800F0FEFD48B1FFE7029800683F
:1045300046F67801C0F60401884211D0FFE700205A
:10454000B0B9FFE7029800F0EDFD88B1FFE70298EF
:10455000006846F2CC51C0F60401884208D1FFE75A
:104560009DF813000299039AF3F7F8FC059005E013
:10457000FFE7FFE7FFE700200590FFE7059806B09B
:1045800080BD000070B596B08C4686461D981C997B
:104590001B9C1A9CCDF850E0CDF84CC012921193A0
:1045A0008DF843108DF84200119800F06FFF20B194
:1045B000FFE7119840100F9031E0119800F0B2FD24
:1045C00050B1FFE71198006846F27051C0F604013F
:1045D000884201D1FFE70AE049F68A60C0F604008C
:1045E00049F6CE61C0F60401F122DFF70BFD149805
:1045F0001399129A119BDDF868C01B9C9DF84350DB
:104600009DF84260EE46CEF80C60CEF80850CEF829
:104610000440CEF800C000F0DDF81590D6E0002090
:104620008DF83B000F98B0F1FF3F07DCFFE70F98D4
:1046300040420F902D208DF83B00FFE71A9904208F
:104640000A2908BF03200D901A991B9A9DF8423041
:104650002020FAF7A5FE0C900C981399096888425F
:1046600009D9FFE70C98F0F70BFF149908600C9834
:1046700013990860FFE7149800680B900B980C9949
:1046800008440A900A99481E0A90002001F8010C7B
:104690000A9809900F9838B9FFE70A99481E0A90BE
:1046A000302001F8010C52E0FFE70F9A1A99B2FB93
:1046B000F1F000FB112008900F981A99B0FBF1F06F
:1046C0000F9008980A2807DBFFE79DF84300089938
:1046D00008440A38089003E0089830300890FFE753
:1046E00008980A994A1E0A9201F8010C9DF84200A6
:1046F000C8B1FFE70F98B0B1FFE70A980B9988425D
:1047000011D9FFE709980A99401A0D9988420AD1F0
:10471000FFE79DF842000A994A1E0A9201F8010C2F
:104720000A980990FFE7FFE70A990B9A0020914247
:10473000059006D9FFE70F98002818BF01200590C3
:10474000FFE70598C0070028AFD1FFE7FFE71B98F8
:10475000F8B1FFE71B98DBF7F5FF07900A98079978
:10476000401A069006980B99884211D9FFE70698DF
:104770000A90FFE71B98007848B1FFE71B98411C9F
:104780001B91007806994A1C06920870F2E7FFE731
:10479000FFE79DF83B0068B1FFE70A980B99884254
:1047A00008D9FFE79DF83B000A994A1E0A9201F8D2
:1047B000010CFFE7149800680C9901440A98C04363
:1047C0000844129908600A981590FFE7159816B0EA
:1047D00070BD000010B58AB08C4686460F980E99C1
:1047E0000D9C0C9CCDF824E0CDF820C007920693D8
:1047F0008DF817108DF81600069800F09FFC50B148
:10480000FFE70698006846F27051C0F6040188423E
:1048100001D1FFE70AE049F68A60C0F6040049F6D4
:104820005271C0F604015E22DFF7ECFB069804909B
:10483000049804300AF014FF0C990D9A9DF8163074
:10484000FAF7AEFD0390039808990968884209D9E0
:10485000FFE70398F0F714FE099908600398089998
:104860000860FFE7099800680290049804300C99EA
:104870000D9A9DF817309DF816C0029CEE46CEF8B2
:104880000440CEF800C00AF0FBFB079908600298CC
:104890000AB010BD80B584B08DF80F00029101926E
:1048A00000F0BEF8009000980430029A019B9DF839
:1048B0000F1001F001010BF047F9009804B080BD22
:1048C00080B584B00290029800F0E8FD20B1FFE7C7
:1048D00002984010039015E002980190019804306E
:1048E00069460AF093FB18B1FFE70098039009E0CE
:1048F00046F21400C0F6040049F67D71C0F60401CA
:1049000006F0BAFC039804B080BD000080B584B006
:104910000290029800F0C2FD20B1FFE7029840101B
:10492000039007E002980190019804300AF00AFE13
:104930000390FFE7039804B080BD000080B590B0FD
:104940000E900D910C920B930D980C996B460022D2
:104950001A600223F2F77CFD0D98049040B1FFE746
:104960000498012807D0FFE7049802283ED03EE0D3
:1049700001200F9051E00B980168082008F0F4FD29
:104980000790079818B1FFE707980F9045E00B983C
:10499000006808A90122F9F79DFC40B1FFE70898DB
:1049A00009990A22002305F033FD0F9035E000201D
:1049B000C0B9FFE70B98006800F0B4FB90B1FFE7C7
:1049C0000B980068006846F22C41C0F6040188424A
:1049D00008D1FFE70B980068FEF780FB01F0C2FDED
:1049E0000F901AE00B98006806F02CFCFFE70B987C
:1049F000006806A903F044FC05900598039006980A
:104A000002900B984068FEF7B5FE029902460398A3
:104A1000002305F0FDFC0F90FFE70F9810B080BD5C
:104A200080B582B046F27051C0F60401102001F04A
:104A300029F80190019804300AF0DEFD019802B0D7
:104A400080BD000080B592B0119010910F92119826
:104A500000F024FD70B9FFE7119800F06FFB78B308
:104A6000FFE71198006846F27051C0F604018842D1
:104A700026D1FFE7109800F011FD70B9FFE71098FC
:104A800000F05CFBE0B1FFE71098006846F270515F
:104A9000C0F60401884213D1FFE70F9800F0FEFC36
:104AA000A0B9FFE70F9800F049FB48B1FFE70F9866
:104AB000006846F27051C0F60401884206D0FFE754
:104AC00049F6AA70C0F6040006F0B2FB0F98012860
:104AD00006D1FFE749F62C20C0F6040006F0C2FB21
:104AE000FFF79EFF0E9011980BA90191FCF7A8FE0D
:104AF0000490109808A9FCF7A3FE03900F9805A94D
:104B0000FCF79EFE02900E9804300499039A029BD3
:104B10000AF036FF01990498884204D1FFE704980F
:104B20000AF068FCFFE7039808A9884204D1FFE770
:104B300003980AF05FFCFFE7029805A9884204D1B8
:104B4000FFE702980AF056FCFFE70E9812B080BD0E
:104B500080B590B00F900E918DF837200DF12700A1
:104B600004900890102007900E9B69460020C860B2
:104B7000886048600A20086008A807A906AAFFF70D
:104B800001FD05900F98059906F00EF90499089813
:104B9000884204D0FFE70898F0F76AFCFFE710B0FE
:104BA00080BD000080B584B00290029800F076FCD1
:104BB000B0B1FFE70298401001900198B0F1FF3FBB
:104BC00004DCFFE74FF0FF3003901EE0019801285E
:104BD00003DBFFE70120039017E00020039014E0BF
:104BE000029800900098806818B9FFE700200390B1
:104BF0000BE000980079C00718B9FFE70120039087
:104C000003E04FF0FF300390FFE7039804B080BD4E
:104C100080B586B005908DF8131003920293059825
:104C200000F08CFA50B1FFE70598006846F2705129
:104C3000C0F60401884201D1FFE70AE049F68A6024
:104C4000C0F6040049F65271C0F604017422DFF781
:104C5000D9F905980190019850F8041F01F001025C
:104C6000039BDDF808C09DF81310EE46CEF800C097
:104C700001F001010AF0B4F806B080BD80B58AB039
:104C80008DF823000791079806909DF823000146B0
:104C9000019108284DD80199DFE801F0171A264B39
:104CA000054B0F324800069804300AF0CFFC80F024
:104CB000010000F0BFFF09903EE0069804300AF0C2
:104CC00041FC40000130099036E00798099033E03C
:104CD000FFF7A6FE059005980430069904310AF006
:104CE00075FD0598099027E0FFF79AFE0490049857
:104CF0000430069904310AF087FD049809901BE0FE
:104D00000798039003980079C00718B9FFE7079840
:104D1000099011E0FFF784FE029002980430039995
:104D2000043109F07DFF0298099005E00798099089
:104D300002E000200990FFE709980AB080BD00005A
:104D400080B586B004900498FEF798FD807A78B11B
:104D5000FFE70498FEF792FD01900498FEF78EFDA0
:104D600001460198897A00EB81000069029002E017
:104D700000200290FFE702980390039843F6491140
:104D8000C0F60201884207D0FFE70398002818BF49
:104D900001208DF8170005E00498FEF77BFE8DF8E2
:104DA0001700FFE79DF8170006B080BD80B584B0FE
:104DB0000390039800F07AF9014600200290D9B1DF
:104DC000FFE703980068007A40B1FFE703980068A6
:104DD000017A00EB81000069019002E0002001905F
:104DE000FFE7019842F21561C0F60201401AB0FADD
:104DF00080F040090290FFE7029800F0010004B043
:104E000080BD000080B582B001900198FEF736FDAC
:104E100000F002F802B080BD80B584B0029000209E
:104E200058BBFFE7029800F059F930B3FFE702984A
:104E3000006846F6A801C0F6040188421DD1FFE7CC
:104E4000029801900198007A38B1FFE70198017A41
:104E500000EB81000069009002E000200090FFE775
:104E6000009842F63521C0F60201884204D1FFE7DE
:104E700001208DF80F000AE0FFE7029845F608616F
:104E8000C0F6040100F0B4FB8DF80F00FFE79DF8B9
:104E90000F0004B080BD000080B584B0039003987B
:104EA00000F0BCFA01460120029001BBFFE7039825
:104EB00000F06CF858B1FFE703980168012046F252
:104EC0007052C0F604029142029010D0FFE703999D
:104ED00001200E29019007D0FFE703981E38B0FA91
:104EE00080F040090190FFE701980290FFE70298E7
:104EF00000F0010004B080BD80B584B00390039839
:104F0000FEF7BCFC007A78B1FFE70398FEF7B6FC29
:104F100001900398FEF7B2FC01460198097A00EB74
:104F200081000069029002E000200290FFE70298F1
:104F300042F63521C0F60201401AB0FA80F040096D
:104F400004B080BD81B000909DF8000000F0030027
:104F5000B0FA80F0400901B07047000081B00090C5
:104F60009DF8000000F00300B0FA80F0400901B0A5
:104F70007047000081B000909DF8000000F0030031
:104F8000B0FA80F0400901B07047000081B0009095
:104F90009DF8000000F00300B0FA80F0400901B075
:104FA0007047000081B000909DF8000000F0030001
:104FB000B0FA80F0400901B07047000081B0009065
:104FC0009DF8000000F00300B0FA80F0400901B045
:104FD0007047000081B000909DF8000000F00300D1
:104FE000B0FA80F0400901B07047000081B0009035
:104FF0009DF8000000F00300B0FA80F0400901B015
:105000007047000081B000909DF8000000F00300A0
:10501000B0FA80F0400901B07047000081B0009004
:105020009DF8000000F00300B0FA80F0400901B0E4
:105030007047000081B000909DF8000000F0030070
:10504000B0FA80F0400901B07047000081B00090D4
:105050009DF8000000F00300B0FA80F0400901B0B4
:105060007047000081B000909DF8000000F0030040
:10507000B0FA80F0400901B07047000081B00090A4
:105080009DF8000000F00300B0FA80F0400901B084
:105090007047000081B000909DF8000000F0030010
:1050A000B0FA80F0400901B07047000081B0009074
:1050B0009DF8000000F00300B0FA80F0400901B054
:1050C0007047000081B000909DF8000000F00300E0
:1050D000B0FA80F0400901B07047000081B0009044
:1050E0009DF8000000F00300B0FA80F0400901B024
:1050F0007047000081B000909DF8000000F00300B0
:10510000B0FA80F0400901B07047000081B0009013
:105110009DF8000000F00300B0FA80F0400901B0F3
:105120007047000081B000909DF8000000F003007F
:10513000B0FA80F0400901B07047000081B00090E3
:105140009DF8000000F00300B0FA80F0400901B0C3
:105150007047000081B000909DF8000000F003004F
:10516000B0FA80F0400901B07047000081B00090B3
:105170009DF8000000F00300B0FA80F0400901B093
:105180007047000081B000909DF8000000F003001F
:10519000B0FA80F0400901B07047000081B0009083
:1051A0009DF8000000F00300B0FA80F0400901B063
:1051B0007047000081B000909DF8000000F00300EF
:1051C000B0FA80F0400901B07047000081B0009053
:1051D0009DF8000000F00300B0FA80F0400901B033
:1051E0007047000081B000909DF8000000F00300BF
:1051F000B0FA80F0400901B07047000081B0009023
:105200009DF8000000F00300B0FA80F0400901B002
:105210007047000081B000909DF8000000F003008E
:10522000B0FA80F0400901B07047000081B00090F2
:105230009DF8000000F00300B0FA80F0400901B0D2
:105240007047000081B000909DF8000000F003005E
:10525000B0FA80F0400901B07047000081B00090C2
:105260009DF8000000F00300B0FA80F0400901B0A2
:105270007047000081B000909DF8000000F003002E
:10528000B0FA80F0400901B07047000081B0009092
:105290009DF8000000F00300B0FA80F0400901B072
:1052A0007047000081B00090009800F007000238BD
:1052B000B0FA80F0400901B07047000081B0009062
:1052C000009800F007000238B0FA80F0400901B001
:1052D0007047000081B00090009800F0070002388D
:1052E000B0FA80F0400901B07047000081B0009032
:1052F000009800F007000238B0FA80F0400901B0D1
:105300007047000081B00090009800F0070002385C
:10531000B0FA80F0400901B07047000081B0009001
:10532000009800F007000238B0FA80F0400901B0A0
:105330007047000081B00090009800F0070002382C
:10534000B0FA80F0400901B07047000081B00090D1
:10535000009800F007000238B0FA80F0400901B070
:105360007047000081B00090009800F007000238FC
:10537000B0FA80F0400901B07047000081B00090A1
:10538000009800F007000238B0FA80F0400901B040
:105390007047000081B00090009800F007000238CC
:1053A000B0FA80F0400901B07047000081B0009071
:1053B000009800F007000238B0FA80F0400901B010
:1053C0007047000081B00090009800F0070002389C
:1053D000B0FA80F0400901B07047000081B0009041
:1053E000009800F007000238B0FA80F0400901B0E0
:1053F0007047000081B00090009800F0070002386C
:10540000B0FA80F0400901B07047000081B0009010
:10541000009800F0010001B07047000081B00090DA
:10542000009800F0010001B07047000081B00090CA
:10543000009800F0010001B07047000081B00090BA
:10544000009800F0010001B07047000081B00090AA
:10545000009800F0010001B07047000081B000909A
:10546000009800F0010001B07047000081B000908A
:10547000009800F0010001B07047000081B000907A
:10548000009800F0010001B07047000081B000906A
:10549000009800F0010001B07047000081B000905A
:1054A000009800F0010001B07047000081B000904A
:1054B000009800F0010001B07047000081B000903A
:1054C000009800F0010001B07047000081B000902A
:1054D000009800F0010001B07047000081B000901A
:1054E000009800F0010001B07047000081B000900A
:1054F000009800F0010001B07047000081B00090FA
:10550000009800F0010001B07047000081B00090E9
:10551000009800F0010001B07047000081B00090D9
:10552000009800F0010001B07047000080B586B01F
:1055300004900391002098B9FFE70398FFF776FEE7
:1055400070B1FFE70398006846F6A801C0F60401B1
:10555000884205D1FFE70120029003A801901DE0D9
:105560000020A0B9FFE70398FFF760FE78B1FFE7DE
:105570000398006846F67801C0F60401884206D117
:10558000FFE7039802A901AA03F004FA05E04AF62E
:105590003820C0F6040005F04BFEFFE70020009025
:1055A000FFE70098029988421CD2FFE70198009912
:1055B00050F8210046F26461C0F60401884209D027
:1055C000FFE704980199009A51F8221000F010F8B2
:1055D00018B1FFE71E20059007E0FFE700980130B3
:1055E0000090DEE70E200590FFE7059806B080BD2D
:1055F00080B588B006900591FFE706980599884226
:1056000004D1FFE701208DF81F005EE0002070B993
:10561000FFE70698FFF70AFE48B1FFE70698006823
:1056200046F6A801C0F60401884204D0FFE7002036
:105630008DF81F0049E0069804900498807C20B9FA
:10564000FFE700208DF81F003FE00498817C00EB0D
:1056500081000069006846F67801C0F604018842BE
:105660002AD1FFE70498817C00EB81000069039058
:1056700003980830029002980399496800EB810072
:1056800004380190FFE702980199884210D2FFE7A1
:10569000029800680599FFF7ABFF20B1FFE70120F2
:1056A0008DF81F0011E0FFE7029804300290EAE74E
:1056B00002980068069006E00498817C00EB810067
:1056C00000690690FFE7FFE797E79DF81F0008B025
:1056D00080BD000080B586B0049004980E2804D1E7
:1056E000FFE700208DF817004FE004981E2804D132
:1056F000FFE701208DF8170047E00498062804D141
:10570000FFE700208DF817003FE00498FFF7A6FEA2
:1057100060B1FFE70498012804D1FFE700208DF86D
:10572000170032E001208DF817002EE00498FEF7F4
:10573000A5F803900398C07AA8B1FFE70398C17A4F
:1057400000EB8100026904990420904702900298BE
:1057500040B1FFE702981E38B0FA80F040098DF89A
:10576000170012E0FFE7049800F030F8019001986C
:1057700038B1FFE70198013818BF01208DF81700F4
:1057800003E001208DF81700FFE79DF8170006B031
:1057900080BD000080B582B00190019800F016F83D
:1057A0000090009870B9FFE70198FEF783F8024671
:1057B00046F2EC00C0F6040049F26E61C0F6040146
:1057C00005F06CFD009802B080BD000080B584B08B
:1057D0000290002010BBFFE70298FFF743FCE8B1FE
:1057E000FFE70298006846F27021C0F60401884283
:1057F00014D1FFE70298FFF76DFD30B1FFE7029883
:10580000C0080DF095FA019003E0029880680190BD
:10581000FFE7019840000130039014E00298FEF782
:105820002DF800900098C07A50B1FFE70098C17A37
:1058300000EB81000269029905209047039002E085
:1058400000200390FFE7039804B080BD80B584B0CA
:105850000390029103980190019841688068884202
:1058600018D3FFE701984168C068C900EFF762FEEE
:105870000199C860019948684000486001984168F2
:105880008268C068013200EB8200891A8900DBF768
:10589000C1F8FFE70298DDF804C0DCF80820DCF866
:1058A0000C10531CCCF8083041F82200062004B03C
:1058B00080BD000084B00390029101920398009093
:1058C00000988068029908600098C0680199086093
:1058D00004B0704780B584B003900291039946F2FA
:1058E000CC50C0F6040008600298032803D8FFE7F4
:1058F0000420019002E002980190FFE701980399CB
:105900004860029803998860039840688000EFF728
:10591000B7FD0399C86003984168C068029A00EB1C
:105920008200891A8900DBF775F804B080BD000099
:1059300080B588B006900591049203930598049968
:105940006B4600221A600123F1F79CFD0598019037
:1059500020B1FFE70198012806D006E000210846A3
:1059600000F0A8FE07900CE0FFE70021084600F0D9
:10597000A1FE0290029803990968EFF7DBF80790FF
:10598000FFE7079808B080BD80B586B00590049108
:1059900005980290049803900220019002A90091BA
:1059A000EFF7ECF80099024601980392EFF772F9CD
:1059B000062006B080BD000083B0029001910298DD
:1059C000009001980099886003B0704780B58CB052
:1059D0000B900A9109920B9801380A990431099A9F
:1059E000EC4607ABCCF8043044F6DC23C0F60403E5
:1059F000CCF800300223F1F7C7FE0A980068069041
:105A000006988068022822D3FFE706988168C0685C
:105A100004380246049200EB81000590079806289E
:105A200003D1FFE70020039002E007980390FFE70F
:105A300005990498039A9DF820304FEAC37C1E23F1
:105A4000BCF1000F18BF0E2305F00EFBFFE7062088
:105A50000CB080BD80B586B0059004910392059886
:105A60000290029908688968049A0023F8F728FDD3
:105A7000019003980299C968019A41F8220006B082
:105A800080BD000080B584B0039002910398EFF7C9
:105A9000F7FC0190029801990860019804B080BD5C
:105AA00080B584B0039002910398EFF72FFD019029
:105AB000029801990860019804B080BD84B0DDF8B7
:105AC00010C00390029101920093039946F218606E
:105AD000C0F60400086002980399087101980399C0
:105AE000A1F80500000CC87100980399886004981B
:105AF0000399C86004B0704781B000900098406876
:105B000001B0704781B000900098406801B07047C4
:105B100084B00290019100200090FFE70098029964
:105B2000496B884211D2FFE70298009900EB81008F
:105B3000806B0199884203D1FFE70098039008E049
:105B4000FFE7009801300090E8E74FF0FF30039046
:105B5000FFE7039804B0704781B0009000990E20D1
:105B6000002918BF1E2001B07047000081B00090CE
:105B700000990E20002918BF1E2001B070470000B8
:105B800081B0009000990E20002918BF1E2001B09E
:105B90007047000081B0009000990E20002918BFC6
:105BA0001E2001B07047000081B0009000990E20C7
:105BB000002918BF1E2001B07047000081B000907E
:105BC00000990E20002918BF1E2001B07047000068
:105BD00081B0009000990E20002918BF1E2001B04E
:105BE0007047000081B0009000990E20002918BF76
:105BF0001E2001B07047000081B0009000990E2077
:105C0000002918BF1E2001B07047000081B000902D
:105C100000990E20002918BF1E2001B07047000017
:105C200081B0009000990E20002918BF1E2001B0FD
:105C30007047000081B0009000990E20002918BF25
:105C40001E2001B07047000081B0009000990E2026
:105C5000002918BF1E2001B07047000081B00090DD
:105C600000990E20002918BF1E2001B070470000C7
:105C700081B0009000990E20002918BF1E2001B0AD
:105C80007047000081B0009000990E20002918BFD5
:105C90001E2001B07047000081B0009000990E20D6
:105CA000002918BF1E2001B07047000081B000908D
:105CB00000990E20002918BF1E2001B07047000077
:105CC00081B0009000990E20002918BF1E2001B05D
:105CD0007047000081B0009000990E20002918BF85
:105CE0001E2001B07047000080B584B0039002917F
:105CF00046F21821C0F604010C20FFF7C3FE019004
:105D0000039801994860029801998860019804B04D
:105D100080BD000080B584B00390029103990120FA
:105D2000E0F7D0FD01900198C0680299039ADAF774
:105D300073FD019804B080BD80B584B003900291DA
:105D400046F23C21C0F604011020FFF79BFE0190B3
:105D500001990120087101990020C871A1F805007E
:105D600003980199886002980199C860019804B06D
:105D700080BD000080B582B0019000910199009A29
:105D800046F27020C0F6040000F03CFE02B080BD78
:105D900080B582B00190019946F27020C0F60400EF
:105DA00000F0D4FE02B080BD83B002900191019852
:105DB0000090009946F2D060C0F604000860009997
:105DC00047F2E550C0F600004860029800998860EC
:105DD00000990020C860009803B0704780B582B079
:105DE000019046F2C421C0F604010820FFF74AFEE4
:105DF0000090019800994860009802B080BD0000B2
:105E000080B584B00390029146F2D821C0F6040117
:105E10000C20FFF737FE0190039801994860029823
:105E200001998860019804B080BD000080B584B0FD
:105E300003900291019202990C2000EB810046F23E
:105E40000831C0F60401FFF71DFE00900398009989
:105E5000486002980099886000980C300199029A75
:105E60009200DAF760FD009804B080BD80B584B080
:105E700003910290019246F22431C0F604011020F1
:105E8000FFF700FE009000990298039A8A6048602C
:105E900001980099C860009804B080BD80B584B0B6
:105EA00003910290019246F22431C0F604011020C1
:105EB000FFF7E8FD009000990298039A8A60486015
:105EC00001980099C860009804B080BD80B584B086
:105ED0008DED030ACDED020A46F23831C0F6040119
:105EE0000C20FFF7CFFD01900398019948600298BC
:105EF00001998860019804B080BD000085B00490CD
:105F00000391049802900298806801900398009091
:105F1000009946F2D060C0F60400086000994DF286
:105F20005520C0F6000048600498009988600198E8
:105F30000099C860009805B07047000080B582B035
:105F400001901020EFF79CFA009000980199FCF75F
:105F500045FB009802B080BD80B584B003908DF8F9
:105F60000B1046F2B831C0F604010C20FFF78AFD91
:105F700001900398019948609DF80B0001990872FF
:105F8000019804B080BD000080B584B003900398F0
:105F9000007A38B1FFE70398017A00EB81000069CD
:105FA000029002E000200290FFE7029842F63521BD
:105FB000C0F60201884201D1FFE70BE049F6F33059
:105FC000C0F6040049F6BB31C0F604014FF4C072BC
:105FD000DEF718F80398007A38B1FFE70398017AE2
:105FE00000EB81000069019002E000200190FFE7D2
:105FF00001980398002319461A46FCF71BFD04B0CC
:1060000080BD000080B584B0039002910398007AAF
:1060100038B1FFE70398017A00EB81000069019035
:1060200002E000200190FFE7019842F63521C0F61A
:106030000201884201D1FFE70BE049F6F330C0F6D8
:10604000040047F64D11C0F6040140F25E42DDF750
:10605000D9FF0398007A38B1FFE70398017A00EB83
:1060600081000069009002E000200090FFE70098A6
:1060700003980121002202ABFCF7DCFC04B080BDD8
:1060800080B588B0069005910698007A38B1FFE790
:106090000698017A00EB81000069029002E000207E
:1060A0000290FFE7029842F63521C0F602018842CD
:1060B00001D1FFE70BE049F6F330C0F6040049F6E2
:1060C000BB31C0F6040140F28D12DDF79BFF06984C
:1060D000007A38B1FFE70698017A00EB8100006989
:1060E000019002E000200190FFE701981020EFF7F7
:1060F00001FA0490049840B9FFE706980023194676
:106100001A46FCF797FC07901EE0049946F600003B
:10611000C0F6040008600598DAF714FB049988605B
:1061200005980499C86004988168C0680CF0DEFB8B
:10613000049948600498039006980121002203AB5B
:10614000FCF778FC0790FFE7079808B080BD0000D7
:1061500082B080B584B0079306920390029106A89E
:10616000019003980299019A00F008F800900098B5
:1061700004B0BDE8804002B07047000080B594B024
:10618000129211901091109808B1FFE70BE049F6B8
:10619000AF30C0F6040049F6BB31C0F6040140F24E
:1061A000D912DDF72FFF1198007A38B1FFE7119867
:1061B000017A00EB81000069039002E00020039067
:1061C000FFE7039842F63521C0F60201884201D16B
:1061D000FFE70BE049F6F330C0F6040049F6BB31A7
:1061E000C0F604014FF4EE72DDF70CFF1198007A4F
:1061F00038B1FFE71198017A00EB81000069029045
:1062000002E000200290FFE702981020EFF772F9F9
:106210000F901098DAF796FA01300E900E98EFF77B
:1062200069F90D9000208DF833000F9840B9FFE711
:106230001198002319461A46FCF7FCFB139047E01F
:106240000D9840B9FFE70E9801380F9988601098B3
:106250000F99C86025E09DF83310012088438DF820
:1062600020000E980990002001900A900D980B9044
:1062700008A806904FF2E500C0F6000007901098BD
:1062800005900599129A06A807F01CFC01980A9A35
:106290000B9988540A980F9988600B980F99C860D9
:1062A000FFE70F9946F60000C0F6040008600F985B
:1062B0008168C0680CF01AFB0F9948600F98049031
:1062C00011980121002204ABFCF7B4FB1390FFE707
:1062D000139814B080BD000080B582B08DED010A26
:1062E0000820EFF7CDF80090009946F22C40C0F658
:1062F00004000860019800994860009802B080BDD1
:1063000080B582B08DED000B9DED000B51EC100BB4
:106310001BF008F900EE100AFFF7DEFF02B080BDA7
:1063200080B582B08DED000B9DED000B51EC100B94
:106330001BF0F8F800EE100AFFF7CEFF02B080BDA8
:1063400080B582B08DED010A9DED010AFFF7C4FF13
:1063500002B080BD80B582B08DED010A9DED010ACD
:10636000FFF7BAFF02B080BD80B58AB009900891EE
:1063700007920693002005900490039002900998DC
:1063800070B3FFE70998006850B3FFE7002088B9B1
:10639000FFE709980068FEF7B9FE58B1FFE70998D2
:1063A0000068006846F67801C0F60401884201D111
:1063B000FFE70BE048F6E650C0F6040049F6B4519A
:1063C000C0F604014FF4D272DDF71CFE0998006894
:1063D0000390039840680590039840680490FFE795
:1063E000099858B3FFE70998406838B3FFE70020E1
:1063F00088B9FFE709984068FEF788FE58B1FFE7C3
:1064000009984068006846F28831C0F60401884265
:1064100001D1FFE70BE048F64460C0F6040049F6FE
:10642000B451C0F604014FF4D572DDF7EBFD0998C5
:1064300040680290049801300490FFE7049910200E
:1064400000EB810046F29C41C0F60401FFF71AFB05
:10645000019008980199C8600798019948600698CA
:1064600001998860039848B1FFE7019810300399BB
:106470000831059A9200DAF756FAFFE7029838B128
:10648000FFE702980199059A01EB82010861FFE795
:1064900001980AB080BD000083B00290019101987C
:1064A0000090009946F2B450C0F6040008600298CB
:1064B00000680099486002984068009988600099D7
:1064C0000120C860009803B07047000080B584B018
:1064D0000390029103980299EDF746FA0190019812
:1064E000012801D8FFE70AE04AF6EC00C0F60400F4
:1064F0004AF65E11C0F604016722DDF783FD0199BB
:10650000102000EB81000399FFF7BCFA009000987F
:1065100004300021FAF734F8019838B1FFE7009908
:1065200046F6F400C0F604000861FFE7009804B0E6
:1065300080BD000080B582B00090009880EA4000E5
:10654000C00F28B9FFE7009840000130019005E036
:106550000098C11700F04AF80190FFE7019802B0D7
:1065600080BD000080B586B08DED040A04980390CC
:106570000398C0F3C750FF2814D1FFE703984002E7
:1065800050B9FFE746F21400C0F6040049F60E7158
:10659000C0F6040104F070FE49F6F560C0F6040090
:1065A00004F060FE9DED040AF3F790FC8DF80B00FB
:1065B0009DF80B0050B9FFE79DED040ABDEEC00A3F
:1065C00010EE100A4000013005900BE0FEF728FAAB
:1065D0000190019804309DED040A09F029FB01980F
:1065E0000590FFE7059806B080BD000080B584B037
:1065F00003910290FEF714FA019001980430029A78
:10660000039BEC460121CCF8001009F0FFFB019838
:1066100004B080BD80B588B0079006918DF8172032
:106620000493FEF7FDF90390039804300799096875
:10663000069ADDF810C09DF81730EE46CEF800C07F
:1066400003F0010309F032FC0290029A07990868EE
:1066500010440860039808B080BD000080B582B087
:1066600000909DF8030010F0C00F05D1FFE70098DF
:1066700040000130019005E00098002100F006F88C
:106680000190FFE7019802B080BD000080B584B0A2
:1066900003910290FEF7C4F9019001980430029A28
:1066A000039BEC460021CCF8001009F0AFFB0198E9
:1066B00004B080BD80B584B0039002910398EEF7DA
:1066C000DBFA01900298B0B1FFE700200090FFE7ED
:1066D0000098039988420DD2FFE70298009A50F87B
:1066E00022000199C96841F82200FFE700980130B3
:1066F0000090EDE7FFE7019804B080BD84B00390FF
:106700000291019201980090009946F2D060C0F683
:1067100004000860009944F63540C0F60100486066
:1067200003980099886002980099C860009804B0A6
:106730007047000080B586B08DF817000491039271
:106740001020EEF79DFE029002989DF81710049B12
:10675000039AEC46CCF800200022FFF7AFF902982C
:1067600006B080BD80B586B0049040F60840C2F205
:1067700001004C30039003980499C90002310122B2
:10678000F9F750FF02900298406820B1FFE70298A5
:10679000406805901CE01020EEF772FE0190019910
:1067A00046F24860C0F6040008600120FFF7C6FB0F
:1067B00001994860019840680499C9008A1CBA216F
:1067C000FBF764FF01980299486001980590FFE784
:1067D000059806B080BD000080B584B0039002919A
:1067E0000399382000EB8100EEF75EFE01900398DC
:1067F0000199486300200090FFE7009803998842C0
:1068000010D2FFE70298009950F8210001F07AFDBC
:106810000199009A01EB82018863FFE7009801303B
:106820000090EAE7019804B080BD000080B586B012
:1068300005900491039204980399FFF7CDFF02900D
:1068400002980190019946F6A800C0F6040008607D
:106850000199082088800599019AD180019A012127
:106860001172019A40F28D41C0F603015161019A03
:1068700002215172019A40F29951C0F603019161CF
:10688000019A0321D172019A48F6A941C0F602018A
:10689000D161019A04211173019A48F63101C0F6C1
:1068A00002011162019A05215173019A40F23941A6
:1068B000C0F603015162019A06219173019A48F6CC
:1068C000FD31C0F602019162019A0721D173019A4C
:1068D00048F61121C0F60201D1620199887401992C
:1068E00046F67800C0F604000863029806B080BD42
:1068F00085B0049003910292019301980090009951
:1069000046F23070C0F604000860049800994860B0
:1069100003980099886002980099C860009805B0B3
:106920007047000080B584B00390029146F28471F4
:10693000C0F604011020FFF7A5F80190019804307B
:10694000039905F047FE00200090FFE700980399A7
:1069500088420ED2FFE7019804300299009A51F85C
:106960002210012205F04AFEFFE700980130009056
:10697000ECE7019804B080BD80B584B0039002912B
:10698000019246F2C871C0F604011020FFF77AF8B0
:1069900000900398009948600298009988600198D7
:1069A0000099C860009804B080BD000080B584B034
:1069B000029001910298019915F076FF38B9FFE72E
:1069C00046F21010C0F60400002104F055FC0298B5
:1069D00001990CF00FF80090009828B1FFE700989B
:1069E000C0000230039009E00299019A46F60000C7
:1069F000C0F6040000F006F80390FFE7039804B027
:106A000080BD000080B586B0059004910392059981
:106A10001020FFF737F802900398029988600498D5
:106A2000C0B1FFE7049803990BF060FF029948603A
:106A300003980130EEF724FD019001980299C86097
:106A400001980499039AD9F7E7FE0199039A002067
:106A50008854FFE7029806B080BD000080B582B080
:106A6000019001980090D9F76DFE01460098FFF75C
:106A70009DFF02B080BD000080B582B001900199F9
:106A800046F60000C0F6040000F060F802B080BDD9
:106A900080B582B0019001984168806815F004FFCC
:106AA00038B9FFE746F21010C0F60400002104F0E8
:106AB000E3FB019946F60000C0F6040000F046F83A
:106AC00002B080BD83B002900191019800900099BE
:106AD00046F2D060C0F604000860009947F6A12095
:106AE000C0F6030048600298009988600099002071
:106AF000C860009803B0704780B584B002900191DF
:106B00000092029846F60001C0F60401884206D1C0
:106B1000FFE701980099FFF749FF039013E00298FF
:106B200046F23C21C0F60401884206D1FFE70098F6
:106B30000199FFF7EFF8039005E001980099FFF73E
:106B400019F90390FFE7039804B080BD80B586B0C3
:106B500004900391049846F60001C0F604018842AF
:106B600015D1FFE70398416880680BF043FF02905E
:106B7000029858B1FFE7039816F056FB03990020DE
:106B800008600298C0000230059041E0FFE70398DA
:106B9000016840680130884204D1FFE703988068AB
:106BA000019007E00398416880680131EEF7C2FC6C
:106BB0000190FFE7019903984268002088540399E7
:106BC000886003990860049846F23C21C0F60401ED
:106BD000884207D1FFE7039840680199FFF7ACF8B6
:106BE000059015E004991020FEF74CFF00900398E3
:106BF0004068009988600198039949680BF076FE17
:106C00000099486001980099C86000980590FFE7D6
:106C1000059806B080BD000080B582B0019000915B
:106C2000019800990BF07AFFC000023002B080BDDD
:106C300080B586B004900391049830B9FFE743F61D
:106C40002810C0F60400059029E00499082000EB04
:106C5000810046F67801C0F60401FEF713FF0290AA
:106C60000498029948600398B0B1FFE700200190B2
:106C7000FFE70198049988420DD2FFE70398019A33
:106C800050F82200029901EB82018860FFE7019829
:106C900001300190EDE7FFE702980590FFE70598C6
:106CA00006B080BD80B596B0159014911392002067
:106CB00070B9FFE71498FEF7B9FA48B1FFE71498E6
:106CC000006846F67801C0F60401884203D0FFE769
:106CD000002004F0ADFA1398FEF768F818B9FFE742
:106CE000002004F0A5FA4FF40770ADF84A0014989C
:106CF00011A910AA01F04EFE00200F90FFE70F9897
:106D00001199884249D2FFE70020A0B9FFE7109807
:106D10000F9950F82100FEF789FA60B1FFE710984B
:106D20000F9950F82100006846F6A801C0F604014A
:106D3000884203D0FFE7002004F07AFA10980F99F8
:106D400050F821000E900E98007A60B9FFE70E9877
:106D5000C28846F2EC00C0F604004AF6DF11C0F625
:106D6000040104F09BFA0E988088800500280FD556
:106D7000FFE70E99888840F0010088800E9880888F
:106D800000F00201BDF84A000843ADF84A00FFE7F1
:106D9000FFE70F9801300F90B1E700200D90119898
:106DA00098B1FFE710980068407C40B1FFE7109869
:106DB0000068417C00EB81000069009002E0002047
:106DC0000090FFE700980D90FFE7119A0D990029B8
:106DD00018BF0121481C002A18BF01463C2000EBC7
:106DE0008100EEF761FB0C900C9946F6A800C0F606
:106DF00004000860BDF84A000C99888015980C9929
:106E0000C8800C99012008720C9943F68940C0F69D
:106E1000020048610C99022048720C9943F6E12067
:106E2000C0F6010088610C99032088720C9943F622
:106E30004910C0F60200C8610C990420C8720C9970
:106E400043F6A940C0F6010008620C9905200873BA
:106E50000C9943F6A500C0F6010048620C99062083
:106E600048730C9943F60D10C0F6020088620C9925
:106E7000072088730C9943F6DD30C0F60100C86224
:106E80000C990820C8730C9943F6F910C0F602005B
:106E900008630C99092008740C9943F67920C0F610
:106EA0000100486313980B900C990A20C8740B9842
:106EB0000C9988631198F0B1FFE71198022807D365
:106EC000FFE70C990B20887414980C99C86307E0AD
:106ED0000C990B208874109800680C99C863FFE720
:106EE0000D9838B1FFE70C990C2048740D980C9957
:106EF0000864FFE7FFE700200A90099008900790D8
:106F000007A906910590FFE705980B9989688842C3
:106F10002DD2FFE70B9804300599F9F707FF08B366
:106F2000FFE70B98C068059900EBC10004900C982E
:106F30008088800700280DD4FFE704990868496815
:106F4000E1F7ECF930B1FFE70C99888840F00200D6
:106F50008880FFE70698049A116852680FF076F867
:106F60000690FFE7FFE7059801300590CCE70C9805
:106F700003A9ECF7F9FC02900298022806D3FFE778
:106F80004AF6E520C0F6040004F052F90B980430EC
:106F9000C2210022F9F746FB01900198E8B1FFE712
:106FA00001984068FEF742F9B0B1FFE701984068E8
:106FB0000068C08840F2B51188420DD1FFE7019802
:106FC000031D46F2E870C0F604000121002210F013
:106FD000DDF801994860FFE7FFE70C9907A80FF07B
:106FE0001DF80C9816B080BD80B582B001908DF868
:106FF000031001999DF8032045F63050C0F60400B7
:1070000000F078F802B080BD80B586B0059004919C
:107010000498FDF7F7FE00285DD0FFE7049803A968
:1070200002AAFBF7CFFC0398002853D0FFE7039890
:107030004AF6AB21CAF6AA214843B0F1553F01D820
:10704000FFE70AE049F29560C0F6040049F2A56145
:10705000C0F604019122DCF7D5FF059849F24161A1
:10706000C0F6040103F0A0FE039803380190FFE787
:10707000019800282DD4FFE70598029A019B02EBA6
:10708000830152F823204B6849F2C961C0F604011C
:1070900003F0BCFF0298019900EB8100806800902A
:1070A000009840B9FFE7059849F29C41C0F60401F9
:1070B00003F07AFE08E00598009A49F26561C0F68F
:1070C000040103F0A3FFFFE7FFE7019803380190F5
:1070D000CEE7FFE7FFE705980499022200F00AF8DF
:1070E000059849F29C41C0F6040103F05DFE06B02C
:1070F00080BD000080B584B0039002918DF8072018
:10710000F3F788FA029840B9FFE7039849F28F61D4
:10711000C0F6040103F048FE1CE00298FCF7AEFB49
:1071200000900098407A58B1FFE70098417A00EB50
:1071300081000369039802999DF80720984709E0A8
:1071400003980099CA8849F2A061C0F6040103F0CF
:107150005DFFFFE704B080BD82B001900198009010
:107160000098043002B0704780B584B0039002915B
:1071700003980190019804300299012205F03EFA2B
:1071800004B080BD80B598B01790169115921798ED
:1071900014901498C068062803D1FFE701201190CD
:1071A0000EE01498C068FCF7E5FA1190119830B918
:1071B000FFE74AF2F300C0F6040004F053F8FFE7DB
:1071C0001198012877DBFFE714984068062803D15F
:1071D000FFE70020139032E014984068FCF7CAFAE9
:1071E00013901398B0F1FF3F05DCFFE71699139851
:1071F00008441390FFE7169810901398012803DBBA
:10720000FFE713980F9002E000200F90FFE710981F
:107210000F99884203DAFFE716980E900CE0139856
:10722000012803DBFFE713980D9002E000200D908A
:10723000FFE70D980E90FFE70E981390FFE7149864
:107240008068062803D1FFE71698129032E0149860
:107250008068FCF78FFA12901298B0F1FF3F05DCBE
:10726000FFE71699129808441290FFE716980C90C1
:107270001298012803DBFFE712980B9002E0002030
:107280000B90FFE70C980B99884203DAFFE71698FA
:107290000A900CE01298012803DBFFE7129809908E
:1072A00002E000200990FFE709980A90FFE70A989A
:1072B0001290FFE780E014984068062804D1FFE7A9
:1072C00016980138139036E014984068FCF752FA8B
:1072D00013901398B0F1FF3F05DCFFE71699139860
:1072E00008441390FFE71698013808901398002877
:1072F00003D4FFE71398079003E04FF0FF300790A7
:10730000FFE708980799884204DAFFE716980138E2
:1073100006900DE01398002803D4FFE7139805901A
:1073200003E04FF0FF300590FFE705980690FFE778
:1073300006981390FFE714988068062804D1FFE7A9
:107340004FF0FF30129036E014988068FCF712FA84
:1073500012901298B0F1FF3F05DCFFE716991298E2
:1073600008441290FFE716980138049012980028FC
:1073700003D4FFE71298039003E04FF0FF3003902F
:10738000FFE704980399884204DAFFE7169801386A
:1073900002900DE01298002803D4FFE712980190A4
:1073A00003E04FF0FF300190FFE701980290FFE704
:1073B00002981290FFE7FFE713981599086012985A
:1073C0001599486011981599886018B080BD000023
:1073D00080B5A2B08DF883001F911E929DF88300A6
:1073E000212849D1FFE71EA81D9001201C900020F4
:1073F0001B901E98FCF742FAC07B78B1FFE71E98FD
:10740000FCF73CFA06901E98FCF738FA01460698FD
:10741000C97B00EB81000069079002E00020079023
:10742000FFE7079848F61121C0F60201884206D10D
:10743000FFE71E981CA91DAA01F0ACFA14E0002079
:1074400088B9FFE71E98FDF7C1FE60B1FFE71E98FF
:10745000006846F28831C0F60401884203D1FFE794
:107460001E981B90FFE7FFE71F981C991D9A1B9B16
:1074700010F074FC219003E11F98FCF7FFF91A90BB
:107480001F98FDF77BFF38B1FFE71F98C00818A9C8
:107490000BF056FA199006E01F98806818901F9814
:1074A000C0681990FFE79DF883001D2835D1FFE7DC
:1074B0001E9817A9FCF76EF918B9FFE70020219074
:1074C000DEE01798002811DCFFE71A9846F6000165
:1074D000C0F60401884203D1FFE70A202190CFE0E3
:1074E00043F60810C0F604002190C9E018981799D7
:1074F000414313A8059015F08BFF1998189A179B14
:107500001599EC46CCF80010012105F02FF80599EB
:107510001A98FFF71BFB2190B2E01A9804901E986E
:10752000FCF7ACF901460498884218D1FFE71E9891
:10753000FDF724FF38B1FFE71E98C0080FA90BF034
:10754000FFF9109006E01E9880680F901E98C068A2
:107550001090FFE7109812900F98119022E01A985F
:1075600046F27021C0F6040188420FD1FFE71E9851
:107570000CA90122F6F7AEFE18B9FFE70020219012
:107580007EE00C9812900D9811900AE09DF883000F
:10759000242803D1FFE71E98DFF78CFC0020219000
:1075A0006EE0FFE79DF8830001460391242800F276
:1075B00064800399DFE801F05151515151616161DB
:1075C00061616161616113616161616161616161F9
:1075D0006161611361616161616161613F0018987E
:1075E00050B9FFE71E98FCF749F91A99884203D170
:1075F000FFE71E98219043E0119818B9FFE71F9804
:1076000021903DE018981199014408A8029015F0C6
:10761000FFFE0A981999189AD9F7FEF80A9818994E
:1076200008441299119AD9F7F7F802991A98FFF7B6
:107630008DFA219024E019981899129A119BEE4620
:107640004FF0010CCEF800C0E8F702F8002818BF90
:107650000120FEF717FB219012E09DF88300199995
:10766000189A129BDDF844C0EE46CEF800C004F034
:1076700077FDFEF707FB219002E000202190FFE755
:10768000219822B080BD000080B58AB00890079193
:107690000898FDF773FE70B1FFE70798FDF76EFEDF
:1076A00048B1FFE708980799401AB0FA80F04009FE
:1076B0008DF8270066E00898FDF760FE30B1FFE71F
:1076C0000898C0080BF018FB069003E00898406883
:1076D0000690FFE70798FDF751FE30B1FFE70798E6
:1076E000C0080BF009FB059003E00798406805907F
:1076F000FFE7069860B1FFE7059848B1FFE70698F5
:107700000599884204D0FFE700208DF8270039E072
:107710000898FDF733FE38B1FFE70898C00803A9C1
:107720000BF00EF9049006E0089880680390089822
:10773000C0680490FFE70798FDF720FE38B1FFE727
:107740000798C00801A90BF0FBF8029006E0079823
:10775000806801900798C0680290FFE7039801993C
:10776000884204D0FFE700208DF827000AE0049843
:107770000299039AD8F7BAFFB0FA80F040098DF861
:107780002700FFE79DF827000AB080BD80B58EB0C6
:107790000D900C910B920C980068E0F70FFE0C987E
:1077A0000068FDF7EBFD40B1FFE70C980068C008EA
:1077B00009A90BF0C5F80A9008E00C9800688068E9
:1077C00009900C980068C0680A90FFE700200890B4
:1077D0000A9909980A180D98DDF830C0DDF82CE0F8
:1077E0006B46C3F808E0C3F804C0186004A803900F
:1077F00008AB00F009F80C980068FCF73FF8039913
:10780000FFF7A4F90EB080BD10B5B6B01190DDF849
:10781000E8C0DDF8E4C0DDF8E0C035913492339380
:10782000102131AA15F002FEFFE7359834998842FD
:1078300080F0F384FFE7359800787D2819D1FFE7C1
:107840003598013035903598349988420BD2FFE74E
:10785000359800787D2806D1FFE711987D2115F035
:1078600019FC00F0D5BC4AF2E720C0F6040003F092
:10787000F9FC359800787B2807D0FFE711983599F7
:10788000097815F007FC00F0C3BC3598013035903D
:107890003598349988420BD2FFE7359800787B28D9
:1078A00006D1FFE711987B2115F0F4FB00F0B0BC86
:1078B000002030902F908DF8BB002D903598349992
:1078C000884239D2FFE7359800787D2834D0FFE729
:1078D0003598007821282FD0FFE7359800783A288E
:1078E0002AD0FFE735983090FFE73599349A002089
:1078F0009142109015D2FFE73598017800207D293C
:1079000010900ED0FFE735980178002021291090C3
:1079100007D0FFE7359800783A3818BF012010905B
:10792000FFE71098C00720B1FFE735980130359088
:10793000DBE735982F90FFE735983499884225D2B8
:10794000FFE735980078212820D1FFE735980130EE
:10795000359035983499884211D2FFE735980078F0
:10796000722805D0FFE735980078732807D1FFE724
:107970003598411C359100788DF8BB0005E04AF23E
:107980007430C0F6040003F06DFCFFE735983499BD
:10799000884233D2FFE7359800783A282ED1FFE7A6
:1079A000359801303590359800787D2825D0FFE74F
:1079B00035982D9001202C90FFE735983499884216
:1079C0001AD2FFE7359800787B2804D1FFE72C987E
:1079D00001302C900CE0359800787D2807D1FFE726
:1079E0002C9801382C9008B9FFE705E0FFE7FFE786
:1079F000359801303590E0E7FFE7FFE73598349997
:107A0000884206D3FFE74AF2E240C0F6040003F0E2
:107A100029FC359800787D2806D0FFE74AF2074018
:107A2000C0F6040003F01EFC06202B9030980028BE
:107A30007DD0FFE700202A903098007814F028FECF
:107A400060B3FFE733980068012806DBFFE74AF2DE
:107A50001230C0F6040003F005FC30982F992AAAD2
:107A600011F0CCF930902A983899013988420AD31C
:107A7000FFE745F6DC60C0F604004AF28421C0F658
:107A8000040103F0F9FB39982A9900EB8100406862
:107A90002B9033994FF0FF3008603CE030982990EC
:107AA000FFE729992F9A002091420F900ED2FFE70D
:107AB0002998017800202E290F9007D0FFE72998F8
:107AC00000785B3818BF01200F90FFE70F98C007C0
:107AD00028B1FFE7FFE7299801302990E1E73098C6
:107AE0002999091AFFF798F82890299830903A9820
:107AF00028990022F8F796FD2790279838B9FFE7D4
:107B0000289945F60070C0F6040003F0DFFB2798C3
:107B100040682B90FFE730982F99884206D2FFE704
:107B20004AF23E20C0F6040003F058FB28E03398E8
:107B30000068B0F1FF3F06DCFFE74AF29D20C0F687
:107B4000040003F08FFB33980068389901398842AC
:107B50000AD3FFE745F6DC60C0F604004AF2842150
:107B6000C0F6040103F088FB39983399096800EBEB
:107B7000810040682B903399086801300860FFE766
:107B80002D9840B9FFE79DF8BB0020B9FFE77320AF
:107B90008DF8BB00FFE79DF8BB00A8B3FFE79DF899
:107BA000BB00732804D1FFE700208DF89B0015E08F
:107BB0009DF8BB00722801D1FFE70BE04AF24F109D
:107BC000C0F604004AF2D311C0F6040140F2944218
:107BD000DCF718FA01208DF89B00FFE722A80E9031
:107BE000102120AA0D9215F021FC0D982B999DF8DB
:107BF0009B20FFF77FFA0E9946F60000C0F60400BE
:107C0000FEF7A4FF2B90FFE700208DF87F008DF892
:107C10007E004FF0FF311E911D918DF873001B9077
:107C20002D98002800F0D680FFE7F2F7F3FC2D999D
:107C3000359A339B3898DDF8E4E03A9CEC46CCF872
:107C40000840CCF804E0CCF8000017A80C90FFF72F
:107C5000DBFD0C9815F074FC1690169818990844E2
:107C6000159016980078ECF78FFC38B1FFE716985E
:107C7000411C169100788DF87E0017E01698007868
:107C800098B1FFE716984078ECF77EFC68B1FFE703
:107C90001698411C169100788DF87F001698411CAB
:107CA000169100788DF87E00FFE7FFE716980078C0
:107CB0002B280AD0FFE7169800782D2805D0FFE77B
:107CC00016980078202819D1FFE7169800782B28FD
:107CD00005D1FFE71B9840F002001B900AE01698C0
:107CE0000078202805D1FFE71B9840F004001B9086
:107CF000FFE7FFE7169801301690FFE71698007827
:107D0000232808D1FFE71B9840F008001B90169825
:107D100001301690FFE716980078302816D1FFE75B
:107D20009DF87E0048B9FFE72B98DEF7DDF920B11A
:107D3000FFE73D208DF87E00FFE79DF87F0020B92A
:107D4000FFE730208DF87F00FFE7FFE716981599D1
:107D50001EAA11F053F81690169800782C2805D01A
:107D6000FFE7169800785F280AD1FFE71698017898
:107D70001B9840EA41201B90169801301690FFE7AF
:107D8000169800782E280AD1FFE716980130169031
:107D9000169815991DAA11F031F81690FFE716985C
:107DA0000078ECF70DFC38B1FFE71698411C1691EE
:107DB00000788DF87300FFE71698007830B1FFE780
:107DC0004AF28D30C0F6040003F04CFA17A815F003
:107DD0002BFAFFE79DF87E0070B9FFE72B98DEF7DE
:107DE00083F920B1FFE73E208DF87E0003E03C20C0
:107DF0008DF87E00FFE7FFE79DF87F0020B9FFE7E1
:107E000020208DF87F00FFE79DF86C0010F0060F32
:107E100017D0FFE79DF87300732806D1FFE74AF2F9
:107E2000A630C0F6040003F01DFA9DF87300632825
:107E300006D1FFE74AF21C10C0F6040003F012FA64
:107E4000FFE79DF87E0001460B913C2808D0FFE734
:107E50000B983D2809D0FFE70B985E280AD00EE06A
:107E60001B9840F001001B9009E01B9840F01000A7
:107E70001B9004E01B9840F020001B90FFE72B981C
:107E8000DEF7FCF8002800F00C81FFE79DF8730096
:107E900001460A91782800F2F1800A99DFE811F092
:107EA000A100EE00EE00EE00EE00EE00EE00EE00AF
:107EB000EE00EE00EE00EE00EE00EE00EE00EE0052
:107EC000EE00EE00EE00EE00EE00EE00EE00EE0042
:107ED000EE00EE00EE00EE00EE00EE00EE00EE0032
:107EE000EE00EE00EE00EE00EE00ED00EE00EE0023
:107EF000EE00EE00EE00EE00EE00EE00EE00EE0012
:107F0000EE00EE00EE00EE00EE00EE00EE00EE0001
:107F1000EE00EE00EE00EE00EE00EE00EE00EE00F1
:107F2000EE00EE00EE00EE00EE00ED00ED00ED00E4
:107F3000EE00EE00EE00EE00EE00EE00EE00EE00D1
:107F4000EE00EE00EE00EE00EE00EE00EE00EE00C1
:107F5000D600EE00EE00EE00EE00EE00EE00EE00C9
:107F6000EE00EE0079008E00A100ED00ED00ED00C6
:107F7000EE00EE00EE00EE00EE00EE00A100B60016
:107F8000EE00EE00EE00EE00EE00EE00EE00EE0081
:107F9000D6002B991B989DF87F30DDF878C06A4693
:107FA0004FF0000EC2F80CE0C2F808C05360106039
:107FB00031A80222612302F0F7FC29E12B98FBF79C
:107FC000D9FB8DF853001B9B9DF87F001E9A6946D4
:107FD0004A60086031A80DF15301012202F0FAFE57
:107FE00016E12B991B989DF87F30DDF878C06A4622
:107FF0004FF0000EC2F80CE0C2F808C053601060E9
:1080000031A80A22612302F0CFFC01E19DF86C0047
:108010000007002805D5FFE71B9840F080001B9063
:10802000FFE72B991B989DF87F30DDF878C06A46F2
:108030004FF0000EC2F80CE0C2F808C053601060A8
:1080400031A80822612302F0AFFCE1E02B999DF8F2
:108050007300A0F117031B989DF87FC0DDF878E04E
:108060006A460024D460C2F808E0C2F804C0106078
:1080700031A8102202F098FCCAE011E09DF87300CC
:1080800009902B98FBF716FC099A034646F2341028
:10809000C0F604004AF26111C0F6040103F0FEF8D4
:1080A000FFE72B98DEF720F8002863D0FFE79DF864
:1080B000730020B9FFE767208DF87300FFE79DF894
:1080C00073006E2804D1FFE767208DF87300FFE787
:1080D0009DF873000146089125281ED0FFE70898F7
:1080E0004538032805D3FFE70898653802282ED8BD
:1080F000FFE72B98FBF76EFA9DF873101B9A9DF81B
:108100007F301E98DDF874E0EC46CCF804E0CCF843
:10811000000031A802F0CEFA2BE01B9840F040009E
:108120001B902B98FBF756FA9FED3D1A20EE010AA3
:108130001B9A9DF87F301E98DDF874C06946C1F81F
:1081400004C0086031A8662102F0B4FA11E09DF87D
:10815000730007902B98FBF7ADFB079A034646F296
:108160003410C0F604004AF26111C0F6040103F0B5
:1081700095F84CE09DF87E003D2806D1FFE74AF2D5
:10818000D230C0F6040003F06DF89DF8730001468C
:10819000069120B1FFE70698732825D1FFE72B98B9
:1081A00013A900F06DF812901D98B0F1FF3F03DCA9
:1081B000FFE713981D90FFE713981D99884203D994
:1081C000FFE71D981390FFE71299139A1B9B9DF8E8
:1081D0007F00DDF878E0EC46CCF804E0CCF8000055
:1081E00031A802F0F7FD11E09DF8730005902B987F
:1081F000FBF760FB059A034646F23410C0F6040014
:108200004AF26111C0F6040103F048F8FFE7FFE706
:10821000359801303590FFF708BB36B010BD00BF70
:108220000000C84280B586B0049003910292029883
:1082300001281FD1FFE70498FDF7A0F838B1FFE748
:108240000498C00869460AF07BFB019006E0049898
:10825000806800900498C0680190FFE70198039936
:1082600008600098039948600399422088600020C4
:10827000059002E001200590FFE7059806B080BD5B
:1082800080B586B0059004910598FDF777F8E8B9B8
:10829000FFE70598FCF79AFF88B3FFE705980068A9
:1082A000007B40B1FFE705980068017B00EB81008F
:1082B0000069019002E000200190FFE7019847F279
:1082C000D131C0F60201884219D1FFE70598FDF7C8
:1082D00055F838B1FFE70598C00802A90AF030FB4D
:1082E000039006E00598806802900598C0680390A6
:1082F000FFE7029804990860039806B080BD0598CE
:10830000DEF7D8FD80B584B002900298FDF736F80C
:1083100020B1FFE70298C008039019E00298FCF72B
:1083200055FF90B1FFE70298006846F60001C0F6DD
:108330000401884209D1FFE7029801900198816801
:10834000C0680AF0EBFB039002E00298DEF7B2FD92
:10835000039804B080BD000080B584B003900398FA
:10836000FDF70CF8E8B9FFE70398FCF72FFF70B3AF
:10837000FFE703980068007B40B1FFE703980068BF
:10838000017B00EB81000069009002E0002000907A
:10839000FFE7009847F2D131C0F60201884216D1BA
:1083A000FFE70398FCF7EAFF38B1FFE70398C0083E
:1083B00001A90AF0C5FA029006E0039880680190CE
:1083C0000398C0680290FFE7029804B080BD03984C
:1083D000DEF770FD80B584B00390039802A9FFF723
:1083E0004FFF019001980299FEF716FC04B080BD82
:1083F00080B598B01690159114921393149810B1FB
:10840000FFE7EFF7BBF9159814996B4600221A6045
:108410000323EFF7EDF81598049020B1FFE70498D7
:10842000012803D015E00A2017908EE00FA80390D2
:1084300010210DAA029214F0F9FF0298139909680D
:108440000022FEF757FE03991698FEF77FFB179060
:108450007BE0002000286CD1FFE713980068FCF750
:10846000B5FE002865D0FFE713980068006846F263
:108470007021C0F6040188425BD1FFE713980068C1
:10848000FCF77CFF40B1FFE713980068C0080BA918
:108490000AF056FA0C9008E01398006880680B9078
:1084A00013980068C0680C90FFE713980068FCF709
:1084B00065FF38B1FFE713980068C0080AF01CFC9C
:1084C0000A9004E01398006840680A90FFE70A9851
:1084D00030B9FFE70C980B990AF008FA0A90FFE709
:1084E0000C980B9914F0E0F938B9FFE746F2101038
:1084F000C0F60400002102F0BFFE0C980B990AF0B0
:1085000079FA0990099828B1FFE70998C00002306C
:1085100017901AE016980B9A0021FEF773FA08904C
:108520000C980899C8600A980899486008981790AC
:108530000BE01398006805A90122F5F797FF05984D
:108540000699FEF733FA1790FFE7179818B080BD29
:1085500080B594B01390129112980068FBF78EF9D1
:1085600011904FF0FF30109006200F9013980228C2
:108570000ED3FFE7129840680F901398032806D394
:10858000FFE712988068FBF7F5F81090FFE7FFE728
:1085900000210846FEF78EF80E9012980068FCF74E
:1085A000EDFE40B1FFE712980068C0080CA90AF080
:1085B000C7F90D9008E01298006880680C90129836
:1085C0000068C0680D90FFE70D980C9908440B9067
:1085D0000F98062840F08880FFE7FFE70D990B9A77
:1085E00000209142069006D2FFE70D98007814F023
:1085F000A3F80690FFE70698C00720B1FFE70D98A3
:1086000001300D90EAE7FFE70D990B9A00209142A7
:10861000059006D2FFE71098002818BF01200590AA
:10862000FFE70598C00700284BD0FFE70D980A9098
:10863000FFE70D990B9A00209142049008D2FFE7C2
:108640000D98007814F078F880F001000490FFE7AE
:108650000498C00720B1FFE70D9801300D90E8E7BE
:108660000E98039011980A990D9A521AFEF744FA3F
:1086700001460398FDF7EAF80D980B99884201D35B
:10868000FFE71EE0FFE70D990B9A00209142029050
:1086900006D2FFE70D98007814F04EF80290FFE73D
:1086A0000298C00720B1FFE70D9801300D90EAE76E
:1086B0001098012804DBFFE7109801381090FFE7BD
:1086C000A2E70D980B9988420DD2FFE70E98019012
:1086D00011980D990B9A521AFEF70EFA014601985D
:1086E000FDF7B4F8FFE74FE011980F990EF0DCFEAC
:1086F0000F9809A9FFF7C4FD0890099830B9FFE762
:108700004AF22B40C0F6040002F0ACFDFFE70D98E2
:108710000790FFE7109838B1FFE70D9809990844D2
:108720000B99884203D9FFE70B980D900CE00D9848
:108730000899099AD7F7DAFF08B9FFE704E0FFE7DD
:108740000D9801300D90E5E70E980090119807996B
:108750000D9A521AFEF7D0F901460098FDF776F807
:108760000D980B99884201D3FFE70CE009990D9809
:1087700008440D901098012804DBFFE71098013899
:108780001090FFE7C3E7FFE70E9814B080BD00002C
:1087900080B586B00590049103920598FBF76EF8BA
:1087A00002900298807B88B1FFE70298817B00EB02
:1087B0008100036905980499039A984701900198EC
:1087C00018B1FFE7019806B080BDFFE7039870B9C4
:1087D000FFE70598FBF76EF8024646F2EC00C0F69C
:1087E000040049F26671C0F6040102F057FD0398D7
:1087F00004280ED1FFE70598FBF75CF8024646F225
:10880000EC00C0F6040049F24671C0F6040102F023
:1088100045FD0598FBF74EF8024646F2EC00C0F61F
:10882000040049F2CE71C0F6040102F037FD0000E9
:1088300080B58CB08DF82B000991089209980790AB
:108840009DF82B000146029105286DD3FFE70298A1
:108850000E280CD0FFE7029810283AD0FFE70298C4
:108860001B2804D0FFE702981D2832D064E0089846
:10887000FBF704F846F67801C0F60401FCF7B8FEF1
:1088800018B9FFE700200B9059E008980690079868
:1088900040680699496808440021FEF7C9F9059027
:1088A00005980830079A02F1080152689200D8F73B
:1088B0003AF805980799496800EB81000830069A54
:1088C00002F1080152689200D8F72DF805980B9034
:1088D00035E0089804A9FAF75DFF18B9FFE7002012
:1088E0000B902CE00498002806DCFFE743F62810E4
:1088F000C0F604000B9022E00798406804994843B2
:108900000021FEF795F90390079901F108004A68E4
:10891000049B03990831EC46CCF80010042103F0C5
:1089200025FE03980B900AE09DF82B000999089A00
:1089300012F0ECFC0B9002E000200B90FFE70B988C
:108940000CB080BD80B582B00190002078B9FFE7FF
:108950000198FCF75FFC50B1FFE70198006846F60C
:108960007801C0F60401884201D1FFE70BE04AF22A
:108970007E60C0F604004AF2CC61C0F604014FF4F8
:108980008372DBF73FFB019800900098ECF770FDD5
:1089900002B080BD80B586B0059004910392059821
:1089A000FAF76CFFC07B78B1FFE70598FAF766FF2E
:1089B00000900598FAF762FF01460098C97B00EB2A
:1089C00081000069019002E000200190FFE701981A
:1089D00048F61121C0F60201884201D1FFE70AE002
:1089E0004AF2A660C0F604004AF2CC61C0F6040167
:1089F000FF22DBF707FB0598029002984068049974
:108A00000860029808300399086006B080BD000035
:108A100083B00290019101980090009946F2D060D5
:108A2000C0F60400086000994BF2E530C0F6030080
:108A3000486002980099886000990020C8600098FA
:108A400003B0704780B58EB00C900B910A920993D9
:108A50000B980A996B4600221A600123EEF7E2FD9B
:108A60000B98029020B1FFE70298012806D006E09B
:108A700043F62810C0F604000D9050E0FFE70020F8
:108A8000A0B9FFE709980068FCF7C4FB70B1FFE7E5
:108A900009980068006846F67801C0F6040188422B
:108AA00004D1FFE7099800680D9038E00420089091
:108AB00000200190079008988000ECF7E1FC0199F4
:108AC000069009980068F5F7B1FD0590FFE7059855
:108AD000F6F7D0FC0490B8B1FFE7079808998842F0
:108AE0000AD3FFE706980899C900ECF723FD069022
:108AF000089840000890FFE704980699079A531CCD
:108B0000079341F82200E2E707980699FEF790F8EC
:108B100003900698ECF7ACFC03980D90FFE70D98D6
:108B20000EB080BD80B586B0059004918DF80F2001
:108B30000498029047F2B470C0F6040001909DF8CA
:108B40000F0003280BD1FFE7059849F67E21C0F6F8
:108B5000040102F029F90598806801900AE005985F
:108B60004AF28901C0F6040102F01EF901208DF8D5
:108B70000F00FFE700200090FFE700980299496886
:108B8000884217D2FFE7009828B1FFE705980199BE
:108B900002F00AF9FFE705980299009A01EB8201B9
:108BA00089689DF80F20FEF7A5FAFFE700980130CD
:108BB0000090E2E79DF80F00032808D1FFE7059831
:108BC00048F6E431C0F6040102F0EEF814E0029831
:108BD0004068012808D1FFE705984AF2CA61C0F64B
:108BE000040102F0E1F8FFE7059849F6F711C0F635
:108BF000040102F0D9F8FFE706B080BD80B58AB065
:108C00000890079106920698042846D1FFE7089835
:108C10000590002090BBFFE70798FCF7FBFA68B3CC
:108C2000FFE70798006846F2C871C0F60401884261
:108C300024D1FFE705984068079902AA03F00AFCCF
:108C400030B9FFE749F61310C0F6040002F0C6FA87
:108C500002990398401A0021FDF7EAFF0190019A5A
:108C600002F108000599029B01EB8301083152686B
:108C70009200D7F758FE0198099011E0059908680D
:108C80004968079A0023F5F71BFC009005980099A6
:108C900000EB81008068099002E000200990FFE766
:108CA00009980AB080BD000080B588B08DF81B001F
:108CB0000591059804909DF81B0001460191042838
:108CC00008D0FFE70198052832D0FFE70198062871
:108CD00009D033E004984068002818BF0120FCF751
:108CE000E5FF07902DE043F62810C0F6040003903E
:108CF00000200290FFE7029804994968884212D246
:108D0000FFE70498029900EB81008168062004F0D7
:108D10002BFC0146039800EB61000390FFE70298EB
:108D200001300290E7E7039840000130079008E027
:108D30000498406840000130079002E0002007904E
:108D4000FFE7079808B080BD86B0009005910598B0
:108D500004900598411C059100788DF80F009DF84E
:108D60000F101E2000EAD1014FF46970C84000F0D6
:108D700003008DF80E00002002908DF807009DF88A
:108D80000E00012805D0FFE79DF80E0002282BD128
:108D9000FFE70598007800F07F0002909DF80F0033
:108DA00022280BD1FFE79DF808004006002805D5D2
:108DB000FFE7029860F07F000290FFE7FFE7059869
:108DC0000078000600280BD5FFE702990598421CA1
:108DD0000592407800F07F0040EAC1100290EEE773
:108DE0000598013005903BE09DF80E00032836D130
:108DF000FFE7059800780006002814D4FFE70598DF
:108E0000411C0591007802909DF80F00402809DB75
:108E1000FFE79DF80F00442804DCFFE70298403884
:108E20000290FFE71AE005990878497800F07F0082
:108E300040EAC11002900598023005909DF80F009D
:108E400040280ADBFFE79DF80F00442805DCFFE718
:108E50000298A0F580400290FFE7FFE7FFE7FFE7F9
:108E60009DF80F0010F09E0F07D1FFE70598411CF9
:108E7000059100788DF80700FFE700999DF80F0035
:108E800008709DF80E0048700598049A801A887042
:108E9000029848609DF80700087206B0704700000D
:108EA00080B58AB008900791069206980799884283
:108EB0000CD1FFE7079840680590069900204860AC
:108EC0000898059900F0E8F8099088E00698C068CD
:108ED00018B9FFE70798099081E006980490FFE72A
:108EE0000498007BC00720B9FFE70498C06804908D
:108EF000F6E70498C06820F00100049006980499F1
:108F00004968884218D1FFE706984068A0B9FFE792
:108F10000698007BC00720B1FFE704990020486055
:108F200004E00698C06804994860FFE706990020AD
:108F3000C8600798099052E00698049949688842E9
:108F400014D1FFE70698406802900698C068039025
:108F50000699002048600699C8600898029900F0B8
:108F60009BF8069006980499486028E004984068A9
:108F70000190FFE706980199C968884204D0FFE78D
:108F80000198C0680190F5E706984068009006983F
:108F9000C06803900699002048600699C860089848
:108FA000009900F079F80690069818B9FFE7019843
:108FB000069003E006980199C860FFE7FFE7FFE726
:108FC00003980699C8609DF80C00C00720B1FFE720
:108FD000069804998860FFE707980990FFE70998C9
:108FE0000AB080BD82B001900091009900204860D5
:108FF0000099C86002B0704780B584B002900191BA
:109000000092019818B9FFE7009803903AE00098A1
:1090100018B9FFE70198039034E0029A019800998B
:109020009047C0B1FFE70198406820B9FFE700987A
:109030000199486004E0009801998968C860FFE7D9
:10904000009801998860019840F001000099C8607B
:109050000198039016E0009840680199C860019853
:10906000009948600198C06848B9FFE701980099E5
:109070008860009840F001000199C860FFE70098FF
:109080000390FFE7039804B080BD000081B000901A
:10909000002001B07047000080B586B004900391B5
:1090A000039818B9FFE70020059030E000200290F7
:1090B000FFE79DF80C00C00718BBFFE7039801907D
:1090C0000398C068039001990020C8609DF80C00C7
:1090D000C00778B9FFE7039800900398C068039031
:1090E00000990020C86004980199009AFFF784FF56
:1090F0000190FFE704980299019AFFF77DFF029023
:10910000D7E702990020C86002980590FFE705980C
:1091100006B080BD82B001900091009802B0704707
:1091200080B584B0039002910298C06808B9FFE747
:109130000AE047F2DE60C0F6040047F23271C0F682
:1091400004015E22DAF75EFF0298406801900299FE
:109150000020486003980199FFF79EFF04B080BD8E
:1091600080B584B00390029101920198406828B9BB
:10917000FFE70198C06808B9FFE70AE047F2B4606A
:10918000C0F6040047F23271C0F604015822DAF743
:1091900039FF019841680020009039B9FFE7019834
:1091A000C068B0FA80F040090090FFE7009803988B
:1091B0000199029AFFF720FF04B080BD80B5AEB0E0
:1091C00006902D918DF8B3204FF2A150C0F601000A
:1091D0002A902D982B9049F27971C0F6010128A8A8
:1091E00007F0F0FC40201B90002007901C901B987B
:1091F000C000ECF745F9014607981D9120211E910A
:109200001F901E988000ECF73BF9079920902D984D
:109210002190239124911BA82830F7F7B1F99DF8EC
:10922000B3000146089120B1FFE70898022803D057
:1092300005E03D201A9005E03F201A9002E0002052
:109240001A90FFE72D98416C9DF868201BA8002319
:10925000059309F053F905988DF86700FFE7FFE7DC
:109260001C9808B9FFE7B4E21BA818A917AA08F0D0
:1092700063FD8DF85B009DF85B1046F65430C0F638
:109280000400405C8DF85A009DF85B00E9F77AFF16
:1092900015909DF85A0000F00F0014909DF85A00A8
:1092A00000F0300001460491102804D0FFE7049834
:1092B00020286AD0A9E1189830B1FFE79DF867002F
:1092C000C00708B9FFE7CBE700208DF86700FFE78C
:1092D000FFE718981499884253D2FFE71598189918
:1092E00030F8110000F47040ADF84E00BDF84E00AB
:1092F000B0F5805F16D1FFE72D9890F84C001599D6
:10930000189A31F812106FF31F31884209D1FFE724
:109310009DF85B101BA809F035F82D98F6F7D8F9E1
:109320009EE729E0BDF84E00B0F5005F01D1FFE7F0
:109330000BE04AF65C40C0F604004AF69751C0F6CE
:10934000040140F26642DAF75DFE18980130149984
:10935000884209D2FFE717999DF85B201898431CB3
:109360001BA809F0CBF8FFE71598189930F81110F1
:109370001BA809F0F7F873E7FFE718980130189079
:10938000A7E701208DF8670022E29DF86700C0077B
:1093900060B3FFE7189808B1FFE70BE04AF6DB304F
:1093A000C0F604004AF69751C0F6040140F2754237
:1093B000DAF728FE1899159800EB410030F8020CF6
:1093C00000F47040B0F5405F09D1FFE71BA8002111
:1093D000039108F0C7FE03988DF8670005E0189820
:1093E000022801D3FFE714E23AE7FFE7FFE7189806
:1093F0001499884246D2FFE71598189930F8110061
:1094000000F47040B0F5805F26D1FFE715981899F9
:1094100030F811008DF84D002D9890F84C009DF813
:109420004D1088420FD1FFE79DF84D00082806D166
:10943000FFE79DF85B101BA808F0A4FFFFE72D983D
:10944000F6F746F907E0189808B1FFE7E1E10120D7
:109450008DF8670004E710E017999DF85B201898D5
:10946000431C1BA8029009F049F802981599189A14
:1094700031F8121009F076F8F2E6FFE7189801309B
:109480001890B4E718981499884201D1FFE70BE0CF
:109490004AF6FE50C0F604004AF69751C0F60401A1
:1094A00040F2A242DAF7AEFD9DF8B300B8B3FFE791
:1094B0009DF85B00052832D1FFE71BA8002108F0CA
:1094C000FBF860BBFFE71BA8012108F0F5F812903C
:1094D0009DF84800800730B1FFE7129800F00F00B8
:1094E00002280DD1FFE71298C0B1FFE79DF84800B0
:1094F000800798B9FFE7129800793A280ED1FFE764
:109500001BA8019008F0FCFB019808F0F9FB0198FA
:1095100017990822002308F04FFE59E1FFE70020C9
:109520001890119014981090FFE7109878B3FFE707
:109530001098013810901598109930F8110000F427
:109540007040B0F5805F13D1FFE71598109930F89F
:1095500011008DF83F009DF83F00082807D1FFE774
:10956000189801301890119801301190FFE70DE024
:1095700018991BA808F0A0F820B1FFE71198013056
:109580001190FFE7189801301890FFE7CDE7119888
:10959000012823D1FFE79DF85A00400600281DD579
:1095A000FFE700200E900D90FFE70D981899884274
:1095B0000FD2FFE71BA808F0A3FB0C900C9818B182
:1095C000FFE70C980E90FFE7FFE70D9801300D9034
:1095D000EBE70E991BA808F0C5FD15E09DF85A00B1
:1095E0000006002808D5FFE71BA8002108F0BAFDF7
:1095F000189801301890FFE717999DF85B20189B89
:109600001BA808F0D9FDFFE7E2E09DF85A0000F042
:109610003000302801D1FFE70BE04AF63850C0F6A1
:1096200004004AF69751C0F6040140F2E542DAF729
:10963000E9FC9DF86700C00780B3FFE7FFE7002063
:109640008DF82F00149802280AD1FFE718980128F6
:1096500001D1FFE704E600208DF86700FFE71CE07A
:109660001898012801D1FFE7FAE59DF86000C007CE
:1096700068B1FFE71498032807D1FFE701208DF8B0
:109680002F0000208DF8670000E0C2E003E000201A
:109690008DF86700FFE7FFE7FFE758E0FFE7159861
:1096A0001899149A114001F0010130F811000A9044
:1096B0000A9800F47040B0F5805F25D1FFE72D983F
:1096C00090F84C000A996FF31F31884214D1FFE7DC
:1096D000189814990840C00708B1FFE705E09DF805
:1096E0005B101BA808F04EFEFFE72D98F5F7F0FF82
:1096F00018980130189006E0189801301890012051
:109700008DF867009BE721E00A9800F47040B0F5FF
:10971000005F01D1FFE70BE04AF63040C0F60400DD
:109720004AF69751C0F6040140F21D52DAF76AFC7E
:1097300017999DF85B201898431C1BA8009008F00F
:10974000DDFE00980A9908F00DFF89E5A7E7189853
:1097500008B1FFE70BE04AF61B40C0F604004AF6EA
:109760009751C0F6040140F22452DAF74BFC1898E6
:10977000013818909DF85000C00768B1FFE71598B0
:10978000408800F47040B0F5805F05D1FFE718987D
:10979000013040081890FFE7189801280FD1FFE723
:1097A0009DF82F00C00740B1FFE717999DF85B2097
:1097B000189B1BA808F000FD00E0FFE707E01799E1
:1097C0009DF85B20189B1BA808F0F6FCFFE7FFE75D
:1097D00045E51BA82830F6F7BBFE249878B1FFE7D3
:1097E0002498416808310022EBF7BAFE24994868B2
:1097F000086023982499486024982390FFE72D98C7
:1098000090F84C0020B9FFE71F9800284FD1FFE7E0
:10981000FFE72D9890F84C0006280CD1FFE745F69D
:10982000B860C0F604004AF67961C0F60401FCF79E
:1098300027FC099031E02D9890F84C0002280CD1BB
:10984000FFE745F6B860C0F604004AF6D051C0F60E
:109850000401FCF715FC09901EE02D9890F84C00CF
:1098600004280CD1FFE746F2A400C0F604004AF633
:10987000BD51C0F60401FCF703FC09900BE046F271
:10988000A400C0F6040048F6AF21C0F60401FCF7BE
:10989000F7FB0990FFE7FFE7FFE709982D9A1168AA
:1098A000526C0023F8F7FEFF099807F0BFF81F98E5
:1098B000012801D1FFE70BE04AF6FE30C0F60400B4
:1098C0004AF69751C0F604014FF4AD62DAF79AFBFD
:1098D0002098006822901D98EBF7CAFD2098EBF7BE
:1098E000C7FD012007F03AF906992298239A4A60A9
:1098F00008602EB080BD000080B58EB00D908DF850
:1099000033100B920A93F4F74BFF0890F6F74AFCDA
:1099100009900B98F4F782FF0A98F6F767FC4EF26D
:10992000AD71C0F6010106A807F04CF90D9800686A
:1099300005900D999DF8332003A80090FFF73EFC99
:10994000009805999DF83320B2FA82F25209F0F797
:10995000A7FC02900298EFF7F7FE0190012007F0B4
:10996000FDF801980EB080BD80B58CB00A900991C9
:1099700008920A9809990844079000208DF81B0066
:109980008DF81A0005900490039002900190FFE773
:109990000A980799884280F0B380FFE70A98411C33
:1099A0000A9100780090009830285ED3FFE7009875
:1099B00039285AD8FFE70098303800909DF81B00EE
:1099C000022811D1FFE7049846F26461C0F2666193
:1099D000884208DCFFE7049800EB8001009800EB68
:1099E00041000490FFE73FE0009840B1FFE7059891
:1099F00049F69811C1F6991188420DD3FFE79DF8F9
:109A00001B0020B9FFE702980130029003E00198A3
:109A100001300190FFE726E0FFE7029858B1FFE729
:109A2000059803AA00231946DCF79CFA05900298D2
:109A300001380290F1E7FFE7019858B1FFE7059878
:109A4000002103AA0123DCF78DFA05900198013863
:109A50000190F1E7059800999DF81B3003AADCF707
:109A600081FA0590FFE7FFE749E09DF81B0040B948
:109A7000FFE700982E2804D1FFE701208DF81B0096
:109A80003CE09DF81B0002282ED0FFE7009840F034
:109A90002000652828D1FFE702208DF81B000A98D6
:109AA0000799884217D2FFE70A9800782B2804D13B
:109AB000FFE70A9801300A900CE00A9800782D28F8
:109AC00007D1FFE70A9801300A9001208DF81A00AB
:109AD000FFE7FFE7FFE70A980799884203D1FFE70E
:109AE00000200B9028E008E000985F2801D1FFE7F4
:109AF0004EE70A9801380A9002E0FFE7FFE747E7E0
:109B00009DF81A00C00720B1FFE704984042049076
:109B1000FFE70398029901440498084404909DEDDE
:109B2000050AB8EE400A0498F0F78CFD089880ED1D
:109B3000000A0A980B90FFE70B980CB080BD00005C
:109B400080B588B00690069800F082F908B1FFE76A
:109B50000BE04AF6C030C0F604004AF69751C0F652
:109B6000040140F28D12DAF74DFA9DF81800C00793
:109B700040B1FFE70698401005900598400001307D
:109B80000790AFE09DF818008007002850D0FFE74D
:109B9000069800F00F0004900698000903900498BE
:109BA000062805D1FFE70398C0000230079099E02E
:109BB000069800F00F000A2801D1FFE70BE04AF6F3
:109BC000EC40C0F604004AF69751C0F604014FF489
:109BD000CF72DAF717FA039801900E280BD0FFE73F
:109BE00001980F2804D0FFE70198102806D008E05C
:109BF0000620079076E00E20079073E01E20079065
:109C000070E003980D2801D1FFE70BE04AF61F50E2
:109C1000C0F604004AF69751C0F6040140F2A712BC
:109C2000DAF7F0F943F60010C0F60400079059E0A7
:109C3000069888B1FFE79DF81800800760B9FFE734
:109C4000069800793A2807D1FFE706980290029813
:109C500000F052F8079045E0069858B1FFE79DF8EC
:109C60001800800730B9FFE7069800792D2801D148
:109C7000FFE70BE04AF68E30C0F604004AF6975133
:109C8000C0F6040140F2AF12DAF7BCF906990020E1
:109C9000009079B1FFE700209DF818108907009027
:109CA00041B9FFE7069800792D38B0FA80F04009F5
:109CB0000090FFE700980698806808B9FFE70BE07E
:109CC0004AF64E30C0F604004AF69751C0F6040139
:109CD0004FF4D872DAF796F943F62810C0F604006C
:109CE0000790FFE7079808B080BD000081B00090A2
:109CF0000098806801B0704781B00090009880683B
:109D000001B0704785B003900291019203980068FA
:109D100028B9FFE7019900200860049022E0039829
:109D20000078800730B1FFE70398019908600120AF
:109D3000049017E003980068009000980079029959
:109D4000884206D0FFE7039801990860012004903B
:109D500008E0009808300199086000984068000AFF
:109D60000490FFE7049805B07047000080B588B004
:109D7000069005919DF81800C00748B1FFE70698C6
:109D800040F001000599086001208DF81F005BE09C
:109D90000698002854D0FFE79DF818008007002897
:109DA0004ED1FFE7069800793A2849D1FFE7069897
:109DB00004900498FFF7A0FF0599086005980068D3
:109DC000FBF794FB01460120039099BBFFE7059840
:109DD0000068FBF737FA60B1FFE705980068016893
:109DE000012046F27052C0F604029142039021D045
:109DF000FFE7002108460290C9B9FFE7059800680F
:109E0000FBF720FA01460020019069B1FFE70598B1
:109E10000068006846F22C41C0F60401401AB0FA0E
:109E200080F040090190FFE701980290FFE7029857
:109E30000390FFE7039800F001008DF81F0003E096
:109E400000208DF81F00FFE79DF81F0008B080BDBF
:109E500086B004909DF81000C00720B1FFE70120F4
:109E60008DF8170067E09DF810008007A0B3FFE7AA
:109E7000049800F00F0003900398062804D1FFE730
:109E800001208DF8170056E003980A2822D1FFE739
:109E9000049800090290029901200F29009013D024
:109EA000FFE7029901200E2900900DD0FFE70299EB
:109EB00001201029009007D0FFE702980D38B0FA72
:109EC00080F040090090FFE7009800F001008DF855
:109ED000170030E0FFE729E0049870B1FFE79DF834
:109EE0001000800748B9FFE7049800793A2804D1A8
:109EF000FFE701208DF817001DE00498A0B1FFE7EF
:109F00009DF81000800778B9FFE7049800792D28A4
:109F10000AD1FFE70498019001988068B0FA80F0B8
:109F200040098DF8170006E0FFE7FFE7FFE7002094
:109F30008DF81700FFE79DF8170006B07047000086
:109F400080B582B001900198002107F06FF802B04F
:109F500080BD000080B582B001900198012107F01A
:109F600065F802B080BD000082B0019000910198B8
:109F7000009940EA011002B07047000081B00090E3
:109F800000984000013001B07047000081B000909F
:109F900000984000013001B07047000086B0059085
:109FA00004910392059802900498012801D8FFE7D4
:109FB00051E00298411C02910078019001983028EC
:109FC00045D1FFE70298411C0291007840F0200043
:109FD0000190039800680090019878280BD1FFE762
:109FE000009820B1FFE70098102804D1FFE70399FB
:109FF000102008602AE001986F280BD1FFE7009835
:10A0000020B1FFE70098082804D1FFE70399082052
:10A0100008601AE0019862280BD1FFE7009820B190
:10A02000FFE70098022804D1FFE7039902200860A7
:10A030000AE0029802380290009820B9FFE70399DD
:10A0400001200860FFE7FFE7FFE7FFE70CE0029869
:10A0500001380290FFE70398006820B9FFE70399F1
:10A060000A200860FFE7FFE702980599401A06B04A
:10A070007047000080B584B003900291019203986C
:10A080000299019A6B461A6001231A4600F002F801
:10A0900004B080BD80B58CB0DDF838C00A9009915D
:10A0A0008DF823208DF822300A98099908440790EA
:10A0B0000020069005900490FFE700208DF80F0027
:10A0C000FFE70A99079A00209142019006D2FFE724
:10A0D0000A98007812F030FB0190FFE70198C00762
:10A0E00028B1FFE7FFE70A9801300A90E9E70A98EC
:10A0F0000799884217D2FFE70A9800782B2804D1E5
:10A10000FFE70A9801300A900CE00A9800782D28A1
:10A1100007D1FFE70A9801300A9001208DF80F005F
:10A12000FFE7FFE7FFE70A9802900A9802300799D5
:10A13000884249D2FFE70A98007840F02000692859
:10A1400042D1FFE70A98407840F020006E283BD1CA
:10A15000FFE70A98807840F02000662834D1FFE7B6
:10A160000A9803300A904FF0FF4006900A98043096
:10A170000799884227D2FFE70A98007840F020002C
:10A18000692820D1FFE70A98407840F020006E2827
:10A1900019D1FFE70A98807840F02000692812D191
:10A1A000FFE70A98C07840F0200074280BD1FFE741
:10A1B0000A98007940F02000792804D1FFE70A9836
:10A1C00005300A90FFE733E00A9802300799884289
:10A1D00021D2FFE70A98007840F020006E281AD1BB
:10A1E000FFE70A98407840F02000612813D1FFE78C
:10A1F0000A98807840F020006E280CD1FFE70A987A
:10A2000003300A904CF2DA00C0F6040015F076FC38
:10A210008DED060A0BE00A980799091A06AAFFF7BE
:10A22000A3FB0A900A9808B9FFE787E0FFE7FFE77A
:10A230009DF82300C007E8B1FFE70A980799884214
:10A2400018D2FFE70A98007840F020006A2811D160
:10A25000FFE70A980299884204D1FFE74FF07E5049
:10A260000690FFE70A9801300A90059840F0020036
:10A270000590FFE79DF80F00C00738B1FFE79DED9F
:10A28000060AB1EE400A8DED060AFFE70A98029928
:10A29000884201D1FFE751E0FFE70A99079A0020C1
:10A2A0009142009006D2FFE70A98007812F044FA33
:10A2B0000090FFE70098C00728B1FFE7FFE70A9882
:10A2C00001300A90E9E70A980799884212D0FFE71F
:10A2D0009DF82200C00760B1FFE7059848B9FFE785
:10A2E0000698049000200690059840F00100059023
:10A2F000E3E623E00598012801D1FFE71EE0059879
:10A3000040B1FFE79DED040ADDED060AFBF7DEFD37
:10A310000B9020E09DF82200C00740B1FFE79DEDC3
:10A32000060ADFED0E0AFBF7D1FD0B9013E0FFE705
:10A330009DED060AFBF7D0FF0B900CE046F23410BF
:10A34000C0F604004AF6D661C0F60401FBF798FE99
:10A350000E9908F06BFD0B980CB080BD000000005A
:10A3600080B586B0059004918DF80F200293059872
:10A370000499029B9DF80F20EC46CCF8003002F0C7
:10A3800001020023FFF786FE06B080BD80B586B0CF
:10A39000059004918DF80F20029305980499029B73
:10A3A0009DF80F20EC46CCF8003002F001020023AB
:10A3B000FFF770FE06B080BD80B586B005900491B1
:10A3C0008DF80F20029305980499029B9DF80F20A9
:10A3D000EC46CCF8003002F001020023FFF75AFEF1
:10A3E00006B080BD80B586B0059004918DF80F2031
:10A3F000029305980499029B9DF80F20EC46CCF837
:10A40000003002F001020023FFF744FE06B080BDD9
:10A4100080B592B0119010910F920E9311980D90FB
:10A420000D98109908440C9000208DF82F000F987B
:10A4300020B1FFE70F98022804DBFFE70F982528DB
:10A4400006DBFFE74AF68B60C0F6040000F00AFF67
:10A45000FFE70D990C9A00209142049006D2FFE785
:10A460000D98007812F068F90490FFE70498C0078F
:10A4700028B1FFE7FFE70D9801300D90E9E70D984F
:10A480000C99884217D2FFE70D9800782B2804D149
:10A49000FFE70D9801300D900CE00D9800782D2805
:10A4A00007D1FFE70D9801300D9001208DF82F00A6
:10A4B000FFE7FFE7FFE70D980C99091A0FAAFFF7CE
:10A4C0006DFD01460D9808440D90002009900D98EF
:10A4D0000890FFE70D980C99884245D2FFE70D9848
:10A4E000007807900798302808D3FFE707983928A5
:10A4F00004D8FFE707983038079017E007985F28DF
:10A5000001D1FFE72CE0079840F020000790079862
:10A51000612808D3FFE707987A2804D8FFE707984F
:10A520005738079000E01FE0FFE7FFE707980F9913
:10A53000884201D3FFE717E009980F9909AAF7F7B6
:10A5400099F908B1FFE746E007990998084409908E
:10A55000099880EA4000C00F08B1FFE73BE0FFE741
:10A560000D9801300D90B5E79DF82F00C00720B180
:10A57000FFE709984042039002E009980390FFE743
:10A580000398400001300A90FFE70D98089988422F
:10A5900001D1FFE730E0FFE70D990C9A00209142CE
:10A5A000029006D2FFE70D98007812F0C5F80290ED
:10A5B000FFE70298C00728B1FFE7FFE70D980130D9
:10A5C0000D90E9E70D980C99884201D0FFE713E060
:10A5D0000A9812B080BD089806900C980899411A04
:10A5E0000F9B9DF82F0000F0010206A8FCF712F85F
:10A5F0000A9006980D90C8E70F98012803D1FFE74D
:10A600000020019002E00F980190FFE7019A46F2C6
:10A610003410C0F604004AF6AE61C0F60401FBF740
:10A6200097FD059005980E9908F000FC80B584B060
:10A630000390039840680290FFE7029848B1FFE753
:10A640000298406801900298EAF712FF0198029080
:10A65000F3E703990020486004B080BD82B0019008
:10A6600000910199481C0190302008700199481C04
:10A6700001902E200870FFE70098012809DBFFE712
:10A680000199481C01903020087000980138009012
:10A69000F2E7019802B0704780B584B00390029150
:10A6A0000192039908684B680299019A984704B08F
:10A6B00080BD000010B594B0DDF85CC0DDF858C076
:10A6C00013908DED120A8DF8471010928DF83F30DF
:10A6D00000208DF81A0005909DF8400080070028A2
:10A6E00004D5FFE72B208DF81A000AE09DF8400002
:10A6F0004007002804D5FFE720208DF81A00FFE767
:10A70000FFE79DED120A9DF84720179B9DF81A0060
:10A71000694608600DF11B0002902121F3F752F801
:10A7200001460298049103909DF84100C00728B3A8
:10A73000FFE70DF11B002E21D5F7CEFFF0B9FFE7A3
:10A740000DF11B006521D5F7C7FFB8B9FFE70DF183
:10A750001B006E21D5F7C0FF80B9FFE7049A501C9B
:10A7600004900DF11B012E208854049A501C049073
:10A7700030208854049A00208854FFE79DF8400058
:10A78000400600280BD5FFE7049A501C04900DF1F9
:10A790001B0125208854049A00208854FFE79DF867
:10A7A0004000C00600281DD5FFE79DF81B002F289C
:10A7B00018DCFFE7039801300390139869460122E3
:10A7C0004A6000230B600DF11B0100F003FB014602
:10A7D0000598084405901698013816900498013899
:10A7E0000490FFE713980399049A109B9DF83FC0CB
:10A7F000169CEE46CEF80440CEF800C000F0EAFA0F
:10A800000146059808440590059814B010BD000055
:10A8100010B590B0844615981498DDF84CE0DDF83A
:10A8200048E0CDF83CC00E910D920C938DF82F00AE
:10A8300000208DF82E000D9818B3FFE70E98B0F1A8
:10A84000FF3F07DCFFE72D208DF82E000E984042D9
:10A850000E9015E09DF84C008007002804D5FFE716
:10A860002B208DF82E000AE09DF84C0040070028B0
:10A8700004D5FFE720208DF82E00FFE7FFE7FFE774
:10A88000FFE70DF11E00103006900E9838B9FFE773
:10A890000699481E0690302001F8010C35E0FFE7CC
:10A8A0000E9A0C99B2FBF1F000FB112005900C9967
:10A8B0000E98B0FBF1F00E9005980A2806DBFFE732
:10A8C0001298059908440A38059003E0059830303D
:10A8D0000590FFE7059806994A1E069201F8010CBB
:10A8E000FFE7069900200DF11E029142039006D960
:10A8F000FFE70E98002818BF01200390FFE7039898
:10A90000C0070028CCD1FFE7FFE7002004909DF8A6
:10A910004C00C00600281BD5FFE79DF82E00B0B103
:10A92000FFE70F98139B9DF82F10EC460122CCF8FF
:10A930000420CCF800100DF12E0100F04BFA014676
:10A94000049808440490159801381590FFE712E028
:10A950009DF82E0070B1FFE706980DF11E018842A8
:10A9600008D9FFE79DF82E0006994A1E069201F8C5
:10A97000010CFFE7FFE70F9806990DF11E02521A2E
:10A980001032139B9DF82FC0159CEE46CEF8044064
:10A99000CEF800C000F01EFA014604980844049066
:10A9A000049810B010BD000010B59CB084462198EA
:10A9B00020981F98DDF878E0CDF86CC01A911992B4
:10A9C00018938DF85F00199802280CD0FFE71998AA
:10A9D000082808D0FFE719980A2804D0FFE719983B
:10A9E000102801D1FFE70AE049F23750C0F6040011
:10A9F00049F26A51C0F60401ED22D9F703FB199917
:10AA000001200229059013D0FFE719990120082998
:10AA100005900DD0FFE7199901200A29059007D06C
:10AA2000FFE719981038B0FA80F040090590FFE769
:10AA300005981A98FAF70AFDA8B9FFE71A98FAF7E5
:10AA400005FB48B1FFE71A98006846F27051C0F65E
:10AA50000401884207D0FFE71A98F8F78BFE400000
:10AA600001301A90FFE79DF8780010F0210F10D107
:10AA7000FFE79DF85F0030280BD1FFE72198209970
:10AA8000884203DDFFE721982090FFE70020219016
:10AA9000FFE70DF15B0015901A98FAF783F800288C
:10AAA0001AD4FFE79DF878008007002806D5FFE755
:10AAB0001599481C15902B2008700CE09DF8780023
:10AAC0004007002806D5FFE71599481C159020205F
:10AAD0000870FFE7FFE7FFE79DF878000007002810
:10AAE0003AD5FFE7199802280CD1FFE71599481CC1
:10AAF0001590302008701898013015994A1C15924D
:10AB0000087028E01998082813D1FFE71599481C08
:10AB10001590302008709DF878000006002807D5B1
:10AB2000FFE718980E3015994A1C15920870FFE738
:10AB300010E0199810280CD1FFE71599481C1590C2
:10AB4000302008701898173015994A1C1592087013
:10AB5000FFE7FFE7FFE7FFE7159900200870159A68
:10AB60000DF15B01521A149215911E99490A8DF844
:10AB70004F100DF13F010E9110210D910C90219875
:10AB8000022805DBFFE71E9840F010001E90FFE74B
:10AB900000208DF82B009DF87800C006002823D5F2
:10ABA000FFE71A9B19989DF860209DF84FC06946F1
:10ABB000C1F80CC08A6000224A6008600EA80DA986
:10ABC0000CAAF9F7DFFC0B900B9800782D280AD11E
:10ABD000FFE70B98411C0B9100788DF82B000C9827
:10ABE00001380C90FFE714E01A9B1998159A9DF80C
:10ABF00060C09DF84FE06946C1F80CE0C1F808C09C
:10AC00004A6008600EA80DA90CAAF9F7BBFC0B90CE
:10AC1000FFE7002009900890219802283ADBFFE71F
:10AC20000C98079007982199884203DAFFE721984A
:10AC30000790FFE79DF87800C00600280DD5FFE7D4
:10AC40009DF82B0020B1FFE7079801300790FFE740
:10AC50001499079808440790FFE7079820998842BD
:10AC600010DAFFE79DF87800C00728B1FFE72098C9
:10AC70000799401A089004E020980799401A099013
:10AC8000FFE7FFE730208DF85F001E9820F00100FD
:10AC90001E90FFE700200690099898B1FFE71B98E7
:10ACA00009996A465160202111604CF2DA01C0F620
:10ACB000040100231A4600F08DF801460698084466
:10ACC0000690FFE79DF87800C00600282FD5FFE723
:10ACD0009DF82B0090B1FFE71B98694601224A605E
:10ACE00000230B600DF12B0100F074F8014606986B
:10ACF00008440690209801382090FFE71498A8B1E6
:10AD0000FFE71B981599149AEC460123CCF8043000
:10AD10000023CCF8003000F05DF8014606980844A6
:10AD2000069014992098401A2090FFE7FFE7219899
:10AD3000022803DBFFE721982090FFE71B980B997F
:10AD40000C9A1E9B9DF85FC0209CEE46CEF80440F6
:10AD5000CEF800C000F03EF8014606980844069080
:10AD6000089898B1FFE71B9808996A46516020211E
:10AD700011604CF2DA01C0F6040100231A4600F01B
:10AD800029F80146069808440690FFE70E980DF151
:10AD90003F01884204D0FFE70E98EAF769FBFFE71E
:10ADA00006981CB010BD000080B584B003900291DD
:10ADB0000298D5F7C7FC0190019838B1FFE70399D5
:10ADC00008684B680299019A9847FFE7019804B018
:10ADD00080BD000080B58EB0844611981098CDF8E3
:10ADE00034C00C910B920A938DF827000020089034
:10ADF000079011990B9A891A069104900A98400AB3
:10AE00008DF80B009DF8270028B1FFE79DF827007B
:10AE1000202808D1FFE746F68F10C0F60400039003
:10AE2000102005904FE09DF8270030280CD1FFE757
:10AE30009DF80B0040B9FFE746F67810C0F6040015
:10AE40000390102005903DE09DF82700302832D176
:10AE5000FFE79DF80B005F2809D1FFE746F6781061
:10AE6000C0F604000C3003900520059008E046F67B
:10AE70007810C0F604001130039004200590FFE71D
:10AE8000119A059992FBF1F000FB112038B9FFE708
:10AE9000069801300690119801301190FFE705994E
:10AEA000119A92FBF1F000FB1120C043014403987A
:10AEB0000844039005E00DF1270003900120059060
:10AEC000FFE7FFE7FFE79DF82800800600280AD586
:10AED000FFE7069800EBD07040100890069808999C
:10AEE000401A07900BE09DF82800C00718B1FFE753
:10AEF0000698079002E006980890FFE7FFE7089899
:10AF000001281FDBFFE70899049808440490FFE735
:10AF10000898012815DBFFE708980190019805992A
:10AF2000884203DDFFE705980190FFE70D99086867
:10AF30004B680399019A984701990898401A08901C
:10AF4000E6E7FFE70B9858B1FFE70D9908684B68F3
:10AF50000C990B9A98470B99049808440490FFE7C2
:10AF6000079801281FDBFFE707990498084404901D
:10AF7000FFE70798012815DBFFE707980090009886
:10AF80000599884203DDFFE705980090FFE70D99DA
:10AF900008684B680399009A984700990798401AE7
:10AFA0000790E6E7FFE704980EB080BD80B586B055
:10AFB000059004910DF10B0005300190049800F00C
:10AFC0007F0001994A1E019201F8010C0498C00902
:10AFD0000490FFE7049868B1FFE7049840F0800010
:10AFE00001994A1E019201F8010CFFE70498C0097B
:10AFF0000490EFE7059908684B6801990DF10B0281
:10B00000521A0532984706B080BD000082B080B564
:10B0100084B0079306920390029106A801900398CA
:10B020000299019A02F04EFD0090009804B0BDE82C
:10B03000804002B07047000082B0019001980090FB
:10B0400000980088002818BF012002B07047000057
:10B0500082B001900198009000980088002818BFE5
:10B06000012002B07047000080B590B00F900E91A3
:10B070000D920C93EFF7CEFAFFE70E980F99401A56
:10B0800080100228C0F2A780FFE70F980B900E985F
:10B090000A900D9820B9FFE70E980068069006E028
:10B0A0000D980E990968EEF75BFB0690FFE706988E
:10B0B0000990FFE7FFE70B9804300B90FFE70B992F
:10B0C0000A9A0020914205901AD2FFE70D9820B904
:10B0D000FFE70B980068049006E00D980B9909684B
:10B0E000EEF73EFB0490FFE70499099A0020ECF785
:10B0F00035FF0C99401AB0FA80F040090590FFE73F
:10B100000598C0070028D6D1FFE7FFE70A98043862
:10B110000A90FFE70B990A9A0020914203901CD2F3
:10B12000FFE7099802900D9820B9FFE70A98006898
:10B13000019006E00D980A990968EEF711FB01905D
:10B14000FFE70299019A0020ECF708FF0C99401ADA
:10B15000B0FA80F040090390FFE70398C007002889
:10B16000D4D1FFE70B980A99884201D3FFE70AE0A0
:10B170000B98006808900A9800680B990860089876
:10B180000A99086096E70B98006807900E98006887
:10B190000B99086007980E9908600A980F99401A51
:10B1A00080100E990B9A891AB0EBA10F09DAFFE70C
:10B1B0000F980A990D9A0C9BFFF756FF0B980F906A
:10B1C00008E00B980E990D9A0C9BFFF74DFF0A981B
:10B1D0000E90FFE751E710B080BD000082B00190F3
:10B1E000019945F6CC70C0F6040000F045F8000067
:10B1F00082B0019001984000411C45F6F070C0F605
:10B20000040000F063F8000082B00190019838B9A2
:10B21000FFE746F28000C0F60400002100F02CF8A1
:10B22000019946F28000C0F6040000F04FF80000DB
:10B2300082B00190019946F2EC00C0F6040000F0E3
:10B240001BF8000082B001900198F8F733FB02462A
:10B2500046F2EC00C0F604004CF22041C0F60401B6
:10B2600000F01CF882B00190019946F23410C0F64B
:10B27000040000F001F8000082B0019000910098F5
:10B2800028B9FFE70198FAF77FFE05F0CFFB019898
:10B290000099FAF7F5FE05F0C9FB000086B00593AA
:10B2A00004920390029104A8019003980299019AD4
:10B2B000FAF764FF0090009805F0B8FB46F23800FA
:10B2C000C0F6040040F6827100F000F882B00190F0
:10B2D000009101980099FAF795FE05F0A7FB000090
:10B2E00080B58EB00D900C910D9880680A900D98E5
:10B2F00000680B9049F27971C0F6010108A805F0C9
:10B3000061FC0D9807A9042208F096FB9DF81E1019
:10B310002F2000EA91008DF81B009DF81C004D289D
:10B3200015D1FFE79DF81D00062810D1FFE79DF815
:10B330001B0038B1FFE79DF81E0000F00300032852
:10B3400005D1FFE79DF81F00202806DBFFE74AF63E
:10B350009F70C0F60400FFF785FF9DF81B0058B1F1
:10B36000FFE79DF81B0030B1FFE74AF67F70C0F69B
:10B370000400FFF777FFFFE7002005909DF81E000F
:10B380004006002806D5FFE74AF69F70C0F6040085
:10B39000FFF768FF0D9808F065FB04900D9808F022
:10B3A00061FB03900C9800680499039AF6F772F910
:10B3B00000200290FFE70298049988420ED2FFE72E
:10B3C0000D98E9F745FF0C9909688968029A21F8F8
:10B3D0001200FFE7029801300290ECE70020019094
:10B3E000FFE70198039988420ED2FFE70D98E9F72D
:10B3F0005BFE0C990968C968019A41F82200FFE7D1
:10B40000019801300190ECE70D980C990968E9F773
:10B410004DFF0C994860012005F0A0FB0EB080BDE7
:10B4200080B588B00790069105920799069A02A800
:10B430000190002300F0B6F901980599FFF750FF3D
:10B4400008B080BD80B5ACB02B902A912A98299085
:10B4500029980390E6F7A4FF014603980844289032
:10B4600029982790FFE72798411C279100788DF8AD
:10B4700083009DF88300C0F3C30026909DF88300ED
:10B48000C0F380002590002024909DF8831001F0E7
:10B4900003012391229021901F90FFE79DF88300E4
:10B4A0000006002848D5FFE72798411C279100781F
:10B4B0008DF883009DF8830000F030001F9949004B
:10B4C00000FA01F12698084326909DF8830000F0C9
:10B4D00002001F9900FA01F12598084325909DF874
:10B4E0008300C0F380101F9900FA01F124980843EB
:10B4F00024909DF8830000F004001F9900FA01F1E8
:10B500002398084323909DF88300C0F3C0001F993F
:10B5100000FA01F12298084322909DF8830000F080
:10B5200001001F9900FA01F1219808432190FFE7DB
:10B530001F9801301F90B1E7269801302690FFE751
:10B54000FFE700201D901E901B90FFE72798411CED
:10B55000279100788DF873009DF8730000F00100CA
:10B560001B9900FA01F11D9808431D909DF8730086
:10B57000C0F345001B9901EB4101490000FA01F1BC
:10B580001E9808431E909DF873000006002801D401
:10B59000FFE704E0FFE71B9801301B90D6E7FFE7C9
:10B5A00018A80290DBF7E0FC15A8DBF7DDFC279874
:10B5B000149014A8EFF7AAF8014602981391139972
:10B5C000DBF704FD00201290FFE712982399229ADE
:10B5D000114488420DD2FFE714A8EFF797F81190B5
:10B5E000119918A8DBF7F2FCFFE7129801301290CE
:10B5F000EBE71E981D990144279808442790FFE720
:10B6000027982899884227D2FFE727990EA8FDF7A7
:10B610009BFB9DF8380018B9FFE72798289015E0A4
:10B620009DF83800232805D1FFE70F9915A8DBF70F
:10B63000CDFC0AE09DF83900012805D1FFE70F99FC
:10B6400018A8DBF7C3FCFFE7FFE7FFE79DF83A1018
:10B65000279808442790D3E728982999401A0D90F5
:10B6600007A840210BAA019211F0E0FE019840F2D8
:10B670004D61C1F60071069106A90422FFF70CF88E
:10B68000019818990131FFF791FC01981599013142
:10B69000FFF78CFC00200590FFE705981899884279
:10B6A00019D8FFE7059918A8DBF770FC48B1FFE748
:10B6B0002B980068059930F811100BA809F084FA4E
:10B6C00004E00BA8012109F07FFAFFE7FFE70598E6
:10B6D00001300590E1E700200490FFE704981599F8
:10B6E000884219D8FFE7049915A8DBF74FFC48B149
:10B6F000FFE72B984068049950F821100BA809F037
:10B7000023F904E00BA8062109F01EF9FFE7FFE783
:10B71000049801300490E1E718A8DBF71BFC15A89A
:10B72000DBF718FC0D98C1000BA80090FFF73EFC5A
:10B73000009829990D9AFEF7AFFF07A8FAF728FBA2
:10B740002CB080BD80B582B0019001980090009827
:10B75000006850B1FFE700980068013028B1FFE7AA
:10B7600000984068E9F784FEFFE70098E9F780FE5B
:10B7700002B080BD83B00190019800900099886864
:10B78000C968884207D2FFE7009A9068411C91601F
:10B790000078029003E04FF0FF300290FFE702983C
:10B7A00003B0704780B586B0059004910392029370
:10B7B0001020E9F765FE019002980199086004984D
:10B7C0000199486004980199886004980399084495
:10B7D0000199C86001980599086005994BF2757048
:10B7E000C0F60200486005994BF24570C0F60200B1
:10B7F000886006B080BD000010B596B0149013911B
:10B8000012921193149810901498139908440F9061
:10B810000F980E90FFE70E9801380E901499884209
:10B820001DD3FFE70E98007810F01AFFB0B9FFE7BC
:10B830000E98007810F02CFF80B9FFE70E98007882
:10B840005F280BD0FFE70E9800782E2806D0FFE780
:10B850000E9801300E900E98149000E0DBE743F64E
:10B860003C50C0F604000D90FFE714980A90FFE7E3
:10B8700014990F9A00209142039007D2FFE7149881
:10B8800000782E3818BF01200390FFE70398C00707
:10B8900020B1FFE7149801301490E9E714980A9951
:10B8A000401A099014980F99884201D1FFE71CE0D3
:10B8B0000A98099907F09EF80890089818B9FFE7C8
:10B8C0000020159080E00D9808990BAA0123F4F749
:10B8D000DFFB0B980D900D9818B9FFE7002015902D
:10B8E00072E0149801301490BFE7139807280DD325
:10B8F000FFE7109845F62841C0F604010722D4F767
:10B90000F5FE18B9FFE700200D90FFE70A980999A6
:10B910000D9AEC4605ABCCF8043006ABCCF8003001
:10B9200007ABE3F7D3FD0490069838BBFFE70A980E
:10B93000109988421FD1FFE70998E0B1FFE7099805
:10B94000062818D8FFE70A98099A45F62841C0F654
:10B950000401D4F7CBFE68B9FFE7099945F6284002
:10B96000C0F604000844119908600998C0F1070066
:10B97000159029E0FFE70020159025E0069805992D
:10B98000884205D0FFE70798099988420AD9FFE75E
:10B990000498099908441199086007980999401A70
:10B9A000159011E012980A99099A0D9BDDF818C0BC
:10B9B000059CEE46CEF80440CEF800C006F0E4F94F
:10B9C0004FF0FF301590FFE7159816B010BD00003E
:10B9D00080B58AB008900898007820B9FFE7002069
:10B9E0008DF8270068E1089801780120402901902E
:10B9F0005FD0FFE7089849F2A821C0F604010DF0D6
:10BA0000CFF8014601200029019052D1FFE70898A4
:10BA100049F28221C0F604010DF0C2F8014601206E
:10BA20000029019045D1FFE7089848F64811C0F673
:10BA300004010DF0B5F8014601200190C9BBFFE7F4
:10BA400008984CF2C801C0F604010DF0A9F80146AF
:10BA50000120019069BBFFE708984BF6D911C0F6A9
:10BA600004010DF09DF801460120019009BBFFE79C
:10BA7000089848F2DB61C0F604010DF091F8014628
:10BA800001200190A9B9FFE708984BF6D761C0F6ED
:10BA900004010DF085F801460120019049B9FFE746
:10BAA000089849F27221C0F604010DF079F801906E
:10BAB000FFE7019800F001008DF81F0000200690BC
:10BAC00005900490039008980290FFE70298007890
:10BAD000002800F0B580FFE702980078272827D1DA
:10BAE000FFE7039820B1FFE70398032812D1FFE78F
:10BAF0000298407827280DD1FFE702988078272800
:10BB000008D1FFE70298023002900398C0F10300C9
:10BB100003900CE0039820B1FFE70398012805D1BA
:10BB2000FFE70398C0F101000390FFE7FFE782E021
:10BB300002980078222827D1FFE7039820B1FFE779
:10BB40000398042812D1FFE70298407822280DD1EB
:10BB5000FFE702988078222808D1FFE70298023098
:10BB600002900398C0F1040003900CE0039820B108
:10BB7000FFE70398022805D1FFE70398C0F1020010
:10BB80000390FFE7FFE755E0029800785C2817D1A3
:10BB9000FFE70298407827280AD0FFE7029840780C
:10BBA000222805D0FFE7029840785C2808D1FFE7FB
:10BBB000039820B1FFE7029801300290FFE738E0D8
:10BBC0000398A8BBFFE70298007801460091282857
:10BBD00014D0FFE70098292814D0FFE700985B28CD
:10BBE00014D0FFE700985D2814D0FFE700987B2869
:10BBF00014D0FFE700987D2814D017E00698013094
:10BC0000069014E006980138069010E0059801307F
:10BC100005900CE005980138059008E00498013083
:10BC2000049004E004980138049000E0FFE7FFE787
:10BC3000FFE7FFE7FFE7FFE702980130029045E7E3
:10BC40000398032804D0FFE70398042804D1FFE7F2
:10BC500001208DF827002FE00698002808DCFFE778
:10BC60000598002804DCFFE70498012807DBFFE7BC
:10BC7000039820B9FFE701208DF827001CE0029807
:10BC800010F8010C5C2804D1FFE701208DF8270093
:10BC900012E09DF81F00C00750B1FFE7029810F8AE
:10BCA000010C0A2804D0FFE701208DF8270003E0EB
:10BCB00000208DF82700FFE79DF827000AB080BD1F
:10BCC00080B5012000F008F880BD000080B502209A
:10BCD00000F002F880BD000080B582B000900099AD
:10BCE00040F60840C2F2010000EB8100D0F8AC0041
:10BCF000F9F774FBF0B9FFE7009940F60840C2F28B
:10BD0000010000EB8100D0F8AC00F9F7B3FAF0B114
:10BD1000FFE7009940F60840C2F2010000EB810005
:10BD2000D0F8AC00006846F60001C0F60401884275
:10BD30000DD1FFE7009940F60840C2F2010000EB88
:10BD40008100D0F8AC00FCF707FB019005E04CF255
:10BD5000DA00C0F604000190FFE7019802B080BD50
:10BD600080B58EB00C900B910A9209930B98002825
:10BD700018BF01200A99002918BF0121484001D0AD
:10BD8000FFE70BE04CF26B10C0F604004CF202210E
:10BD9000C0F6040140F28C52D8F734F90C98F7F74A
:10BDA0006DFD0890089846F23451C0F604018842AF
:10BDB00009D1FFE70C980B990A9A099BF7F790FABB
:10BDC0008DF83700CCE00898808810F4C07F2ED022
:10BDD000FFE70B9806282AD1FFE740F60841C2F298
:10BDE00001010020086208980FF0A0FC01460C98A1
:10BDF00088470790079809990860079820B1FFE7DE
:10BE000001208DF83700ABE040F60840C2F2010097
:10BE1000006A099908600998006820B9FFE7099944
:10BE200006200860FFE700208DF8370098E00B98A7
:10BE3000062814D1FFE70C98192104AAF4F7ACF8EE
:10BE4000049858B1FFE7002104AA0846EDF7EAFC80
:10BE50000999086001208DF8370081E0FFE70B9811
:10BE6000A8B1FFE70C988A2104AA0292F4F756F8C9
:10BE7000029A0B980690012003900021EDF7D2FC66
:10BE800001460398099A11608DF8370068E00A9816
:10BE900008B1FFE70BE04CF2CE10C0F604004CF204
:10BEA0000221C0F604014FF4B762D8F7ABF80A9844
:10BEB000F7F7E4FC45F67061C0F60401F9F798FB6A
:10BEC000B0B1FFE70C98472104AAF4F765F804988D
:10BED00068B1FFE70021019104AA0846EDF7A2FC32
:10BEE00001460198099A11608DF8370038E017E093
:10BEF0000C989B2104AAF4F74FF8049878B1FFE757
:10BF00000A98069001200090002104AAEDF78AFC0F
:10BF100001460098099A11608DF8370020E0FFE78C
:10BF20000A9846F28001C0F60401F6F7D7FD68B121
:10BF3000FFE746F23800C0F6040049F61561C0F686
:10BF40000401FAF79DF80999086005E00A98F4F7EA
:10BF50009BFA09990860FFE702208DF83700FFE798
:10BF60009DF837000EB080BD40F60840C2F20100D7
:10BF700090F8EA00B0FA80F04009704781B00020E4
:10BF8000009040F60840C2F20100B0F9E800B0F1BC
:10BF9000FF3F0ADCFFE740F60841C2F20101B1F8B9
:10BFA000E8000138A1F8E80008E040F60841C2F2D4
:10BFB00001014FF6FF70A1F8E800FFE701B07047FC
:10BFC00080B584B00020039040F60840C2F2010022
:10BFD000B0F9E80008B1FFE72EE040F60841C2F2F0
:10BFE00001014FF6FF70A1F8E800FFF7BDFFF8B9B7
:10BFF000FFE740F60841C2F2010191F8EB0001EBC6
:10C00000C002D2F8B800D2F8BC200292019091F898
:10C01000EB00013000F0030081F8EB0091F8EA003A
:10C02000013881F8EA0001980299EDF7B1FB00E0D0
:10C03000FFE700F04DF8FFE704B080BD84B0039047
:10C0400002910020019040F60840C2F2010090F8F1
:10C05000EA00042831D0FFE740F60840C2F20100B0
:10C06000B0F9E800012808D1FFE740F60841C2F224
:10C0700001010020A1F8E800FFE740F60841C2F204
:10C08000010191F8EA2091F8EB00531C81F8EA30A5
:10C09000104400F003008DF8020003989DF8022080
:10C0A000B83141F8320002989DF8022001EBC2013C
:10C0B000486001208DF8030003E000208DF80300A4
:10C0C000FFE79DF8030000F0010004B07047000096
:10C0D00082B00020019040F60840C2F20100B0F9A1
:10C0E000E800B0F1FF3F01DCFFE70AE04CF2384026
:10C0F000C0F604004CF25541C0F604018E22D7F779
:10C1000081FF40F60841C2F20101B1F8E8000130B8
:10C11000A1F8E800000400BBFFE740F60840C2F2C7
:10C120000100C06940B9FFE740F60840C2F20100D3
:10C1300090F8EA0040B1FFE740F60841C2F2010181
:10C140000020A1F8E80007E040F60841C2F2010132
:10C150000120A1F8E800FFE7FFE702B07047000008
:10C1600080B58AB0DDF830C008900791069205933B
:10C170000898022809D1FFE706980C99884204D054
:10C18000FFE700208DF8270067E0089820B1FFE75F
:10C190000898032816D1FFE70598049007980590A2
:10C1A000049807900C98039006980C9003980690BA
:10C1B000089818B9FFE70120089002E004200890D1
:10C1C000FFE7FFE706980C99884203D2FFE706983D
:10C1D000009002E00C980090FFE70098029007980A
:10C1E0000599029AD4F782FA01900898022807D19B
:10C1F000FFE70198B0FA80F040098DF827002CE0A5
:10C200000198B0F1FF3F04DCFFE700208DF8270024
:10C2100023E00198012804DBFFE701208DF82700C7
:10C220001BE006980C9988420AD0FFE706980C9903
:10C23000884204D2FFE700208DF827000DE008E0D7
:10C240000898012804D1FFE700208DF8270004E0BA
:10C25000FFE701208DF82700FFE79DF827000AB0CF
:10C2600080BD000080B58AB0DDF830C0089007912D
:10C27000069205930898022809D1FFE706980C99C1
:10C28000884204D0FFE700208DF8270077E0089867
:10C2900020B1FFE70898032816D1FFE7059804901E
:10C2A00007980590049807900C98039006980C90B6
:10C2B00003980690089818B9FFE70120089002E05B
:10C2C00004200890FFE7FFE706980C99884203D204
:10C2D000FFE70698009002E00C980090FFE70098B6
:10C2E000029000200190FFE70198029988422AD22B
:10C2F000FFE70798019A50F82200059951F822109B
:10C30000F6F7DCF908B1FFE719E00898022804D134
:10C31000FFE700208DF8270031E09DF82000079905
:10C32000019B51F82310059A52F82320EBF716FED3
:10C330001E38B0FA80F040098DF827001FE0019800
:10C3400001300190D0E706980C9988420AD0FFE7A7
:10C3500006980C99884204D2FFE700208DF8270048
:10C360000DE008E00898012804D1FFE700208DF8CF
:10C37000270004E0FFE701208DF82700FFE79DF884
:10C3800027000AB080BD000080B586B005900491FA
:10C390000392002002900190FFE7019804998842DF
:10C3A00012D2FFE70598019950F821000399F6F79A
:10C3B00085F920B1FFE7029801300290FFE7FFE71F
:10C3C000019801300190E8E702984000013006B082
:10C3D00080BD000080B586B0059004910498006887
:10C3E00003900498406802900498806801900021AE
:10C3F0000846FAF75FF900900198B0F1FF3F13DCAF
:10C40000FFE7FFE70398029988420CDBFFE70098FB
:10C410000599039A51F82210F9F718FA019903982F
:10C4200008440390EEE712E0FFE703980299884280
:10C430000CDAFFE700980599039A51F82210F9F7F2
:10C4400005FA0199039808440390EEE7FFE7009886
:10C4500006B080BD80B584B003900291019202982D
:10C460000399019AFAF78EFE01988068B0F1FF3FB8
:10C4700005DCFFE70199486801304860FFE7019853
:10C48000806801280ADBFFE701990868496888424B
:10C4900004DDFFE701990868486011E001988068B1
:10C4A000B0F1FF3F0BDCFFE701990868496888425B
:10C4B00005DAFFE70199086801304860FFE7FFE708
:10C4C000019880680138B0FA80F0400904B080BD5E
:10C4D00080B58AB009900891079206930698006883
:10C4E000F7F7CCF905900698406804900020039077
:10C4F000089802900798032816D3FFE70598089933
:10C50000069A92680123F1F7DBFF0390079804284D
:10C5100009D3FFE705980899069AD2680123F1F735
:10C52000CFFF0290FFE7FFE703980190FFE7019834
:10C530000299884213D2FFE70998019950F8210027
:10C540000499F6F7BBF828B1FFE7019840000130E5
:10C550000AB080BDFFE7019801300190E7E74CF297
:10C560000C50C0F60400FEF77DFE000080B586B0DA
:10C57000DDF820C005900491039202930020019001
:10C58000FFE701980299884212D2FFE704980399C5
:10C590004843009008980599009AD4F73DF9089807
:10C5A000009908440890FFE7019801300190E8E7FE
:10C5B00006B080BD80B582B0019001988068E8F730
:10C5C00057FF01990020086001994860019988602F
:10C5D00002B080BD80B582B00190009100980199B1
:10C5E0000860019900204860019800688000E8F721
:10C5F0005BFF0199886002B080BD000080B58AB001
:10C60000089007918DF81B200898006868B9FFE72B
:10C610009DF81B00C00720B1FFE7089800F0B4F8B0
:10C6200002E000200990ABE0FFE70799062000F048
:10C630009BFF40100590059A08980168B2FBF1F045
:10C6400000FB112004900498039000200290FFE763
:10C6500008988068049950F8210001900198E0B989
:10C66000FFE79DF81B00C007A0B1FFE7029838B9AB
:10C67000FFE708988068049900EB81000290FFE7CB
:10C68000089948680130486007980299086007983F
:10C69000099075E00020099072E0019804280BD100
:10C6A000FFE7029838B9FFE708988068049900EB23
:10C6B00081000290FFE72FE001980799F5F7FEFF50
:10C6C00048B3FFE79DF81B008007002820D5FFE74F
:10C6D0000899486801384860089802688068049999
:10C6E0004B1CB3FBF2F101FB123150F8210038B9B9
:10C6F000FFE708988168049A002041F8220006E0CC
:10C7000008988168049A042041F82200FFE7FFE7B7
:10C710000198099034E0FFE7FFE70498421C08986D
:10C720000168B2FBF1F000FB11200490049803991A
:10C73000884224D1FFE79DF81B00C007D8B1FFE76E
:10C74000029850B1FFE7089948680130486007989F
:10C75000029908600798099012E0089800F014F810
:10C76000059A08980168B2FBF1F000FB11200490D3
:10C770000390FFE702E00020099001E0FFE767E790
:10C7800009980AB080BD000080B586B00590059874
:10C79000006804900598806803900598006801304F
:10C7A000E6F730FC05990860059900200190486083
:10C7B000059800688000E8F777FE01460198059A21
:10C7C00091600290FFE70298049988421BD2FFE72C
:10C7D0000398029950F8210080B1FFE7039802996D
:10C7E00050F82100042809D0FFE705980399029A20
:10C7F00051F822100122FFF701FFFFE7FFE702983F
:10C8000001300290DFE70398E8F732FE06B080BD02
:10C8100080B584B0029000200190FFE70198029952
:10C820000968884233D2FFE70298019900F036F890
:10C8300040B3FFE702988068019950F8210000900A
:10C840000299486801384860029802688068019936
:10C850004B1CB3FBF2F101FB123150F8210038B947
:10C86000FFE702988168019A002041F8220006E063
:10C8700002988168019A042041F82200FFE700989D
:10C88000039007E0FFE7019801300190C6E7002020
:10C890000390FFE7039804B080BD000083B00290CE
:10C8A000019102988068019950F8211000200090B1
:10C8B00051B1FFE702988068019950F821000438CF
:10C8C00018BF01200090FFE7009800F0010003B0BE
:10C8D0007047000083B0029001910298806801992E
:10C8E00050F821100020009051B1FFE702988068B5
:10C8F000019950F82100043818BF01200090FFE78B
:10C90000009800F0010003B07047000080B584B0CB
:10C91000039002910192009303990868C0684860EF
:10C92000039901F11000886003980299019A009B15
:10C9300000F002F804B080BD80B5A8B02790269121
:10C940002592249327980068239027988089229025
:10C95000FFE7279A5068411C516000788DF86F00FE
:10C960009DF86F00C0F3C30021909DF86F00C0F3E5
:10C970008000209000201F909DF86F1001F00301AF
:10C980001E911D901C901A90FFE79DF86F00000605
:10C99000002849D5FFE7279A5068411C516000786C
:10C9A0008DF86F009DF86F0000F030001A99490073
:10C9B00000FA01F12198084321909DF86F0000F0E2
:10C9C00002001A9900FA01F12098084320909DF87E
:10C9D0006F00C0F380101A9900FA01F11F98084304
:10C9E0001F909DF86F0000F004001A9900FA01F101
:10C9F0001E9808431E909DF86F00C0F3C0001A995E
:10CA000000FA01F11D9808431D909DF86F0000F099
:10CA100001001A9900FA01F11C9808431C90FFE7E5
:10CA20001A9801301A90B0E7219801302190FFE761
:10CA3000FFE70020189019901690FFE7279A50689A
:10CA4000411C516000788DF85F009DF85F0000F098
:10CA50000100169900FA01F11898084318909DF802
:10CA60005F00C0F34500169901EB4101490000FA4F
:10CA700001F11998084319909DF85F0000060028FD
:10CA800001D4FFE704E0FFE7169801301690D5E7E0
:10CA9000FFE7279880680430159027990020C88107
:10CAA000159822998900D3F7D7FF2498269900EB8F
:10CAB000810014901598229A1E99C94311441D9A19
:10CAC000891A00EB8100139026981E9988421AD982
:10CAD000FFE79DF87C004007002805D4FFE7239876
:10CAE0001E99269AE4F764FD26981E9A801A2499C6
:10CAF00001EB8201FAF79CF813990A1F1392086060
:10CB00001E98269044E09DF87C004007002809D537
:10CB1000FFE71399081F139043F62810C0F604008E
:10CB20000860FFE7259890BBFFE79DF87C000007B1
:10CB300000282CD4FFE726981E991C9A891A88424F
:10CB40001DD3FFE726981290FFE712981E9988429E
:10CB500014D2FFE72398129A1E9B1C99C91A1144FC
:10CB600000EB810000691599229BD2431A4441F8D9
:10CB70002200FFE7129801301290E6E706E02398C2
:10CB80001E991C9A891A269AE4F712FDFFE7FFE71F
:10CB900000201190FFE71198269988420FD2FFE7F5
:10CBA0002498119A50F822001599229BD2431A44D6
:10CBB00041F82200FFE7119801301190EBE725982A
:10CBC00038B9FFE79DF87C000007002840F1498153
:10CBD000FFE7002010909DF87C008007002808D512
:10CBE000FFE72598F9F7AAF91090109813990860B3
:10CBF000FFE700200F90FFE70F98259988427DD22C
:10CC0000FFE714980F9950F831000E90279840686C
:10CC10000D900D98EDF79EFD0D9000200C90FFE714
:10CC20000C981E991D9A114488423AD2FFE70DA82C
:10CC3000EDF76CFD0B902398406880680B9930F8F5
:10CC400011000B900E980B99C9000231884223D134
:10CC5000FFE71598229A0C99C943114450F8210016
:10CC600068B1FFE7FFE70E98C20846F2EC00C0F695
:10CC7000040047F62B61C0F60401FEF70FFB149881
:10CC80000F9900EBC10040681599229B0C9AD24382
:10CC90001A4441F822002CE0FFE70C9801300C9078
:10CCA000BEE79DF87C00800700280CD4FFE70E98B3
:10CCB000C20846F2EC00C0F6040047F60A61C0F66E
:10CCC0000401FEF7EBFA1098F5F776FC0E990122B5
:10CCD000F3F7A8FC0A900A98406840B9FFE7149857
:10CCE0000F9900EBC10040680A99486000E0BAE77C
:10CCF000FFE7FFE70F9801300F907DE71598229925
:10CD00001E9A891A00EB8100099023981C9900EB68
:10CD100081000C3008901C980790FFE70798A0B19D
:10CD2000FFE70998006828B9FFE7089800680999A3
:10CD30000860FFE7FFE7079801380790099804307B
:10CD40000990089804380890E8E7FFE709981599D2
:10CD5000229A01EB8201884218D2FFE70998011D4F
:10CD60000991006888B9FFE71598229900EB8100C6
:10CD70000999401A821046F2EC00C0F6040047F60A
:10CD80005A61C0F60401FEF789FADFE72798406888
:10CD9000EDF7E0FC069000200590FFE705981E994E
:10CDA000884209D2FFE70698EDF7D4FC0690FFE72A
:10CDB000059801300590F1E700200490FFE7049802
:10CDC0001D9988424CD2FFE706A8EDF79FFC03901F
:10CDD000239840688068039930F8110003901598F3
:10CDE000229A1E99C9431144049A891A50F82100C5
:10CDF00088BBFFE7002002909DF87C000007002818
:10CE00000ED5FFE723981C9900EB810000690430E0
:10CE10000399C90002310022F3F704FC0290FFE7F6
:10CE2000029860B1FFE7029840681599229B1E9A0C
:10CE3000D2431A44049BD21A41F822000AE0039A12
:10CE400046F2EC00C0F6040047F6DA51C0F60401E1
:10CE5000FEF724FAFFE7FFE7049801300490AEE7FD
:10CE600015E01D9830B1FFE747F68C60C0F604006E
:10CE7000FEF7DEF99DF87C008007002806D5FFE765
:10CE80000020F9F75BF813990860FFE7FFE72798A0
:10CE90004068199908440190FFE71898D0B1FFE75E
:10CEA0000198411C0191007800901598229A0099F0
:10CEB000C943114450F82100F8F790FF1599229BBF
:10CEC000009AD2431A4441F82200FFE7189801382B
:10CED0001890E2E701982799486028B080BD0000CB
:10CEE00082B001900091019800280CD4FFE70098CF
:10CEF000B0F1FF3F06DCFFE700980199C04308440A
:10CF00000190FFE70AE00098002806D4FFE70099A7
:10CF10000198401A01300190FFE7FFE7019800995E
:10CF200090FBF1F002B0704782B00190009100993F
:10CF3000019A92FBF1F000FB112001900198B0F1F1
:10CF4000FF3F04DCFFE70098002809DCFFE70198B9
:10CF500001280ADBFFE70098B0F1FF3F05DCFFE79F
:10CF60000099019808440190FFE7019802B07047CA
:10CF700081B00090009840F60841C2F2010148607B
:10CF800001B0704781B00090009840F60841C2F2AD
:10CF90000101086001B0704780B586B0059004912A
:10CFA00003920598F6F76AFC02900298407B98B1CC
:10CFB000FFE704200090039801900298417B00EB6A
:10CFC00081000369059804996A469847009810B94A
:10CFD000FFE706B080BDFFE70598F6F76BFC024659
:10CFE000049B45F6E450C0F604004CF20611C0F66E
:10CFF0000401FEF753F9000080B582B00190009162
:10D00000F1F7CEFB0199C9000231009AF5F73EFB1A
:10D0100002B080BD80B582B001900091F3F7C2F8F4
:10D020000199C9000231009AF5F730FB02B080BDCA
:10D0300080B586B0059004910392059847F60C11CF
:10D04000C0F60401FDF7B0FE04980290049803991D
:10D0500008440190FFE70298019988425DD2FFE7FA
:10D0600002980078222805D0FFE7029800785C2813
:10D070000AD1FFE7059802990A784AF2CF11C0F663
:10D080000401FDF7C3FF43E00298007820280ADB83
:10D09000FFE7059802990A784AF2D011C0F6040118
:10D0A000FDF7B4FF33E0029800780A2808D1FFE7C3
:10D0B00005984AF20F31C0F60401FDF775FE25E030
:10D0C000029800780D2808D1FFE705984AF25C31F4
:10D0D000C0F60401FDF768FE17E002980078092801
:10D0E00008D1FFE705984AF2CD41C0F60401FDF7EB
:10D0F0005BFE09E0059802990A784AF26851C0F689
:10D100000401FDF783FFFFE7FFE7FFE7FFE7FFE726
:10D11000FFE70298013002909DE7059847F60C1151
:10D12000C0F60401FDF740FE06B080BD80B58AB0B0
:10D130000990089107928DF81B3000208DF81A0095
:10D140008DF81900089805900898079908440490EC
:10D15000FFE79DF819100020C907009041B9FFE7CB
:10D160000599049A0020914238BF01200090FFE702
:10D170000098C007C0B1FFE705980078272804D1C0
:10D18000FFE701208DF81A0009E0059800782228B1
:10D1900004D1FFE701208DF81900FFE7FFE7FFE763
:10D1A000059801300590D4E7272003909DF81A00D8
:10D1B000C00740B1FFE79DF81900C00718B9FFE7A5
:10D1C00022200390FFE70998039A4AF2D011C0F693
:10D1D0000401FDF71BFF089802900898079908447E
:10D1E0000190FFE702980199884275D2FFE7029803
:10D1F00000780399884209D1FFE70998039A4AF217
:10D20000CF11C0F60401FDF701FF60E0029800783D
:10D210005C2808D1FFE709984AF2C711C0F604015B
:10D22000FDF7C2FD52E002980078202819DBFFE7E5
:10D23000029800787F2814D0FFE79DF81B00C007F4
:10D2400028B1FFE7029800787F280ADCFFE70998F9
:10D2500002990A784AF2D011C0F60401FDF7D6FE11
:10D2600033E0029800780A2808D1FFE709984AF2CB
:10D270000F31C0F60401FDF797FD25E00298007814
:10D280000D2808D1FFE709984AF25C31C0F6040185
:10D29000FDF78AFD17E002980078092808D1FFE71A
:10D2A00009984AF2CD41C0F60401FDF77DFD09E081
:10D2B000099802990A784AF26151C0F60401FDF713
:10D2C000A5FEFFE7FFE7FFE7FFE7FFE7FFE7FFE771
:10D2D00002980130029085E70998039A4AF2D0112A
:10D2E000C0F60401FDF792FE0AB080BD80B582B0A1
:10D2F000019000910098006800F002F802B080BD33
:10D3000080B584B003900398F1F748F90290029831
:10D31000D0F808C003980421002201ABE047009038
:10D320000098013018B9FFE70198FDF761FF06206A
:10D3300004B080BD80B58CB084460E98CDF828C06E
:10D340000991089207938DF81B00099805900A9897
:10D35000F1F724F903909DF81B008007002804D5FD
:10D36000FFE703984068049003E003980068049086
:10D37000FFE70799002008600290FFE70898D8B3FC
:10D38000FFE7DDF810C00A980599089A079BE04767
:10D390000190019818B9FFE702980B902FE00198CF
:10D3A0000130A0B9FFE7079800680B2805D0FFE718
:10D3B000079800680B2807D1FFE7029820B1FFE724
:10D3C000079900200860FFE702980B9017E09DF88E
:10D3D0001B00C00718B1FFE701980B900FE00199FF
:10D3E00005980844059001990898401A08900199F9
:10D3F000029808440290C1E702980B90FFE70B984F
:10D400000CB080BD80B58AB0089007910692059354
:10D4100007980390069804900898F1F7BFF80290D7
:10D420000298D0F808C00898059B022103AAE0479B
:10D4300001900198013020B9FFE74FF0FF300990CB
:10D4400002E003980990FFE709980AB080BD000048
:10D4500080B584B00290012002A90CF0CDF80190B3
:10D460000198F8F737F918B1FFE70198039002E047
:10D4700000200390FFE7039804B080BD80B588B01A
:10D480000690059104928DF80F3006980599049A3C
:10D490009DF80F30EC46CCF8003002ABFFF74AFFA6
:10D4A0000190029870B1FFE702980B2804D0FFE7C3
:10D4B00002980B2803D1FFE70620079007E00298A7
:10D4C000FDF796FE0198400001300790FFE70798AE
:10D4D00008B080BD80B584B003900291019203989A
:10D4E0000299019A0223FFF7C9FF04B080BD000032
:10D4F00080B582B001900091019838B9FFE746F2FB
:10D50000C800C0F604000021FDF7B6FE00980168CF
:10D5100046F2C800C0F60400FDF7D8FE80B586B01C
:10D520000590049145F62850C0F604000390059834
:10D53000022809D3FFE7049840680221F1F738F880
:10D54000049840680390FFE7039801904DF2D5409E
:10D55000C0F6020002900498016801A8F9F754FD92
:10D56000062006B080BD000080B58CB08DF82B0081
:10D5700009919DF82B00032809D1FFE70998F8F7D6
:10D58000A9F880F00100F8F7A5FB0B9012E10998CB
:10D59000F7F7BCFF002860D0FFE70998401008901B
:10D5A0009DF82B000146029108283ED80299DFE839
:10D5B00001F010133C3C053C0D2410000898002895
:10D5C00018BF0120F8F786FB0B90F3E009980B9049
:10D5D000F0E009980B90EDE00898B0F1404F06D1CB
:10D5E000FFE708984042F8F7A5FF0B90E2E00899A2
:10D5F0000120A0EB41000B90DCE00898002803D448
:10D60000FFE709980B90D5E00898B0F1404F06D19C
:10D61000FFE708984042F8F78DFF0B90CAE00899A1
:10D620000120A0EB41000B90C4E09DF82B000228E4
:10D6300001D1FFE70BE04CF2E910C0F604004CF218
:10D640000221C0F6040140F24712D6F7DBFC08982D
:10D65000C043400001300B90ACE09DF82B00062841
:10D6600053D1FFE70998F7F7C5FEF0B9FFE709982E
:10D67000F7F70CFE002848D0FFE709980068007B08
:10D6800040B1FFE709980068017B00EB8100006969
:10D69000019002E000200190FFE7019847F2D131AC
:10D6A000C0F60201884230D1FFE70998F7F7A2FEE1
:10D6B00030B1FFE70998C00805F01EFB079003E0B2
:10D6C000099840680790FFE70798C8B9FFE70998ED
:10D6D000F7F790FE38B1FFE70998C00805A905F0F3
:10D6E0002FF9069006E00998806805900998C068AF
:10D6F0000690FFE70698059905F0F8F80790FFE710
:10D700000798400001300B9054E00998F6F7B6F8FE
:10D7100004900498C07A88B1FFE70498C17A00EBBE
:10D72000810002699DF82B000999904703900398A6
:10D7300018B1FFE703980B903CE00AE09DF82B003E
:10D74000062805D1FFE70998400001300B9031E031
:10D75000FFE79DF82B00042803D1FFE71E200B9064
:10D7600028E09DF82B0008280AD0FFE79DF82B0041
:10D77000092805D0FFE79DF82B000A2803D1FFE711
:10D7800000200B9016E09DF82B1046F6E800C0F63E
:10D790000400405C00900998F6F78CF8009A034664
:10D7A00046F2EC00C0F604004CF24D11C0F6040144
:10D7B000FDF774FD0B980CB080BD000080B590B0F3
:10D7C0000F900E910D929DF838000C909DF8390045
:10D7D0000B90002070B9FFE70F98F7F757FD48B19D
:10D7E000FFE70F98006846F67801C0F6040188420A
:10D7F00013D0FFE70020002860D1FFE70F98F7F76C
:10D8000045FD00285AD0FFE70F98006846F2CC513A
:10D81000C0F60401884251D1FFE70F98099009989A
:10D820000AA908AAF5F704FE0A980C990B9A114464
:10D83000884201D2FFE7A7E000200790FFE70798A2
:10D840000B9988420FD2FFE708980A9B079AD143A9
:10D85000194450F821000D9941F82200FFE707987C
:10D8600001300790EBE70A980C9A801A0B99401A3E
:10D87000089901EB8201F8F71DFF0D990B9A41F809
:10D88000220000200690FFE706980C99884212D2E9
:10D89000FFE708980C9A069BD943114450F82100E1
:10D8A0000D990B9A1A4401EB82014860FFE7069834
:10D8B00001300690E8E70020099063E00F9800210E
:10D8C0000191F0F7B3FE0146019805910A90FFE738
:10D8D0000A980C99884216D2FFE70598F1F7CAFD1D
:10D8E0000490049808B9FFE74EE004980D990C9A4B
:10D8F0000B9B1A440A9BD21A41F82200FFE70A98B0
:10D9000001300A90E4E700210846F8F7D3FE0390BF
:10D91000FFE70598F1F7AEFD049028B1FFE7039803
:10D920000499F7F793FFF4E7039880680B9988420E
:10D9300001D2FFE728E003980D990B9A41F82200E5
:10D9400000200290FFE702980B99884213D2FFE76C
:10D9500003988168C0680B9BC91A029A114450F859
:10D9600021000D99D2431A4441F82200FFE70298A2
:10D9700001300290E7E7039881680B9A891AF8F75B
:10D980001BF8FFE710B080BD0A9A46F23410C0F6CB
:10D9900004004CF21B31C0F60401FDF77FFC0000CF
:10D9A00080B58CB00B900A910992002070B9FFE706
:10D9B0000B98F7F76BFC48B1FFE70B98006846F649
:10D9C0007801C0F60401884211D0FFE70020C0BBF7
:10D9D000FFE70B98F7F75AFC98B3FFE70B9800683E
:10D9E00046F2CC51C0F6040188422AD1FFE70B98D9
:10D9F00008A907AAF5F71CFD08980A99884201D2E0
:10DA0000FFE749E008980A99884201D9FFE74EE00C
:10DA1000FFE700200690FFE706980A9988420FD298
:10DA2000FFE707980A9B069AD143194450F8210052
:10DA3000099941F82200FFE7069801300690EBE7CC
:10DA400028E00B9802A9F0F7F1FD01900020089062
:10DA5000FFE708980A99884215D2FFE70198F1F785
:10DA600009FD0090009808B9FFE715E000980999B2
:10DA70000A9B089AD2431A4441F82200FFE708980B
:10DA800001300890E5E70198F1F7F4FC08B1FFE7F1
:10DA90000DE0FFE70CB080BD089A46F23410C0F6E6
:10DAA00004004CF21B31C0F60401FDF7F7FB0A9AA3
:10DAB00046F23410C0F604004CF2A611C0F6040180
:10DAC000FDF7ECFB70B59EB01D921C901B910020E1
:10DAD0001A90FFE71B981990FFE71998017800202A
:10DAE000099039B1FFE719980078253818BF01204F
:10DAF0000990FFE70998C00720B1FFE719980130A6
:10DB00001990EAE719981B99884210D9FFE71C99E8
:10DB100008684B681B99199A521A984719981B99CB
:10DB2000411A1A9808441A9019981B90FFE71B98FD
:10DB3000007808B9FFE751E21B9801301B900020E4
:10DB4000189020208DF85F00FFE71B98007898B3AD
:10DB5000FFE71B9800782D2805D1FFE7189840F0C3
:10DB60000100189024E01B9800782B2805D1FFE7CE
:10DB7000189840F00200189019E01B9800782028AF
:10DB800005D1FFE7189840F0040018900EE01B98AC
:10DB90000078302808D1FFE7189840F0100018905E
:10DBA00030208DF85F0000E006E0FFE7FFE7FFE7C9
:10DBB0001B9801301B90C8E700201690FFE71B98C8
:10DBC000017800203029089008DBFFE71B980178D6
:10DBD00000203A29B8BF01200890FFE70898C00745
:10DBE00070B1FFE7169800EB80011B98007800EBFE
:10DBF000410030381690FFE71B9801301B90DEE79C
:10DC00004FF0FF3015901B9800782E283FD1FFE78A
:10DC10001B9801301B901B9800782A2809D1FFE738
:10DC20001B9801301B901D98011D1D9100681590D7
:10DC300024E000201590FFE71B9801780020302990
:10DC4000079008DBFFE71B98017800203A29B8BF4E
:10DC500001200790FFE70798C00770B1FFE715980C
:10DC600000EB80011B98007800EB410030381590E4
:10DC7000FFE71B9801301B90DEE7FFE71598B0F136
:10DC8000FF3F03DCFFE700201590FFE7FFE71B984D
:10DC900000786C2804D1FFE71B9801301B90FFE748
:10DCA0001B98007808B9FFE798E11B980078453881
:10DCB00001460691332800F266810699DFE811F0EB
:10DCC0003E013E013E0163016301630163016301A3
:10DCD000630163016301EE0063016301630163019A
:10DCE000630163016301EE0063016301630163018A
:10DCF0006301630163016301630134006700EE00A7
:10DD00003E013E013E016301630163016301630162
:10DD1000630163016301EE0081006301AA006301F6
:10DD2000EE0063016301EE001D98011D1D91006866
:10DD3000B0B1FFE71C98189B9DF85F10DDF858C044
:10DD40006A46C2F804C0116049F29851C0F6040155
:10DD50000422FDF73FF801461A9808441A9015E08E
:10DD60001C98189B9DF85F10DDF858C06A46C2F8F1
:10DD700004C0116049F29251C0F604010522FDF77A
:10DD800029F801461A9808441A90FFE722E11D98E5
:10DD9000011D1D9100688DF853001C98189B9DF87B
:10DDA0005F10DDF858C06A46C2F804C011600DF17A
:10DDB00053010122FDF70EF801461A9808441A9003
:10DDC00008E11D98011D1D9100681390139812A978
:10DDD00004F0B6FD11901598002808D4FFE71598B7
:10DDE0001299884203D2FFE715981290FFE71C981A
:10DDF0001199129A189B9DF85FC0169CEE46CEF8BA
:10DE00000440CEF800C0FCF7E5FF01461A9808442C
:10DE10001A90DFE01D98011D1D9100681090159863
:10DE2000C8B1FFE71098B0B9FFE71C98189B9DF8A0
:10DE30005F10DDF858C06A46C2F804C0116049F2AC
:10DE40003051C0F604010622FCF7C4FF01461A98BF
:10DE500008441A90BEE01098D2F774FC0F90159801
:10DE6000002808D4FFE715980F99884203D2FFE7EE
:10DE700015980F90FFE71C9810990F9A189B9DF822
:10DE80005FC0169CEE46CEF80440CEF800C0FCF70A
:10DE9000A1FF01461A9808441A909BE01B9800784D
:10DEA0008DF83B009DF83B00702805D0FFE79DF8FA
:10DEB0003B00502806D1FFE71D98011D1D91006809
:10DEC0000D9005E01D98011D1D9100680D90FFE764
:10DED0009DF83B0000F0F0000F388DF82F009DF802
:10DEE0003B00642805D0FFE79DF83B00752803D16F
:10DEF000FFE70A200C9002E010200C90FFE71C982E
:10DF00000D999DF83B20643AB2FA82F252090C9BBB
:10DF10009DF82FC0189C9DF85F50169EEE46CEF8D7
:10DF20000C60CEF80850CEF80440CEF800C0FCF7E4
:10DF30006FFC01461A9808441A904BE01D98073070
:10DF400020F0070000F108011D9190ED000B51EC4D
:10DF5000100B13F0E7FA0A901C989DED0A0A1B9922
:10DF60000978189A9DF85F30DDF858C0159CEE4688
:10DF7000CEF80440CEF800C0FCF79CFB01461A988E
:10DF800008441A9026E01B980078252801D1FFE765
:10DF90000BE049F20950C0F6040049F26A51C0F69C
:10DFA000040140F26D22D6F72DF81B98017801206C
:10DFB0002529059003D0FFE700200590FFE705988D
:10DFC0001C9908684B681B99012298471A980130E0
:10DFD0001A90FFE71B9801301B907BE51A981EB042
:10DFE00070BD000086B0DDF818C005900491039262
:10DFF0000293059801900020009006990398401A1A
:10E000000390FFE70698E0B1FFE7049800880299C3
:10E0100009880144009808440090009805990880F8
:10E02000BDF802000090FFE70698013806900598B9
:10E030000230059004980230049002980230029059
:10E04000E0E7FFE70398B0B1FFE704980188009884
:10E0500008440090009805990880BDF802000090DF
:10E06000FFE7039801380390059802300590049863
:10E0700002300490E6E7009830B1FFE70098059978
:10E080008A1C05920880FFE705980199401A401004
:10E0900006B0704780B586B0059004910392029354
:10E0A00005980190FFE70298A8B1FFE7049800885F
:10E0B00003990988084005990880FFE7029801380C
:10E0C000029005980230059004980230049003985D
:10E0D00002300390E7E70198059900F0BDFB06B018
:10E0E00080BD000080B588B0DDF834C0DDF830C0F8
:10E0F000DDF82CC0DDF828C0079006910592049346
:10E10000079803900B98002818BF4FF6FF70ADF8E2
:10E110000A000C98002818BF4FF6FF70ADF80800F1
:10E120000D98002818BF4FF6FF70ADF80600FFE706
:10E130000598002841D0FFE706980088BDF8081030
:10E1400041400C9808440C900A9801380A900599AF
:10E1500001390591884209D8FFE70498811C049190
:10E160000088BDF806104840009003E0BDF80600A6
:10E170000090FFE700990D9808440D90BDF830001D
:10E18000BDF834100840BDF80A1041400B9808440F
:10E190000B900B9807990880BDF836000D90BDF8DC
:10E1A00032000C90BDF82E000B90FFE7079802306C
:10E1B0000790069802300690BAE70B9830B1FFE757
:10E1C0000B9807998A1C07920880FFE70398079924
:10E1D00000F042FB08B080BD86B00490039102922B
:10E1E000019303980199884204D2FFE74FF0FF3072
:10E1F000059039E003980199884203D9FFE701208F
:10E20000059031E00399049800EB410004900399D4
:10E21000029800EB41000290FFE7039808B3FFE784
:10E220000498811E049130F8020C02998A1E029211
:10E2300031F8021C401A00900098B0F1FF3F04DC56
:10E24000FFE74FF0FF3005900EE00098012803DB58
:10E25000FFE70120059007E0FFE7039801380390EE
:10E26000DBE700200590FFE7059806B07047000047
:10E2700080B59AB0DDF874C0DDF870C019901891BF
:10E2800017921693199815901C9814900020ADF8C9
:10E290004E00199818990968179A169BFFF79CFF6A
:10E2A0001190119848B9FFE71899002008601C994F
:10E2B000012008801D99086088E11198B0F1FF3FA6
:10E2C00004DCFFE71D99002008607FE1FFE7179855
:10E2D000169900EB410030F8020CADF84200FFE760
:10E2E000BDF84200000400280BD4FFE7BDF842004F
:10E2F0004000ADF84200BDF84E000130ADF84E00D0
:10E30000EEE7199918980268002021F81200189A6F
:10E3100011680131116019990F91ADF83A00FFE7CA
:10E320000F981999189A126801EB420188421CD281
:10E33000FFE70F980088ADF83800BDF83800BDF849
:10E340004E108840BDF83A1008430F990880BDF878
:10E350003800BDF84E10C1F11001C840ADF83A00C8
:10E36000FFE70F9802300F90DAE71798169900EB45
:10E37000410030F8020CBDF84E10884012901698FB
:10E38000022810D3FFE71798169900EB410030F8E8
:10E39000040CBDF84E10C1F1100120FA01F11298E1
:10E3A00008431290FFE718980168199800EB4100A4
:10E3B00002381990189800681699401A1D9908603B
:10E3C0001D9801681C9800EB410002381C90FFE783
:10E3D000189800681699884240F29480FFE71998CF
:10E3E00050F8020C0D9012990D98B0FBF1F00D90C1
:10E3F00017980C9000200B900A9019981699A0EB92
:10E4000041000990FFE70998199988422BD2FFE74C
:10E410000C980088BDF84E108840BDF82E100843B7
:10E420000B900D98BDF82C1048430890BDF82800BB
:10E43000099909880844BDF82010401A07900798E8
:10E4400009990880BDF92A00BDF82210401ABDF9CB
:10E450001E1008440A90FFE70998023009900C98B2
:10E4600002300C90CFE7199801880A9808440A9066
:10E47000FFE70A98C0B3FFE717980C9000200B90B5
:10E48000069019981699A0EB41000590FFE70598B2
:10E49000199988421FD2FFE70C980088BDF84E10EA
:10E4A0008840BDF82E1008430B9005980088BDF8F1
:10E4B0002C10014406980844069006980599088097
:10E4C000BDF81A000690FFE70598023005900C98F9
:10E4D00002300C90DBE706990A9808440A90FFE79F
:10E4E0000D9801380D90C4E70D981C9908801C9870
:10E4F00002381C9019980238199018990868013848
:10E50000086065E715981899096800EB4100023822
:10E5100004900020ADF80E00FFE70498159988429A
:10E520001CD3FFE704980088ADF80C00BDF80C0080
:10E53000BDF84E10C840BDF80E100843049908807D
:10E54000BDF80C00BDF84E10C1F110018840ADF8C7
:10E550000E00FFE7049802380490DEE7FFE71D98FD
:10E5600001680020029061B1FFE714981D990968C5
:10E5700000EB410030F8020CB0FA80F04009029044
:10E58000FFE70298C00728B1FFE71D990868013826
:10E590000860E4E7FFE7189801680020019061B186
:10E5A000FFE715981899096800EB410030F8020C54
:10E5B000B0FA80F040090190FFE70198C00728B148
:10E5C000FFE71899086801380860E4E71AB080BDD1
:10E5D0008AB0DDF828C0099008910792069309983F
:10E5E000059000200490FFE70A98002841D0FFE73B
:10E5F00009980390002002900798019008980090D5
:10E60000FFE70198E0B1FFE70398028800980088CF
:10E610000699098800FB012102980844029002989B
:10E6200003990880BDF80A000290FFE701980138BD
:10E630000190009802300090039802300390E0E7C8
:10E64000029830B1FFE7029803998A1C0392088070
:10E65000FFE703980599401A40100490FFE70A98D5
:10E6600001380A9009980230099006980230069005
:10E67000BAE704980AB0704785B004900391ADF8EA
:10E680000A20ADF8083004980190BDF80800009009
:10E69000FFE70398B0B1FFE704980088BDF80A10BF
:10E6A000009A00FB01200090009804990880BDF8B2
:10E6B00002000090FFE703980138039004980230AD
:10E6C0000490E6E7009830B1FFE7009804998A1CAF
:10E6D00004920880FFE704980199401A401005B0A1
:10E6E0007047000085B0DDF814C0049003910292D9
:10E6F00001930498009005990298401A0290FFE750
:10E700000598A8B1FFE70398008801990988084394
:10E7100004990880FFE705980138059004980230B5
:10E720000490039802300390019802300190E7E7CB
:10E73000FFE7029878B1FFE7039800880499088002
:10E74000FFE7029801380290049802300490039881
:10E7500002300390EDE704980099401A401005B08C
:10E760007047000080B588B0DDF830C0DDF82CC0FF
:10E77000DDF828C00790069105920493079803904E
:10E78000012002900B98002818BF4FF6FF70ADF8DB
:10E7900006000C98002818BF4FF6FF70ADF8040073
:10E7A000FFE70598002841D0FFE706980088BDF8EC
:10E7B000061041400B9808440B900A9801380A90C3
:10E7C000059901390591884209D8FFE70498811C11
:10E7D00004910088BDF804104840009003E0BDF8A3
:10E7E00004000090FFE700990C9808440C90BDF8D5
:10E7F0002C00BDF8301008434FF6FF7141400298DD
:10E8000008440290029807990880BDF832000C90E5
:10E81000BDF82E000B90BDF80A000290FFE70798A4
:10E8200002300790069802300690BAE7029808B9BD
:10E83000FFE70BE049F2D450C0F6040049F20F6143
:10E84000C0F604014FF4A172D5F7DCFB03980799D9
:10E8500000F002F808B080BD83B0029001910198E9
:10E8600002380190FFE70199029A0020914200903E
:10E8700007D3FFE701980088B0FA80F040090090C4
:10E88000FFE70098C00728B1FFE7FFE701980238CB
:10E890000190E8E701980299401A0230401003B055
:10E8A0007047000080B58AB00990089107920693DE
:10E8B00006980F3000090590069800F00F000490AC
:10E8C000049818B9FFE710200490FFE7079805990E
:10E8D0000144099800EB4100023809900799089813
:10E8E00000EB410002380890002003900798029046
:10E8F000FFE70298D0B1FFE7089801880398084322
:10E90000039003980499C1F11001C8400999088047
:10E91000039800040390FFE70298013802900998D9
:10E9200002380990089802380890E2E703980499A1
:10E93000C1F11001C8400999088005990998A0EB18
:10E940004100023009900998059A6FF0010101EB2E
:10E950004201D2F75FF80599079808440790FFE74E
:10E9600007990020019059B1FFE70998079900EB3A
:10E97000410030F8020CB0FA80F040090190FFE746
:10E980000198C00720B1FFE7079801380790E7E733
:10E9900007980AB080BD000089B0079006910592E3
:10E9A0000493049800090390049800F00F0002906B
:10E9B00003980599884203D3FFE7002008903AE0C6
:10E9C0000399069800EB4100069003990598401AB8
:10E9D000059005980190FFE7019800B3FFE70698BE
:10E9E000008800900198022807D3FFE70698418825
:10E9F000009840EA01400090FFE702990098C84063
:10EA00000090009807990880FFE70198013801906D
:10EA1000079802300790069802300690DCE70798C6
:10EA200030F8020C20B9FFE7059801380590FFE7A0
:10EA300005980890FFE7089809B0704780B586B040
:10EA4000DDF820C00590049103920293059801908F
:10EA50000020009008990398401A0390FFE7089857
:10EA6000E0B1FFE70498008802990988411A0098EC
:10EA700008440090009805990880BDF902000090B4
:10EA8000FFE708980138089005980230059004982F
:10EA900002300490029802300290E0E7FFE703980A
:10EAA000B0B1FFE7049801880098084400900098EE
:10EAB00005990880BDF902000090FFE7039801382E
:10EAC0000390059802300590049802300490E6E720
:10EAD00001980599FFF7C0FE06B080BD80B586B0ED
:10EAE000DDF820C0059004910392029305980190EF
:10EAF00008990398401A0390FFE70898A8B1FFE728
:10EB00000498008802990988484005990880FFE721
:10EB10000898013808900598023005900498023052
:10EB20000490029802300290E7E7FFE7039878B17B
:10EB3000FFE70498008805990880FFE703980138EB
:10EB40000390059802300590049802300490EDE798
:10EB500001980599FFF780FE06B080BD80B586B0AC
:10EB6000DDF82CC0DDF828C0DDF824C0DDF820C0B9
:10EB7000059004910392029305980190FFE7039892
:10EB800000283ED0FFE7049800880A9908444FF611
:10EB9000FF7108440A9008980138089003990139D8
:10EBA0000391884209D8FFE70298811C02910088EE
:10EBB0004FF6FF710844009003E04FF6FF7000909D
:10EBC000FFE700990B9808440B90BDF82800BDF8AA
:10EBD0002C1041400998084409900998059908802B
:10EBE000BDF82E000B90BDF82A000A90BDF8260053
:10EBF0000990FFE7059802300590049802300490D0
:10EC0000BDE7099830B1FFE7099805998A1C05927C
:10EC10000880FFE701980599FFF71EFE06B080BD4A
:10EC200080B582B00190009101980099884205D08A
:10EC3000FFE70198009900F069FFFFE70199086874
:10EC400020F00100086002B080BD000080B586B0F1
:10EC5000059004910392049841688068039A536870
:10EC60009268FFF7B9FAB0F1FF3F07DCFFE70498BD
:10EC700002900398049002980390FFE704980068BC
:10EC800000F001000399096801F00101884217D1E1
:10EC9000FFE7059804994968013100F05BFD05988C
:10ECA000806804994A688968039BD3F804C09B680C
:10ECB000EE46CEF800C0FFF795F90599486015E0DB
:10ECC00005980499496800F045FD05988068049905
:10ECD0004A688968039BD3F804C09B68EE46CEF867
:10ECE00000C0FFF7ABFE05994860FFE70498026893
:10ECF000059908684B68002B18BF01231A4020F0C3
:10ED000001001044086006B080BD000070B588B0F6
:10ED100007900691059206984068059949688842CF
:10ED200007D2FFE70698049005980690049805908E
:10ED3000FFE706980078C007D8B9FFE70598007884
:10ED4000C007B0B9FFE707980699496800F002FDCF
:10ED50000798806806998968059A53689268FFF752
:10ED600099F9079948600799086820F00100086040
:10ED700034E0079806994968013100F0EBFC0798E8
:10ED800080680699D1F800E04A688968059BD3F845
:10ED900000C05C689B680EF001050CF00106A5EB55
:10EDA000060CBCFA8CFC4FEA5C1CEE46CEF80C60FC
:10EDB000CEF80850CEF80040CEF804C0FFF792F924
:10EDC00007994860069801680598006800EA010202
:10EDD0000799086862F300000860FFE708B070BD9B
:10EDE00080B590B0DDF848C00F908DF83B108DF8DD
:10EDF0003A200D9312980C909DF83B00C00728B163
:10EE0000FFE70D990C9808440C90FFE70F98806875
:10EE10000B9000200A900990012008900D9907910D
:10EE20008DF81B000F9840680590FFE705980028B3
:10EE30005FD0FFE70A9810300A9009990B98821C5E
:10EE40000B92008840EA01400990FFE70A980828E1
:10EE50004ADBFFE70998ADF812000F980078C00769
:10EE600060B1FFE79DF8120080F0FF0008990844A8
:10EE7000ADF812009DF813000890FFE70798A0B9BD
:10EE8000FFE79DF81B100020C907039039B1FFE789
:10EE90009DF81200B0FA80F040090390FFE7039854
:10EEA00000F001008DF81B0017E09DF83B00C00743
:10EEB00040B1FFE79DF812000C994A1E0C9201F830
:10EEC000010C06E09DF812000C994A1C0C92087087
:10EED000FFE7079801380790FFE70A9808380A907B
:10EEE0000998000A0990B1E7FFE7059801380590F5
:10EEF0009CE79DF83A00C00798B3FFE7079880BBEE
:10EF0000FFE70D9868B3FFE79DF83B00C00720B10D
:10EF1000FFE712980078029006E012990D980844D5
:10EF200010F8010C0290FFE702988DF811009DF88F
:10EF30001B100020C907019069B1FFE79DF811106F
:10EF40000F98006800F00100A0EBD110B0FA80F03B
:10EF500040090190FFE7019800F001008DF81B00C7
:10EF600016E09DF83B00C00718B1FFE7129800902B
:10EF700002E00C980090FFE700980F99096801F0F3
:10EF80000102002A18BFFF220799D1F73BFDFFE7D6
:10EF90009DF81B0000F0010010B080BD83B002900E
:10EFA0000020019002984168806800EB41000090C9
:10EFB000FFE7009802998968884214D9FFE7009812
:10EFC000023800909DED010A0098008801EE100AB9
:10EFD000B8EEC11A9FED0C2A20EE020A30EE010AAB
:10EFE0008DED010AE5E702980078C00738B1FFE728
:10EFF0009DED010AB1EE400A8DED010AFFE79DED9E
:10F00000010A03B0704700BF0000804785B003903D
:10F0100002910020019003984168806800EB410054
:10F020000090FFE7009803998968884213D9FFE7A9
:10F030000198B0F5004F04D3FFE700208DF81300CE
:10F0400019E000980238009001990098008840EA81
:10F0500001400190E6E703980078C00720B1FFE780
:10F06000019840420190FFE7019802990860012051
:10F070008DF81300FFE79DF8130005B070470000FE
:10F0800080B594B0844617981698CDF848C0119171
:10F0900010928DF83F308DF83E00179808B1FFE7C9
:10F0A0000BE049F20360C0F6040049F20F61C0F6BC
:10F0B000040140F28A62D4F7A5FF1198022805D313
:10F0C000FFE71198202801D8FFE70BE049F2E05054
:10F0D000C0F6040049F20F61C0F6040140F28B62F1
:10F0E000D4F790FF119900200229029007D3FFE77F
:10F0F00011990020212938BF01200290FFE70298D2
:10F10000129840680E90119904200A2908BF032024
:10F110000D9017980C900E98F8B9FFE7109878B1F9
:10F12000FFE7FFE71098007848B1FFE71098411C0F
:10F13000109100780C994A1C0C920870F2E7FFE7D6
:10F140000C99481C0C90302008700C990020087015
:10F150000C981799401A1390D1E00E984000E6F7EA
:10F160008FF90B900B98129989680E9A5200D1F77B
:10F1700053FB17980A90FFE70B980E9900EB41009C
:10F18000089000200790FFE70898023808900B9934
:10F19000884214D3FFE707990898008840EA0140A5
:10F1A000079007981199B0FBF1F008990880119920
:10F1B000079AB2FBF1F000FB11200790E4E70798F3
:10F1C0003030079007983A2807D3FFE79DF83F00B3
:10F1D000079908443A380790FFE707980C994A1CAA
:10F1E0000C92087001208DF827000B980890FFE71B
:10F1F00008980B990E9A01EB420188420DD2FFE765
:10F200000898008820B1FFE700208DF8270004E06F
:10F21000FFE7089802300890EAE79DF82700C0074A
:10F22000A0B9FFE79DF83E0080B1FFE70C980A996E
:10F23000401A0D99884209D1FFE79DF83E000C99CC
:10F240004A1C0C9208700C980A90FFE7FFE79DF8A3
:10F250002700C00700283FF48FAFFFE70B98E6F7C1
:10F2600007F91098C8B1FFE710980190D1F76AFA32
:10F270000146019808440690FFE7069810998842D5
:10F280000AD9FFE70698411E069110F8010C0C9967
:10F290004A1C0C920870F0E7FFE712980078C0074C
:10F2A00030B1FFE70C99481C0C902D200870FFE747
:10F2B000179805900C9801380490FFE70598049979
:10F2C000884214D2FFE7059800788DF80F00049863
:10F2D0000078059908709DF80F0004990870FFE701
:10F2E000059801300590049801380490E6E70C99E0
:10F2F000002008700C981799401A1390FFE7139894
:10F3000014B080BD80B584B00390039801680020DC
:10F31000B0EB910F01D0FFE70BE049F2C450C0F60B
:10F32000040049F20F61C0F6040140F2B522D4F79F
:10F3300069FE0C20E6F7A4F802900398026802998F
:10F34000086862F3000008600299086820F0020073
:10F3500008600398026802990868920862F39F00A7
:10F3600008600398406802994860029801686FF04D
:10F370000100019000EA5100E6F782F8019A029933
:10F3800088600298806803990B68896802EA5302D2
:10F39000D1F742FA029804B080BD000080B584B075
:10F3A000029001910198006800F00100029909683B
:10F3B00001F00101401A0090009818B1FFE7009891
:10F3C000039014E0029841688068019A536892683B
:10F3D000FEF702FF009002980078C00720B1FFE717
:10F3E000009840420090FFE700980390FFE70398E1
:10F3F00004B080BD80B582B00190019858B1FFE79C
:10F40000019800684008C00728B9FFE701988068A4
:10F41000E6F72EF8FFE702B080BD000010B58AB015
:10F420000990089107920693069800F005F908B92B
:10F43000FFE70BE049F2B250C0F6040049F20F6159
:10F44000C0F6040140F2CC52D4F7DCFD09980799CC
:10F450004968013100F07EF90998806807994A6887
:10F46000022101EB4201D1F7D5FA0999086820F091
:10F4700001000860099900204860089807994968C8
:10F48000013100F067F90898079900F03FFB0899EF
:10F4900088680431069A53689268DDF824E0DEF843
:10F4A00008C00EF10404EE46CEF80440CEF800C0C9
:10F4B000FEF7DEFE089908684A68002A18BF012294
:10F4C00062F00102104008600798006800F0010037
:10F4D0000699096801F00101884221D0FFE70999E6
:10F4E00008684A68002A18BF012220F00100104471
:10F4F0000860089800F0A0F888B9FFE703A8029018
:10F500004FF0FF3100F06AF8029A09990846FFF7B8
:10F510009DFB0899069A0846FFF798FBFFE7FFE76F
:10F520000AB010BD80B582B00190019840B1FFE7EC
:10F5300001988068E5F79CFF0198E5F799FFFFE7E0
:10F5400002B080BD83B00290002001900298416813
:10F55000806800EB41000090FFE7009802998968FD
:10F5600088420AD9FFE70098023800900199009874
:10F57000008840EA01400190EFE702980078C00758
:10F5800020B1FFE7019840420190FFE7019803B0E6
:10F590007047000080B584B00390029101920093FF
:10F5A0000399086820F0010008600399086840F09A
:10F5B00002000860019A0399086800F0030040EA1D
:10F5C00082000860039900204860029803998860CF
:10F5D0000398009900F0D6FB04B080BD80B582B0DE
:10F5E00001900091019800F007F80198009900F04F
:10F5F000C9FB02B080BD000081B00090009908688E
:10F6000020F0010008600099086820F002000860FE
:10F610000099086800F00300086000990020486025
:10F620000099886001B0704781B000900098006830
:10F6300000F0010001B0704781B000900098406870
:10F64000B0FA80F0400901B07047000081B000902E
:10F6500000984068B0FA80F0400901B0704700009F
:10F6600081B0009000984068000101B07047000030
:10F6700080B586B00590049103920498406820B14B
:10F68000FFE70398406828B9FFE70598002100F0DC
:10F6900079FB5CE0002002900498059988420ED125
:10F6A000FFE70498FFF72EFE029004900398059957
:10F6B000884203D1FFE704980390FFE70BE003982B
:10F6C0000599884206D1FFE70398FFF71BFE0290D9
:10F6D0000390FFE7FFE7059804994968039A526889
:10F6E000114400F037F80598026880686FF0010156
:10F6F00001EA5201D1F78EF90598806804994A68A9
:10F700008968039BD3F804C09B68EE46CEF800C01E
:10F71000FEF75EFF059948600498006800F001005C
:10F720000399096801F00101884206D1FFE70599B4
:10F73000086820F00100086005E00599086840F0BD
:10F7400001000860FFE70298FFF7ECFEFFE706B054
:10F7500080BD000080B582B0019000910098012822
:10F7600003D8FFE702200090FFE70198806838B1D6
:10F77000FFE7019801680098B0EB910F24D9FFE7EB
:10F78000019800684008C00708B9FFE70BE049F29C
:10F790003360C0F6040049F20F61C0F6040140F284
:10F7A000AE22D4F72FFC0198806800994900E5F754
:10F7B000C1FE01998860009A0199086800F0030071
:10F7C00040EA82000860FFE702B080BD80B582B0E9
:10F7D0000190009101980099884205D0FFE70198B7
:10F7E000009900F093F9FFE70198406850B1FFE7F6
:10F7F0000199086800F0010220F00100801A013030
:10F800000860FFE702B080BD80B586B00590049126
:10F8100005980499884205D0FFE70598049900F0FF
:10F8200075F9FFE70598406888B9FFE70598012159
:10F830000291FFF78FFF0298059989680880059962
:10F8400048600599086840F00100086033E00598B9
:10F850000078C007A8B1FFE70599086820F001000B
:10F8600008600120ADF80E0005994A6889686B466A
:10F8700018600DF10E030846FFF7E0F8059948609F
:10F8800018E0059841680131FFF764FF0120ADF8E9
:10F890000C0005994A6889686B46186003AB0846F6
:10F8A000FEF7A0FB059948600599086840F0010043
:10F8B0000860FFE7FFE706B080BD0000B0B588B084
:10F8C0000790069105920698406805994968884214
:10F8D00007D2FFE7069804900598069004980590D3
:10F8E000FFE706980078C00700BBFFE7059800789F
:10F8F000C007D8B9FFE7079806994968FFF72AFFBC
:10F900000798806806994A688968059BD3F804C0FF
:10F910009B68EE46CEF800C0FEF7E4FE079948600B
:10F920000799086820F00100086026E0079806990A
:10F9300049680131FFF70EFF0798806806990C6847
:10F940004A688968059BD3F800E0D3F804C09B6837
:10F9500004F001040EF00105EE46CEF80850CEF892
:10F960000440CEF800C0FEF7FDFE079948600799F5
:10F97000086840F001000860FFE708B0B0BD000073
:10F9800080B58AB00990089107920693089840685C
:10F9900080B1FFE707980078C00758B9FFE70698DD
:10F9A000406801280BD1FFE706988068008801288D
:10F9B00005D1FFE70998002100F0E4F94EE009982D
:10F9C000012100F0DFF90798406808B9FFE745E03A
:10F9D0000898FFF797FC05900798FFF793FC0490B1
:10F9E00001A8FFF709FEFFE70498406860B3FFE74E
:10F9F000049880680088C00760B1FFE70999059AFC
:10FA00000846FFF735FE099A069B01A81146FFF745
:10FA100005FDFFE704984268816801230846FEF768
:10FA2000BBFF049948600498406808B9FFE70BE001
:10FA3000059A10461146FFF71BFE059A069B01A882
:10FA40001146FFF7EBFCCFE701A8FFF7D3FC0598C1
:10FA5000FFF768FD0498FFF765FDFFE70AB080BD7A
:10FA600080B586B00590049103920498406828B14F
:10FA7000FFE703980078C00728B1FFE70598002149
:10FA800000F080F940E00398406828B9FFE7059846
:10FA9000012100F077F937E00498FFF733FC02907A
:10FAA0000398FFF72FFC01900598012100F06AF9F7
:10FAB000FFE70198406800B3FFE70198806800887D
:10FAC000C00730B1FFE70599029A0846FFF7D0FD5D
:10FAD000FFE701984268816801230846FEF75CFF52
:10FAE000019948600198406808B9FFE705E0029A6B
:10FAF00010461146FFF7BCFDDBE70298FFF712FD49
:10FB00000198FFF70FFDFFE706B080BD80B582B01A
:10FB100001900091019800994968FFF71BFE009839
:10FB200002680199086862F3000008600098406864
:10FB3000019948600198806800994A688968520074
:10FB4000D0F76AFE02B080BD80B588B007908DF80E
:10FB50001B1005920493012003909DF81B00C00721
:10FB600048B1FFE7059804990844013804904FF024
:10FB7000FF300390FFE70798059A0F2101EBC201C0
:10FB80000909FFF7E7FD0020ADF80A000190079A88
:10FB9000116821F00101116007994860FFE705989D
:10FBA000D0B3FFE7FFE705990020009039B1FFE7E8
:10FBB000019900201029B8BF01200090FFE70098AC
:10FBC000C007A8B1FFE704980078019900FA01F195
:10FBD000BDF80A000843ADF80A000198083001900A
:10FBE0000399049808440490059801380590DAE7D1
:10FBF000BDF80A00DDF81CC0DCF80420DCF80810B1
:10FC0000531CCCF8043021F812000020ADF80A0093
:10FC1000019810380190C2E707984168806800EBAE
:10FC20004101FEF719FE0799486008B080BD000049
:10FC300080B58AB009908DED080A08980790079A58
:10FC40000999086820F0010040EAD270086007981E
:10FC5000C00D000628B9FFE70998002100F092F8CE
:10FC60008DE00798C0F3C750FF2805D1FFE709983A
:10FC7000002100F087F881E00798C10D6FF07E0049
:10FC800050FA81F006900698B0F1FF3F05DCFFE7DF
:10FC90000998002100F076F86FE0069828B9FFE790
:10FCA0000998012100F06EF866E006981030C1173F
:10FCB00000EB1170001105900698C11700EB11714F
:10FCC00021F00F01401A04900798012161F3DF50E1
:10FCD0000190069816280ADCFFE7002002900390A6
:10FCE0000698C0F117010198C84001900CE00498F3
:10FCF000173800F00F00029006981738C11700EB74
:10FD0000117000110390FFE709980599FFF722FD94
:10FD1000059809994860039838B1FFE70998806809
:10FD200003994900D0F776FEFFE7029888B1FFE714
:10FD300001980299884009998968039A531C039392
:10FD400021F812000298C0F110010198C8400190FA
:10FD5000FFE7FFE70398059988420CD0FFE7019879
:10FD600009998968039A531C039321F81200BDF87E
:10FD700006000190EEE7FFE7FFE7FFE7FFE70AB0C5
:10FD800080BD000080B584B003900291029848B90C
:10FD9000FFE70399086820F001000860039900203C
:10FDA000486030E003980221FFF7D4FC0298B0F1DC
:10FDB000FF3F09DCFFE70399086840F00100086095
:10FDC00002984042019007E00399086820F0010082
:10FDD000086002980190FFE7039900204860FFE760
:10FDE000019880B1FFE70198DDF80CC0DCF8042031
:10FDF000DCF80810531CCCF8043021F81200BDF8D0
:10FE000006000190ECE704B080BD000080B588B02A
:10FE100001460A980791059304928DF80F00079800
:10FE20000421FFF797FC9DF80F00C00798B1FFE78A
:10FE30000598B0F1FF3F0EDCFFE70799086840F036
:10FE4000010008600498059A41424FF0000090417B
:10FE50000091019009E00799086820F0010008600E
:10FE60000498059901910090FFE7079900204860E8
:10FE7000FFE7009801990843B0B1FFE7BDF8000023
:10FE8000DDF81CC0DCF80420DCF80810531CCCF8AA
:10FE9000043021F812000199BDF8020040EA014047
:10FEA000090C01910090E4E708B080BD80B588B0EE
:10FEB000DDF828C00790069105928DF813300A9856
:10FEC000242801D8FFE70BE049F2F850C0F60400FF
:10FED00049F20F61C0F6040140F23232D4F792F8D1
:10FEE000069803900698059908440290079805998A
:10FEF000C1F35B010131FFF72DFC9DF81300C00732
:10FF000030B1FFE70799086840F00100086005E09C
:10FF10000799086820F001000860FFE707990020B2
:10FF20004860FFE703980299884240D2FFE70398B0
:10FF3000007801900198302808D3FFE7019839280C
:10FF400004D8FFE70198303801901AE00198412861
:10FF500008D3FFE701985A2804D8FFE701983738FB
:10FF600001900DE00198612808D3FFE701987A28F5
:10FF700004D8FFE701985738019000E017E0FFE749
:10FF8000FFE701980A99884201D3FFE70FE007983D
:10FF900041688068BDF82820BDF80430FEF76CFB8E
:10FFA00007994860FFE7039801300390BAE7039888
:10FFB0000699401A08B080BD80B584B003900291C4
:10FFC00001920298406818B1FFE7019828B9FFE74D
:10FFD00003980299FFF79AFD1AE00398029949687D
:10FFE000019A0F3201EB1211FFF7B4FB03988068FE
:10FFF00002994A688968019BFEF754FC039948609E
:020000040803EF
:10000000029802680399086862F300000860FFE73D
:1000100004B080BD80B58AB0099008910792089815
:10002000406818B1FFE7079828B9FFE709980899D1
:10003000FFF76CFD81E0099808994968FFF78AFB92
:100040000998806808994A688968079BFEF7A4FCAC
:1000500009994860089802680999086862F30000E5
:10006000086009980078C007002865D0FFE7079866
:1000700000090690079800F00F0005900020ADF8E9
:1000800012000390FFE7039908984268002091420C
:10009000029008D2FFE70399069A0020914238BFE8
:1000A00001200290FFE70298C00780B1FFE708989F
:1000B0008068039930F8110020B1FFE70120ADF806
:1000C000120004E0FFE7039801300390DBE7069895
:1000D00008994968884210D2FFE708988068069915
:1000E00030F81100059A012191400139084204D0ED
:1000F000FFE70120ADF81200FFE7BDF81200D0B114
:10010000FFE70998406838B9FFE70998816801203E
:100110000880099948600DE00998426881686B463B
:10012000012018600DF112030846FDF75BFF0999E5
:100130004860FFE7FFE7FFE7FFE70AB080BD000088
:1001400080B586B005900491039200208DF80B00D5
:10015000049841688068039A53689268FEF73CF8F7
:10016000B0F1FF3F0ADCFFE7049801900398049088
:100170000198039001208DF80B00FFE704980068B8
:1001800000F001000399096801F00101884217D0CD
:10019000FFE70598049949680131FFF7DBFA0598F4
:1001A000806804994A688968039BD3F804C09B68F7
:1001B000EE46CEF800C0FDF715FF0599486015E042
:1001C000059804994968FFF7C5FA0598806804996D
:1001D0004A688968039BD3F804C09B68EE46CEF852
:1001E00000C0FEF72BFC05994860FFE705984068C2
:1001F00030B9FFE70599086820F00100086019E0B0
:100200009DF80B00C00760B1FFE70498006800F09C
:1002100001020599086820F00100801A0130086089
:1002200007E0049802680599086862F30000086016
:10023000FFE7FFE706B080BD70B588B00790069174
:1002400005920698406805994968884207D2FFE7F9
:10025000069804900598069004980590FFE7069884
:10026000006800F001000599096801F00101884269
:1002700039D1FFE7079806994968FFF76BFA0698A6
:100280000078C00788B9FFE70798806806994A6830
:100290008968059BD3F804C09B68EE46CEF800C081
:1002A000FEF71CFC0799486017E0079880680699DC
:1002B0004A688968059BD3F804C09B68EE46002411
:1002C000CEF80C40CEF80840CEF80440CEF800C07E
:1002D000FEF744FC07994860FFE70799086820F09B
:1002E0000100086029E00798069949680131FFF785
:1002F00031FA0798806806990D684A688968059BF5
:10030000D3F800E0D3F804C09B68012424EA050573
:1003100024EA0E06EE46CEF80C60CEF80850CEF871
:100320000440CEF800C0FEF719FC07994860079911
:10033000086840F001000860FFE708B070BD0000E9
:1003400087B0DDF820C0DDF81CC00690059104924E
:100350000393FFE70798411E079178B3FFE7069ADA
:1003600090680499C908128A059B01FB0231084470
:100370000290049800F007008DF8070003980090A1
:10038000FFE70098B0B1FFE7029908789DF80730C1
:1003900001229A409043089A002A18BF01229A40ED
:1003A00010430870029801300290FFE7009801386E
:1003B0000090E6E7049801300490CBE707B070475F
:1003C00083B0029001910092029B98680099CA083C
:1003D0001B8ADDF804C002FB03C2805C01F0070148
:1003E000C84000F0010003B07047000086B00590DF
:1003F0000491039202930398C0080599098A049A0C
:1004000000FB01200190039800F007008DF8030025
:1004100005988168019A885C9DF803C0012303FA5E
:100420000CF39843029B002B18BF012303FA0CF333
:100430001843885406B0704780B586B00590049183
:10044000039203980068A8B9FFE705980290029804
:1004500000680499F5F75CFB01900198013008B938
:10046000FFE711E00298019900EB81008068039991
:10047000086009E045F6E450C0F604004AF22201A3
:10048000C0F60401FAF7F8FE06B080BD80B58AB068
:100490000990089107920693099805900598406B7A
:1004A0000490089807990844049988420ED0FFE701
:1004B000049A08980799431846F2EC00C0F6040025
:1004C00047F60851C0F60401FAF7E8FE049908203F
:1004D00000EB81000999F5F7D5FA03900498039988
:1004E0004860039808300699089A9200D0F71BFAE2
:1004F0000398089900EB8100083007998900D0F72C
:10050000ABFA08980290FFE702980899079A01EB66
:10051000420188423CD2FFE70698029950F8210038
:10052000F7F7F0FE019005980199F5F7F1FA0090C0
:100530000098013058B9FFE7019A46F2EC00C0F686
:10054000040047F60A61C0F60401FAF7A7FE039813
:10055000009900EB8100806858B1FFE7019A46F2EC
:10056000EC00C0F6040047F62B61C0F60401FAF770
:1005700095FE0698029900EB810040680399009A65
:1005800001EB82018860FFE7029802300290BBE72E
:1005900003980AB080BD000080B586B00590049134
:1005A0008DF80F2004980290059802990968CA886E
:1005B0004CF27F31C0F60401FAF728FD029800687A
:1005C0003830019005980199029AF1F715FA06B0B2
:1005D00080BD000080B586B0059004910392049818
:1005E00000680290002001900298006801A9E3F7DA
:1005F000BBF90198017A00EB8101D1F810C005998F
:100600000139039A1268D208049B0433E047029927
:100610000861062006B080BD80B586B005900491C3
:100620008DF80F2005989DF80F1000F00DF801903F
:1006300001900498F5F77EFF02900290022001A934
:10064000F6F7F6FA06B080BD80B58AB009908DF84D
:1006500023109DF82300B0B9FFE7099991F800C075
:100660004A788878CB786946C1F808C04A60086043
:1006700047F6C112C0F604020DF113001021D0F7A5
:100680000BF8039015E009990B7848788A7891F86F
:1006900003C06946C1F808C04A60086047F6C11245
:1006A000C0F604020DF113001021CFF7F5FF0390FF
:1006B000FFE703990DF11300F6F778F90AB080BD52
:1006C00080B584B0039002918DF807200398022131
:1006D0006A46F2F7F1FE0098006802999DF807203B
:1006E00000F006F800984068F3F744F804B080BDC5
:1006F00080B58AB0099008918DF81F20099806A945
:10070000F7F7BEFD0590069820B9FFE7089900208D
:1007100008607BE00598049005980390FFE7039834
:100720000599069A1144884215D2FFE7039800788C
:100730002E280BD0FFE703980078302805DBFFE771
:10074000039800783A2801DBFFE704E0FFE703980D
:1007500001300390E3E703200290FFE700200190BF
:10076000FFE70499039A00209142009007D2FFE727
:10077000049800782E3818BF01200090FFE70098F9
:10078000C00770B1FFE7019800EB80010498007882
:1007900000EB410030380190FFE7049801300490ED
:1007A000DFE79DF81F0028B9FFE701980899029A32
:1007B000885405E001980899029A891AC870FFE7E1
:1007C000029830B9FFE704980399884201D1FFE706
:1007D0001CE0029870B1FFE704980399884209D29F
:1007E000FFE7049800782E2804D1FFE70498013031
:1007F000049005E047F6AF10C0F60400FAF732FDAA
:10080000FFE7FFE7029801380290A7E70AB080BD32
:1008100080B586B004900391049848B9FFE740F290
:100820006000C2F200000221F6F7C0F8059019E05E
:100830000398006802A9F7F723FD019002980228A7
:1008400003D0FFE70020FAF70DFD0198007840F291
:100850006001C2F2000108700198407848700620DB
:100860000590FFE7059806B080BD000040F60840FF
:10087000C2F201008C30704780B586B005900491BB
:100880000598F7F73FFD03900498F4F75FFD70B902
:10089000FFE70498F4F76AFC78B1FFE70498006872
:1008A00046F60001C0F60401884206D1FFE70120A8
:1008B00004A9F7F74DFE0490FFE7049802A901AAE6
:1008C000F2F7B6FD03980299019AF5F7AFFF06B06B
:1008D00080BD000080B582B00190019800690A28AF
:1008E00008D1FFE70199886A0130886201990120E7
:1008F000C86212E001980069092808D1FFE7019950
:10090000C86A0730012262F30200C86204E001995C
:10091000C86A0130C862FFE7FFE7019948690861CA
:100920000199886948610198006F48B3FFE7019811
:10093000416E006F884209D2FFE7019B986E196FE4
:100940004A1C1A67405C0199886103E00199002004
:100950008861FFE70198006988B9FFE70199C869D4
:1009600008610199086A48610199486A886101989B
:1009700060300CF015FE019900200867FFE706E0E3
:10098000019948688968884701998861FFE701985B
:1009900040690D2810D1FFE701990A2048610198AC
:1009A00080690A2807D1FFE7019948688968884764
:1009B00001998861FFE7FFE701988069013070B90C
:1009C000FFE701984069013048B1FFE701984069AD
:1009D0000A2804D0FFE701990A208861FFE702B0E6
:1009E00080BD000080B584B0039040F60840C2F29C
:1009F000010018300290FFE7029801680020019082
:100A000049B1FFE702980168039A0020914238BF7C
:100A100001200190FFE70198C00720B1FFE7012006
:100A200000F09CF8E8E704B080BD000084B00390BB
:100A300040F60840C2F201001430029002980068AB
:100A40000190019818B9FFE7039800F027F8039880
:100A5000019948600198FFF7C5FF01980068029965
:100A6000086001980046C468056946698769D0F83E
:100A70001C80D0F82090D0F824A0D0F828B0D0F86E
:100A80002CD090ED0C8B90ED0E9B90ED10ABD0F830
:100A900008E001207047FFE7FEE700008CB00B90F4
:100AA00000200A90099008900790EFF305800A90C3
:100AB000EFF308800990EFF30980089068460790EB
:100AC0000B9A40F60840C2F2010050F8143FDDF8DE
:100AD00028C0DDF81CE0099C089D69460D61CC60CA
:100AE000C1F808E0C1F804C0086044F62C30C0F634
:100AF000040047F29C41C0F60401FAF787FA4CF271
:100B0000DA00C0F604000690FFE706980078A8B166
:100B1000FFE7FFE744F20040C4F20000006800066F
:100B2000002801D4FFE7F5E70698411C06910078FC
:100B300044F20441C4F200010860E6E7FFE7FEE783
:100B400081B040F60840C2F20100143000900099D4
:100B500008680068086001B07047000080B584B084
:100B60008DF80F0040F60840C2F2010018300290E4
:100B700002980068019002990868006808609DF872
:100B80000F00C00720B1FFE7019841688847FFE7E1
:100B900004B080BDC460056146618761C0F81C80F7
:100BA000C0F82090C0F824A0C0F828B0C0F82CD01D
:100BB00080ED0C8B80ED0E9B80ED10ABC0F808E053
:100BC00000F016B883B00290019140F60840C2F2DE
:100BD00001001830009000980068029908600198A0
:100BE0000299486002980099086003B070470000BD
:100BF00082B0019040F60840C2F20100143000902B
:100C00000098006801990860019800990860002028
:100C100002B0704780B584B0039002918DF8072030
:100C20009DF80700032808D1FFE703984AF2360130
:100C3000C0F60401FAF7B8F807E0039849F28821F2
:100C4000C0F60401FAF7B0F8FFE704B080BD000079
:100C500080B584B0039002910398F2F70FFE80886C
:100C60008005002806D4FFE74AF23B00C0F60400E6
:100C7000FAF7DEFA0298F4F775FB88B9FFE70298F5
:100C8000F4F780FA48B1FFE70298006846F60001E1
:100C9000C0F60401884203D0FFE70020FAF7C8FA43
:100CA000039801900198043002990222EFF7BAFCF0
:100CB00050B9FFE745F6E450C0F604004AF251018E
:100CC000C0F60401FAF7D8FA062004B080BD00008F
:100CD00081B00090062001B07047000080B582B05E
:100CE00001900020A0B9FFE70198F4F74BFA78B122
:100CF000FFE70198006846F6A801C0F604018842A3
:100D000006D1FFE7019880888005002806D4FFE718
:100D10004AF23B00C0F60400FAF78AFA01986946E5
:100D2000F5F7D4FB02B080BD80B586B00590049184
:100D300003920598F2F7A2FD80888005002806D46A
:100D4000FFE74AF23B00C0F60400FAF771FA049894
:100D5000F4F708FB88B9FFE70498F4F713FA48B1F1
:100D6000FFE70498006846F60001C0F604018842D7
:100D700003D0FFE70020FAF75BFA0598029003988A
:100D800001900298043004990122EFF74BFC0146D0
:100D900001984860062006B080BD000080B586B08E
:100DA0000590049103920293049803996A460023E4
:100DB00013601A46E6F79AFB05990420F4F762FEE1
:100DC0000190019806B080BD80B584B00390029177
:100DD0000398F2F753FD01900198017B00EB81002D
:100DE00003690399029A2420984704B080BD00004B
:100DF00080B584B0039002910398F2F73FFD019013
:100E00000198817B00EB810003690398029900221D
:100E1000984704B080BD000080B584B00390029173
:100E20000398F2F72BFD01900198817B00EB810084
:100E30000369039802990422984704B080BD00001A
:100E400080B584B00390029101920398F2F716FDE9
:100E500000900098817B00EB810003690398029960
:100E6000019A984704B080BD80B5A2B021908DF85A
:100E700083101F9200201E900D900CA8FFF78AFE91
:100E8000002840F08A80FFE79DF87C0000070028DA
:100E900018D5FFE721980A901020E4F7F1FA09909D
:100EA000EDF754FC0999486009990A9A106852684C
:100EB000CA6088600A98806809990022EFF7C8F92B
:100EC0000B9044E09DF87C00C00600280BD5FFE79E
:100ED00021980790079842688168DD200023EEF78B
:100EE000E3FB089020E09DF87C004006002809D52F
:100EF000FFE72198016842688368DD20EEF76CFB0C
:100F0000089010E09DF87C008006002807D5FFE7D8
:100F1000219801F0F5FDEEF7C1FB089002E0219861
:100F20000890FFE7FFE7FFE7089800680690089938
:100F30009DF8832004A80290F8F740F902980699DA
:100F40001F9AC2F38002E9F7ABF90B90FFE79DF817
:100F50007C000006002804D4FFE70320EDF71AFD0B
:100F6000FFE70B98E8F7F0FBFF20EDF713FD0120FA
:100F70000190EDF76DFEFFF7E3FD01981E909DF8DF
:100F80007C00C00740B1FFE747F6DF20C0F6040051
:100F90000121EDF7D1FDFFE738E0FF20EDF7FAFC86
:100FA0000020EDF755FE9DF87C004006002807D58F
:100FB000FFE7219803900399086889688847FFE74D
:100FC0009DF87C00C00740B1FFE747F6DF20C0F680
:100FD00004000121EDF7B0FDFFE70D98006846F22F
:100FE000C801C0F60401F4F703FB20B1FFE74FF49A
:100FF00080701E9009E00D9944F62C30C0F6040074
:10100000F6F702F800201E90FFE7FFE79DF87C004E
:10101000C00740B1FFE747F6DF20C0F6040001211A
:10102000EDF78AFDFFE71E9822B080BD80B584B041
:1010300003908DF80B100398F8F70AFF0146002083
:10104000019079B1FFE70398F8F77AFDF4F742FBD6
:101050009DF80B1001F00101401AB0FA80F0400930
:101060000190FFE7019800F0010004B080BD00008E
:1010700080B596B015908DF853108DF8522027202A
:101080008DF8510015982221E3F74AF820B1FFE7C7
:1010900022208DF85100FFE71598FFF71BFC1598EB
:1010A0009DF851201146E3F749F848B1FFE715983C
:1010B000FFF710FC1598FFF70DFC0320139002E0DA
:1010C00001201390FFE7002012909DF85200C00706
:1010D00080B1FFE7159860300CF01EFA48B9FFE7C1
:1010E0001598603049F21321C0F604010CF072F833
:1010F000FFE7FFE7FFE71598E3F712F90146002045
:101100000A90A9B9FFE71398012809D8FFE71598B5
:101110000A21E3F705F8014600200A9041B9FFE7EC
:101120001299139A0020914238BF01200A90FFE7DC
:101130000A98C007002800F02882FFE715989DF85C
:101140005110E2F7EDFF50B1FFE712980130129015
:10115000159901F1500009690BF0ACFF11E2002074
:101160001290FFE79DF852100020C907099031B195
:10117000FFE715987B21E2F7D3FF0990FFE7099875
:10118000C007002800F0AD80FFE71598FFF7A2FB2D
:1011900015987B21E2F7C4FF48B1FFE7159850305E
:1011A0007B210BF077FF1598FFF794FB93E01598E0
:1011B000603028210BF06EFF1598406E11900020D2
:1011C0001090FFE71598E3F7ABF801460020089070
:1011D000A1BBFFE710990120079061BBFFE71598BD
:1011E0003A217D22E3F712F8014601200690E9B981
:1011F000FFE715982121E2F793FF014600200590B3
:1012000089B1FFE7159872217322E2F7E1FF0146E9
:101210000020059039B1FFE715983A217D22E2F7C9
:10122000B9FF0590FFE705980690FFE7069880F064
:1012300001000790FFE707980890FFE70898C007AC
:1012400030B3FFE7159800690F900F985B2804D022
:10125000FFE70F987B2804D1FFE71098013010902A
:101260000CE00F985D2804D0FFE70F987D2804D18B
:10127000FFE7109801381090FFE7FFE715986030FE
:101280009DF83C100BF006FF1598FFF723FB99E73C
:101290001599486E896E084410F8010C3D280FD14D
:1012A000FFE7159901F150004A6E896E119B1944B0
:1012B000D21A0BF0A1FF1599486E01384866FFE776
:1012C0001598603029210BF0E5FE159860302C212F
:1012D0000BF0E0FEFFE7159850307B210BF0DAFEB3
:1012E00040E715985C21E2F71BFF002800F04181E0
:1012F000FFE71598FFF7EEFA159800690E909DF834
:101300005300C00730B1FFE7159850305C210BF057
:10131000D1FE00E10E980A38014604916E2800F2D1
:10132000C2800499DFE811F06F00BF00BF00BF006A
:10133000BF00BF00BF00BF00BF00BF00BF00BF00B5
:10134000BF00BF00BF00BF00BF00BF00BF00BF00A5
:10135000BF00BF00BF00BF007500BF00BF00BF00DF
:10136000BF007400BF00BF00BF00BF00BF00BF00D0
:10137000BF00BF00BF00BF00BF00BF00BF00BF0075
:10138000BF00BF00BF00BF00BF00BF00BF00BF0065
:10139000BF00BF00BF00BF00BF00BF00BF00BF0055
:1013A000BF00BF00BF00BF00BF00BF00BF00BF0045
:1013B000B900BF00BF00BF00BF00BF00BF008B006F
:1013C000BF00BF00BF00BF00BF00BF007300BF0071
:1013D000BF00BF00BF0076007900BF00BF00BF00A4
:1013E0008500BF00BF00BF00BF00BF00BF00BF003F
:1013F0007F00BF00BF00BF008800BF007C008B00E3
:101400008200BF0098004FF0FF300E9082E081E034
:1014100080E07FE007200E907CE008200E9079E0CD
:1014200009200E9076E00A200E9073E00B200E90BB
:1014300070E00C200E906DE00D200E906AE0159883
:1014400090F84C000C2806D1FFE7159850305C212D
:101450000BF030FE5EE0FFE700200D901598039042
:101460000E98782803D1FFE70220029006E00E993B
:101470000820752908BF04200290FFE7039802990D
:101480000DAAE1F7EBFD28B9FFE71599012081F8D6
:101490004C00FFE70D980E903CE049F2BF20C0F6EB
:1014A0000400F9F79BFE0E9830282CD3FFE70E9826
:1014B000372828D8FFE703200C900E9830380B907F
:1014C000FFE71598E2F760FF01460020019041B167
:1014D000FFE70C9801380C90002818BF01200190FC
:1014E000FFE70198C00758B1FFE71598FFF7F2F939
:1014F0000B991598006900EBC10030380B90E0E7BC
:101500000B980E9005E0159850305C210BF0D2FD41
:10151000FFE7FFE7FFE70E98013048B3FFE7BDF8AC
:101520003A0010280CD8FFE7159890F84C000B28CB
:1015300006D1FFE7159850300E990BF0BBFD16E071
:101540000E98FF280DD8FFE7159890F84C000C284E
:1015500007D1FFE7159850309DF838100BF09AFD31
:1015600004E01599012081F84C00FFE7FFE7FFE751
:1015700006E0159901F15000097C0BF08BFDFFE7A7
:10158000FFE71598FFF7A6F9B5E512981399884279
:1015900005D2FFE71599032081F84C00FFE7159865
:1015A000503012990BF080FE16B080BD80B588B027
:1015B000079006910798406A0590059878B3FFE771
:1015C000059801684068069A1044884227D9FFE7C9
:1015D00005980168069A114408310022E3F7C0FF1C
:1015E00004900498A0B9FFE70598416808310022EB
:1015F0000192E3F7B5FF0198059A516811600799C8
:10160000096A059A51600599079A1162059005E0EB
:10161000069A0599086810440860FFE7FFE70598F7
:10162000C8B9FFE71020039003980699884203D2B7
:10163000FFE706980390FFE703980830E3F720FFE1
:101640000590039805990860059900204860059861
:1016500007994862FFE705984168084408300290FE
:10166000069A0599486810444860029808B080BD01
:1016700084B0039002910398406A01900198083069
:101680000299884215D8FFE7029801994A681144E7
:10169000083188420DD2FFE702984068010A08200D
:1016A00000EB81000090009A01994868801A486018
:1016B000FFE704B07047000082B0019000910198EC
:1016C00000690099884201D9FFE70BE04AF64B60B8
:1016D000C0F604004AF69751C0F6040140F22222F7
:1016E000D2F790FC0198009902694069C9431144FE
:1016F00050F8210002B0704782B00190009101982B
:1017000040680099884201D9FFE70BE04AF605607E
:10171000C0F604004AF69751C0F604014FF4A772D0
:10172000D2F770FC0198009942688068C94311445F
:1017300000EBC100C07802B07047000080B584B0F3
:1017400003900291019202980199EDF711FA04B009
:1017500080BD000083B002900191009243F2F4003A
:10176000C0F6040003B0704783B00290019100926C
:1017700043F21410C0F6040003B0704743F2241083
:10178000C0F604007047000080B584B00390029159
:101790000298006801900198806938B9FFE702203B
:1017A0000021F5F745FA01998861FFE7039802994E
:1017B00000F000F90090009801990882019900203A
:1017C00048820298006804B080BD000080B586B0F1
:1017D0000490049803900398B0F9100018B9FFE73B
:1017E0000020059052E00399088A01380882039886
:1017F000B0F912000290FFE70298039989688842C5
:1018000038D2FFE70399488A0130488203980430B0
:101810000299EFF777F908B9FFE727E00398C06866
:10182000029900EBC10040680190019800F05EF859
:10183000D8B1FFE70398806900900198006800998B
:101840008860019800F052F8400001300099C860AB
:101850000398007DC00728B1FFE70198002100F040
:101860004BF8FFE70098059010E0FFE70298013081
:101870000290C1E747F6E000C0F6040047F60E11FB
:10188000C0F6040140F26F22D2F7BCFB059806B007
:1018900080BD000080B588B007900691059207983A
:1018A00004900498043002900698F2F70FF801466D
:1018B00002980022EEF7B6FE0390039818B9FFE7EE
:1018C0000220F9F795FC0398406801900598F1F71C
:1018D00051FF0146019800F00FF8062008B080BDC6
:1018E00081B000900098806801B0704781B000908E
:1018F0000098C06801B0704782B0019000910098D4
:101900000199886002B0704782B001900091009800
:101910000199C86002B0704780B58AB009900891FB
:101920000898006807900998089900F043F8069015
:10193000069800210091F4F7BDFE0146009805913C
:1019400006900490FFE704980799896888422ED290
:10195000FFE7079804300499EFF7D4F808B9FFE7D8
:1019600021E00798C068049900EBC100406803902B
:101970000398FFF7BBFFA8B1FFE703980068019049
:101980000398FFF7B3FF400001300290022001A945
:10199000F5F74EF90599C968069A531C069341F864
:1019A0002200FFE7FFE7049801300490CBE7059899
:1019B0000AB080BD80B586B0059004910498006897
:1019C00003904FF0FF30029000200190059802280C
:1019D0001DD3FFE70498406806280DD0FFE7049860
:1019E0004068F1F7C7FE00900098002803D4FFE795
:1019F00000980290FFE7FFE70598032806D3FFE76A
:101A000004988068F1F7B6FE0190FFE7FFE70198C0
:101A10000399486103980430029A002100F006F906
:101A200006B080BD80B586B005900491049800682A
:101A300003900598032806D1FFE704988068F1F722
:101A400099FE029002E005200290FFE7039804301F
:101A500004990431029BEC460022CCF800200122BC
:101A600000F004F8062006B080BD000080B58CB000
:101A700084460E98CDF82CC00A91099208938DF8EF
:101A80001F0000200690FFE70698099988424ED271
:101A9000FFE70B9801900A98069950F82100F1F79A
:101AA00015FF014601980122EEF7BCFD059005984F
:101AB000406810BBFFE71020E3F7E2FC04900A98AF
:101AC000069950F82100049908600A98069950F880
:101AD00021000421ECF76CFD0390039880680499C1
:101AE000486004980899FFF707FF04980021FFF762
:101AF0000BFF04980599486014E00598406802902F
:101B00009DF81F00C00740B1FFE70298FFF7E8FE0D
:101B10000146089808430890FFE702980899FFF7E4
:101B2000EBFEFFE7FFE7069801300690ACE70CB04C
:101B300080BD000080B582B001900198EEF708FDED
:101B400002B080BD80B582B00190009101980099EB
:101B5000EEF716FD02B080BD80B58AB009900891FD
:101B6000002007900690FFE7069809994968884287
:101B700058D2FFE709980699EEF7C4FF08B9FFE7C6
:101B80004CE009988068069900EBC1004068059018
:101B900005980168029141680191FFF7A1FEDDF807
:101BA00004C002460298032104ABE0470390059865
:101BB0000399FFF7A9FE0398013018B9FFE70498CD
:101BC000F9F716FB039840B3FFE707980130079039
:101BD000089808B3FFE79DF80C00C00728B1FFE79D
:101BE0000899086801300860FFE79DF80C0040077D
:101BF000002805D5FFE70899486801304860FFE7ED
:101C000003986FF00501084205D0FFE7089988683E
:101C100001308860FFE7FFE7FFE7FFE70698013044
:101C20000690A1E707980AB080BD000080B588B093
:101C3000079006910592ECF7E5FF04900598B0F146
:101C4000FF3018BF01208DF80F00FFE707980699B5
:101C5000FFF782FF0290ECF7D5FF0499401A01903C
:101C6000029850B9FFE79DF80F00C00740B1FFE7A9
:101C700001980599884203D3FFE7029808B080BD18
:101C80009DF80F00C00730B1FFE705980199401A91
:101C9000E9F70EFF02E0E9F707FFFFE7D6E70000EC
:101CA00080B586B0059004910598039003980430A0
:101CB00001900498F1F70AFE014601980222EEF71E
:101CC000B1FC0290062006B080BD000080B582B055
:101CD000019000910199087A0968009AE6F744F8A2
:101CE000F1F748FD02B080BD80B582B00190019847
:101CF0000090009841680198884702B080BD0000BC
:101D000082B001900198006908B1FFE70BE04AF644
:101D1000E130C0F604004AF69751C0F6040140F2E3
:101D20001D22D2F76FF9019A1169506901391161C9
:101D300050F8210002B0704784B0039002910192E4
:101D4000039948680138486003984168806800EB4F
:101D5000C100C0788DF8030003984168806800EBEB
:101D6000C10040680299086003984268806800EBEF
:101D7000C20130F83200897840EA014001990860D8
:101D80009DF8030004B0704780B58AB0DDF834C018
:101D9000DDF830C009900891079206934020059025
:101DA0000C980490FFE704980D9988426DD8FFE7DE
:101DB000049803A900F0C4FD0290079830B9FFE72A
:101DC000029800785F2801D1FFE75AE0079803994D
:101DD000884255D8FFE708980299079ACEF7D1FCB8
:101DE00000284DD1FFE70698049908F035FD00283A
:101DF00045D0FFE7059901F10F00C21700EB127003
:101E000020F00F00401A01900198012804DCFFE740
:101E1000019810300190FFE7059801990844039953
:101E2000084440281FD8FFE700200090FFE70098F3
:101E3000019988420CDAFFE7099847F61071C0F65D
:101E40000401F8F7B1FFFFE7009801300090EEE7DA
:101E500009980299F8F7A8FF019803990144059899
:101E6000084405900AE00998029A4CF2DB01C0F69A
:101E70000401F9F7CBF803980590FFE7FFE7FFE7C8
:101E8000FFE70498013004908DE7099849F29C41DE
:101E9000C0F60401F8F788FF0AB080BD80B5D8B05D
:101EA0005690559154928DF84F3140F60840C2F249
:101EB0000100D0F8AC0051A950AAF1F7B9FA519835
:101EC000A0B1FFE75698C000811C40F60840C2F25E
:101ED00001004C300022EEF7A5FB5290529820B141
:101EE000FFE7529840685790B7E0FFE74CA84FF4DF
:101EF00080710CAA0BF07AFA00208DF82F0054980C
:101F000010BBFFE755980021EFF718FC0A900A98DC
:101F100018B1FFE70A9857909FE055984CA905F033
:101F2000DFF88DF82F009DF82F0060B9FFE7559876
:101F30000121EFF703FC0A900A9818B1FFE70A980D
:101F400057908AE0FFE726E054984FF4A87108AA5A
:101F5000EEF722F80898E8B1FFE70898F6F7FCF9E1
:101F600001464CA803900BF035F9039847F62E7103
:101F7000C0F6040109780BF09DF8559800F048FF71
:101F8000014603980BF026F9039805F05FF88DF8E9
:101F90002F00FFE7FFE79DF82F0058B9FFE7569A9B
:101FA00045F69460C0F6040047F61271C0F60401CD
:101FB000F9F774F95698F4F7D5FB0A9056980790FC
:101FC0004CF63901C0F6030105A8FEF7FBFD9DF8AC
:101FD0002F0001282DD1FFE70A9801904CA802900C
:101FE0000BF0ECFA0146029800910BF08FFA0146D3
:101FF0000098F4F7DBFC024601984FF4A871FAF759
:10200000CBFF02984D99049147F6A371C0F60401E5
:102010000BF0E0F8029804F0E9FF022805D1FFE791
:102020000A984CA9DCF7D2F900E0FFE704984D903C
:1020300004E00A984CA9DCF7C9F9FFE7549830B1DD
:10204000FFE7549855990A9AFAF7A6FFFFE7002090
:10205000FEF784FD0A985790FFE7579858B080BD67
:1020600080B584B0039002911020E3F709FA019043
:102070000199DDF80CC0DCF80000DCF80420DCF885
:102080000830DCF80CC0C1F80CC08B604A600860F6
:1020900002980199C860019804B080BD80B584B0F1
:1020A000039002911020E3F7EBF901900199DDF81C
:1020B0000CC0DCF80000DCF80420DCF80830DCF8A8
:1020C0000CC0C1F80CC08B604A600860029801998E
:1020D0004860019804B080BD80B58CB00B900A9127
:1020E000099208930A980999089AEC4604ABCCF82F
:1020F000043046F66423C0F60403CCF80030042311
:10210000E5F700FC0B991020F3F7BCFC0390049852
:102110000399486005980399886006980399C860F8
:1021200003980CB080BD000080B584B0039002918C
:102130001020E3F7A5F901900199DDF80CC0DCF857
:102140000000DCF80420DCF80830DCF80CC0C1F832
:102150000CC08B604A600860029801998860019801
:1021600004B080BD80B584B0039002910398C1682B
:102170000069884211D3FFE70398C2684069402193
:1021800001EB8201E3F7D6F90190019803994861C8
:102190000399C8681030C860FFE70298DDF80CC0EA
:1021A000DCF81020DCF81410531CCCF8103041F887
:1021B000220004B080BD000080B58AB0099008916B
:1021C0008DF81F2006939DF81F002D281AD1FFE7D8
:1021D00009980021FFF770FA0590059808B9FFE704
:1021E0000FE0059858B1FFE79DF81400800730B95B
:1021F000FFE705980079922801D1FFE700E0BFE0F2
:10220000FFE76DE09DF81F0092285ED1FFE706987A
:10221000022801D1FFE70BE04AF62240C0F6040095
:102220004AF69751C0F6040140F2D932D1F7EAFEDE
:1022300009980021FFF740FA04900498002842D042
:10224000FFE79DF810008007E8BBFFE704980390C4
:1022500003980079952807D1FFE70998FFF750FD0B
:102260000698013806902DE003980079962820D131
:10227000FFE70998FFF744FD0498009009980021B2
:10228000FFF71AFA01460098884201D1FFE70BE0F8
:102290004AF63130C0F604004AF69751C0F6040100
:1022A0004FF47972D1F7AEFE9DF81F0003990871C3
:1022B00066E003980079AC2801D1FFE700E0FFE772
:1022C000FFE7FFE700E0FFE709E09DF81F00962821
:1022D00004D1FFE7069801300690FFE7FFE7FFE72C
:1022E00009989DF81F1006AADDF7B6FD08B1FFE7B3
:1022F00046E009989DF81F10069ADDF7E9FA08B143
:10230000FFE73DE0099808999DF81F20069BD4F748
:10231000E1FF08B1FFE733E00998069A082101EBD5
:102320008201FFF743F902900898029908609DF82E
:102330001F00069940EA0120029948600698019022
:10234000FFE7019868B1FFE70998FFF7D9FC029908
:10235000019A01EB82014860FFE701980138019082
:10236000EFE79DF81F00962805D1FFE7099802992D
:10237000FFF7F8FEFFE709980299FFF7F3FEFFE782
:102380000AB080BD80B58CB00B908DF82B100B98E7
:1023900080690890089890F84C00082826D1FFE73B
:1023A0000898416D806D00F0B9FB07909DF82B00F7
:1023B000902814D1FFE70B9828300799C900023103
:1023C0000022EEF72FF9069048B1FFE70B98089925
:1023D000496C069A5268E3F7FDF8099005E0079901
:1023E0000220F7F7C1FD0990FFE780E0089890F818
:1023F0004C0009280FD1FFE7089B596D986D00220A
:10240000F8F706F805900B980899496C059AE3F7D8
:10241000E1F809906AE0089890F84C000A280FD17A
:10242000FFE7089B596D986D0122F7F7C5FF0490EF
:102430000B980899496C049AE3F7B4F8099054E0B2
:10244000089890F84C000B2831D1FFE7002003904A
:102450000898406D0A2807D8FFE70898416D806DFD
:1024600000F05CFB039006E00898416D806D00F081
:10247000C1FA0390FFE7039830B1FFE70399062004
:10248000F7F772FD099011E00898426D816D46F6EC
:102490000000C0F60400F4F7B5FA02900B98089912
:1024A000496C029AE3F77EF80990FFE71CE0089870
:1024B00090F84C000C280ED1FFE70898416D806D14
:1024C000F3F758FC01900B980899496C019AE3F7CF
:1024D00069F8099007E0089890F84C100A20F7F77F
:1024E00043FD0990FFE7FFE7FFE7FFE7FFE70B98F2
:1024F0000999FFF737FE0CB080BD000080B586B0AB
:10250000059004918DF80F200293059801684068AA
:10251000884211D3FFE7059802688068802101EBAB
:10252000C201E3F707F801900198059988600599C1
:10253000086810300860FFE7059B596898684A1CD6
:102540005A6000EBC1000090049800990880000CCC
:1025500088709DF80F000099C87002980099486033
:1025600006B080BD80B584B003900291029800F45B
:102570007040B0F5005F07D0FFE7029800F47040AC
:10258000B0F5405F01D1FFE70BE04AF67240C0F6BC
:1025900004004AF69751C0F6040140F23F12D1F709
:1025A00031FD029800F470410120B1F5005F009008
:1025B0000AD0FFE7029800F47040A0F54050B0FA4E
:1025C00080F040090090FFE7009802986FF31F30F9
:1025D000019003988169496C9DF804200023FFF75E
:1025E0008DFF04B080BD000080B5DFF73BF9062009
:1025F00080BD000080B58AB005A820210AF0D8FE71
:10260000FFE749F2CA40C0F60400ECF787FA47F644
:102610007530C0F60400ECF781FA47F24C40C0F682
:102620000400ECF77BFA47F6E120C0F60400ECF773
:1026300075FAFFE7FFE740F60841C2F2010100200A
:102640000290088105A801900AF09AFFF9F738FB7B
:102650000146019801F026FA0146029804918DF88E
:102660000F000498012812D1FFE747F24C40C0F652
:102670000400ECF753FA05A80AF0D6FD40F6A06175
:10268000C2F201010120087000200990B0E0049816
:10269000022807D1FFE747F24C40C0F60400ECF7F0
:1026A0003DFAAEE70498032807D1FFE747F24C4014
:1026B000C0F60400ECF732FABCE7049804280DD108
:1026C000FFE747F24C40C0F60400ECF727FA05A8F4
:1026D0000AF0AAFD4FF48070099089E0049805285B
:1026E00044D1FFE747F63E30C0F60400ECF716FA97
:1026F00005A80AF045FFFFE7ECF758F98DF80E0042
:102700009DF80E00032807D1FFE747F24C40C0F6C2
:102710000400ECF703FA8EE79DF80E00042807D1B9
:10272000FFE747F24C40C0F60400ECF7F7F919E078
:102730009DF80E1005A80AF0ADFC9DF80E000D28BE
:1027400007D1FFE747F66E30C0F60400ECF7E6F974
:1027500005E00DF10E000121ECF7EEF9FFE7FFE7D0
:10276000FFE7C9E701208DF80F002DE005A80AF06A
:10277000C1FE08B9FFE75DE7FFE705A80AF0E0FE44
:10278000F9F726F9F0B1FFE705A800900A210AF051
:1027900081FCF9F79BFA0146009801F083F9049057
:1027A0000498032807D1FFE747F24C40C0F6040025
:1027B000ECF7B4F93FE70498042801D1FFE701E002
:1027C000FFE7DAE7FFE7FFE7FFE7FFE7FFE7FFE7FE
:1027D0009DF80F1005A81622FEF746FB04909DF801
:1027E0001100C00718B1FFE70498099000E021E745
:1027F00009980AB080BD000080B588B007900691A6
:102800000698079900F072F8059040F60840C2F269
:102810000100406A8168C068884243D3FFE740F600
:102820000840C2F20100406A8068400004900498A9
:10283000C0EBC000183003900398E2F75BFE0290F3
:10284000029850B9FFE740F60841C2F201010020AA
:10285000C1F8D8000498E2F731FE0299049801EB20
:1028600080001830086102990869049A00EB420060
:10287000486140F60841C2F20101486A029A1060BC
:102880004A6A5068D2688318029A506863F31E003F
:1028900050600498029A9060029A0020D0600298DA
:1028A0004862FFE740F60840C2F20100416AC96889
:1028B00001910599426A1269019B22F81310079948
:1028C000426A5269019BD1540699426A019B02EB0C
:1028D00083029161426AD1680131D160406A4068E7
:1028E00020F000400199084408B080BD84B00390F6
:1028F000029141F20550019003980299084400901A
:10290000FFE70398009988420CD2FFE7019800EB9B
:1029100040100399097848400190FFE7039801307F
:102920000390EEE7BDF804000190019820B9FFE79D
:10293000019801300190FFE7019804B07047000052
:1029400080B584B00390029103A8DCF74DFE01909E
:10295000019840690399405C0299086001980399C5
:1029600000EB8100806904B080BD000080B584B0B8
:1029700040F60840C2F20100406A0390FFE7039965
:102980000020009051B1FFE7039845F26421C0F6A2
:102990000401401A18BF01200090FFE70098C0070B
:1029A00028B3FFE70398183002900398C16800EB42
:1029B000810018300190FFE702980199884211D2F6
:1029C000FFE70298026844F62C30C0F604004AF68D
:1029D000B671C0F60401F8F719FBFFE7029804305E
:1029E0000290E9E7FFE7039800680390C7E704B0A7
:1029F00080BD000080B58AB008900791079818B98B
:102A0000FFE70120099077E008980799FFF76EFF2C
:102A1000069040F60840C2F20100406A0590FFE7C8
:102A20000598002865D0FFE7002004900599C96843
:102A30000139039105994968B0EBD17F22D0FFE7B6
:102A4000FFE703980499401A02281AD3FFE7049875
:102A5000039908444008029008980599029A01EBEE
:102A600082018969079ACDF78CFE019001980028B0
:102A700003DCFFE70298039002E002980490FFE76E
:102A8000DFE7FFE704980090FFE700980399013122
:102A9000884229D2FFE705980069009930F81100B3
:102AA000069988421BD1FFE7059840690099405C70
:102AB0000799884213D1FFE70598009900EB810040
:102AC00080690899079ACDF711FE40B9FFE705988C
:102AD000406820F000400099084409900CE0FFE7AE
:102AE000009801300090D0E7FFE705980068059056
:102AF00096E700200990FFE709980AB080BD000022
:102B000080B582B0019001980090CDF71BFE014680
:102B1000009800F003F802B080BD000080B582B0DC
:102B20000190009101980099002200F003F802B092
:102B300080BD000080B58AB0099008918DF81F20F3
:102B400009980899FFF756FF06900698002840F06C
:102B5000CF80FFE70898B0F5807F0AD3FFE746F201
:102B60003800C0F604004BF68011C0F60401F8F7F7
:102B700083FB9DF81F00C00798B1FFE709980899EB
:102B8000405C08B9FFE70BE04AF6C770C0F60400E6
:102B90004BF26A61C0F604014FF4A372D1F732FA26
:102BA000A0E008980130059040F60840C2F201000C
:102BB000D0F8D800E0B3FFE740F60840C2F20100C9
:102BC000D0F8DC10D0F8E000059A104488422FD9E4
:102BD000FFE740F60841C2F20101D1F8D800D1F870
:102BE000DC10059A11440022E2F7BAFC0490049824
:102BF00090B9FFE740F60841C2F201010091D1F817
:102C0000D800D1F8E01000220192E2F7A9FC009967
:102C10000198C1F8D8000AE0059A40F60841C2F2CE
:102C20000101D1F8DC001044C1F8DC00FFE7FFE748
:102C300040F60840C2F20100D0F8D800B0BBFFE770
:102C40000598039003987F2803D8FFE7802003901E
:102C5000FFE70398E2F74EFC014640F60840C2F257
:102C60000100C0F8D810D0F8D800A0B9FFE7059847
:102C7000E2F740FC014640F60840C2F20100C0F80D
:102C8000D810D0F8D80018B9FFE70598E2F716FC7D
:102C900005980390FFE7039840F60841C2F201014E
:102CA000C1F8DC000020C1F8E000FFE740F6084171
:102CB000C2F20101D1F8D800D1F8E020104402900E
:102CC000059AD1F8E0001044C1F8E0000298099993
:102CD000089ACDF7A1FD0299089A0020885402981D
:102CE0000990FFE708980999FFF786FD0690FFE72E
:102CF00006980AB080BD000080B582B0019001A89E
:102D0000DCF772FC009000980069019930F811001E
:102D100002B080BD40F60841C2F2010145F26420D4
:102D2000C0F6040048620020C1F8D80070470000D7
:102D300080B582B0019001A8DCF756FC00900098A5
:102D400040690199405C02B080BD000080B588B048
:102D50000790069105920493079900200860069950
:102D60000860059908600499086040F60840C2F2BE
:102D70000100406A0390FFE703990020009051B1E1
:102D8000FFE7039845F26421C0F60401401A18BF1A
:102D900001200090FFE70098C00788B3FFE707997C
:102DA0000868013008600398C268069908681044F2
:102DB00008600398406902900398C168406908441C
:102DC0000190FFE70298019988420CD2FFE7029830
:102DD000007805990A68104401300860FFE70298FE
:102DE00001300290EEE70398DFF7DAFA0246049921
:102DF000086810440860FFE7039800680390BBE789
:102E000005980268049908681044086008B080BDFD
:102E100080B582B0019001A8DCF7E6FB0090009835
:102E2000019900EB8100806902B080BD82B0019001
:102E30000091009870B1FFE7019946F2A400C0F636
:102E4000040008600198009A1168526C0023EFF7A3
:102E500029FDFFE70198FDF7E9FD000080B584B08A
:102E60000390029101920198006808B1FFE724E005
:102E7000039800900298922807D1FFE700984068D5
:102E8000F3F758FB0199086017E00298962807D1DC
:102E9000FFE700988068F3F74DFB019908600BE0AD
:102EA0000298952807D1FFE70098C068F3F742FB26
:102EB00001990860FFE7FFE7FFE704B080BD00006D
:102EC00080B584B00390029103980190019A5068F4
:102ED0009168D268029BF3F70BFD04B080BD00003F
:102EE00080B584B00290029801900198C0680128D2
:102EF00006DBFFE701994868896888420CDBFFE739
:102F00000198C068B0F1FF3F13DCFFE70199486802
:102F1000896888420DDDFFE70198406800900199BB
:102F20004868CA68104448600098F3F703FB0390B0
:102F300002E000200390FFE7039804B080BD00008A
:102F400082B0019001994A688868C968801A08446B
:102F500000900198C068012804DBFFE70098013861
:102F6000009003E0009801300090FFE7009801997D
:102F7000C96890FBF1F000900098B0F1FF3F03DCCE
:102F8000FFE700200090FFE7009802B070470000C4
:102F900080B588B00790069105920493069805992C
:102FA0006B46002201921A60012202920323E4F789
:102FB000B7FA07991020F2F765FD019902460298C9
:102FC0000392039A51600399C8600698012807D1BB
:102FD000FFE704980068F0F7CDFB0399886021E0D3
:102FE00004980068F0F7C6FB0399486004984068AD
:102FF000F0F7C0FB039988600698032811D1FFE71A
:1030000004988068F0F7B6FB0399C8600398C0681D
:1030100030B9FFE74AF27600C0F60400F8F722F96B
:10302000FFE7FFE7039808B080BD000080B584B0DB
:10303000039002918DF80720029800900398009960
:103040004A688B684AF26901C0F60401F7F7DEFFAF
:103050000098C068012808D1FFE7039849F6F711E6
:10306000C0F60401F7F7A0FE09E003980099CA68CA
:103070004AF26301C0F60401F7F7C8FFFFE704B0A6
:1030800080BD000080B58CB00A9009910892089824
:1030900004284FD1FFE70A9807900798FFF750FFE1
:1030A00006900020A0BBFFE70998F2F777F878B305
:1030B000FFE70998006846F2C871C0F6040188422B
:1030C00026D1FFE70998069903AAF4F75BF846F2C0
:1030D0000471C0F604011020F2F7D4FC02900799A5
:1030E00003984A68C96800FB012002994860079963
:1030F00004984A68C96800FB012002998860059815
:103100000799C96848430299C86002980B9014E077
:10311000079800680699099A0023EBF7D1F9019006
:10312000079901984A68C96800FB0120F3F702FA81
:103130000B9002E000200B90FFE70B980CB080BDD5
:1031400080B586B08DF81300039103980290029821
:10315000FFF7F6FE01909DF8130001460091042848
:1031600004D0FFE70098052809D00DE00199002060
:103170000029C8BF0120F2F771FD059007E0019812
:10318000F3F7D8F9059002E000200590FFE70598D5
:1031900006B080BD80B584B00290019102980022F3
:1031A00042600298026002988260029B18681918B7
:1031B0000130186062200873029B186819180130EA
:1031C000186003200873029B1868191801301860F2
:1031D00002200873029B18681918013018606020DB
:1031E0000873029B1868191801301860FB200873D7
:1031F0000299486803304860029B1868191801302A
:1032000018607E200873029B1968581801311960F4
:103210000273029948680130486001980299D0F71A
:103220005BFF0190019820B1FFE70198007818B189
:10323000FFE7012003901FE0029A10681118013087
:1032400010607E200873029A106811180130106017
:10325000012008730299486801304860029A10689A
:103260001118013010607F200873029948680130FE
:10327000486000200390FFE7039804B080BD000081
:1032800080B586B0DDF820C00590049103920293CA
:10329000089820B1FFE705981130019003E00598E8
:1032A0000C300190FFE70198049A5168039BDDF808
:1032B00008C0EE46CEF800C001F0F4F806B080BDBC
:1032C00080B586B004900020039002900A200190FF
:1032D000049801A90122D0F7FFFE20B9FFE74FF0C3
:1032E000FF30059002E001980590FFE7059806B0D1
:1032F00080BD000080B590B08DF83B000D910C9220
:1033000000208DF82B00B8B9FFE70C980068F1F7A2
:1033100031FE88B1FFE70C980068006846F6283156
:10332000C0F60401884207D1FFE70C9800680B90B3
:1033300001208DF82B0005E00C990120E3F72CFC0F
:103340000B90FFE70C98406806A9F4F799FF0890E6
:10335000079008980699084409909DF82B00C0072B
:1033600000283ED0FFE70D9803283AD3FFE70C98DA
:103370008068F0F7FFF9059005980699884203DD0B
:10338000FFE70698059008E00598B0F1FF3F03DCE1
:10339000FFE700200590FFE7FFE70599089808443C
:1033A00008900D9804281BD3FFE70C98C068F0F72D
:1033B000E1F9049004980699884203DDFFE7069836
:1033C000049008E004980599884203DAFFE705981D
:1033D0000490FFE7FFE70798049908440990FFE786
:1033E000FFE70B98C168022000EB410003900399AE
:1033F0000C2000EB8100E2F743F8029002980C30B9
:1034000003998900CDF728FB0B980430029901F14C
:103410000C02039B9DF83B1001F00101EC46CCF837
:10342000001007A9FFF72CFF0190019830B9FFE7C2
:103430000298E2F71DF806200F9012E0029943F27D
:103440001840C0F604000860039800EBD0704010EC
:10345000029948600C9840680299886002980F9021
:10346000FFE70F9810B080BD80B582B00190009149
:103470000199009A0120FFF73DFF02B080BD0000D6
:1034800080B584B0039002918DF8072002980090D7
:103490000398009A47F66601C0F60401F7F7B6FDF7
:1034A00004B080BD80B582B0019000910199009A6E
:1034B0000020FFF71FFF02B080BD0000D0B502AFB3
:1034C00090B047F80C0C47F8101C57F8100C006827
:1034D00047F8140C57F8100C4068F0F7CFF947F88C
:1034E000280C57F8100C4068A7F12401F4F7C8FE27
:1034F00047F81C0C47F8200C57F81C0C57F8241CF4
:10350000084447F8180C57F8140CC168022000EB67
:10351000410047F82C0C002047F8300C57F80C0CF1
:10352000032808D3FFE757F8100C8068F0F722F95A
:1035300047F8300CFFE700210846F3F7BBF847F8DF
:10354000340C57F82C1C072000EB810020F00701F9
:103550006846401A854647F8380CFFE757F8380C9C
:1035600057F82C1C8900CDF777FA57F8140C043063
:1035700057F8382C57F82C3C82B0EC460021CCF898
:103580000010A7F12001FFF77BFE02B047F83C0CCA
:1035900057F83C0C38B1FFE757F8381C0868496801
:1035A000884201D1FFE730E057F8280C57F81C1C7F
:1035B00057F8382C1268521AF3F79EFA47F8400C65
:1035C00057F8340C57F8401CF2F740F957F8140C30
:1035D000C068012806DBFFE747F6A300C0F6040039
:1035E000F7F7FCFD57F8380C406847F81C0C57F803
:1035F000300C012808DBFFE757F8300C013847F89A
:10360000300C08B9FFE700E0A8E757F8380CECF7F2
:10361000A7FD57F8280C57F81C1C57F8182C521AFD
:10362000F3F76AFA47F8440C57F8340C57F8441C7F
:10363000F2F70CF957F8340CA7F10804A546D0BDF1
:10364000D0B502AF9AB047F8100C47F8141C002010
:10365000C0B9FFE757F8140C0068F1F78BFC88B18C
:10366000FFE757F8140C0068006846F62831C0F6EA
:103670000401884206D1FFE757F8140C006847F8A8
:10368000180C07E057F8141C0120E3F785FA47F8F7
:10369000180CFFE757F8140C406847F81C0C57F853
:1036A000140C806847F8200C002047F8240C57F8C9
:1036B000100C042808D3FFE757F8140CC068F0F783
:1036C00059F847F8240CFFE757F8200CA7F1280118
:1036D000F4F7D6FD47F82C0C57F82C0C47F8340CAF
:1036E00047F8380C57F8340C57F8281C084447F8AA
:1036F000300C57F8180CC168022000EB410047F865
:103700003C0C002047F8440C57F83C1C132000EBFD
:10371000810020F007016846401A854647F8500CA2
:1037200057F8501C43F21840C0F60400086057F8E0
:103730003C0C00EBD070401057F8501C486057F814
:10374000200C57F8501C8860FFE757F8500C0C30DD
:1037500057F83C1C8900CDF77FF957F8180C043056
:1037600057F8501C01F10C0257F83C3C82B0EC4673
:103770000021CCF80010A7F13801FFF781FD02B05D
:1037800047F8540C57F8540C38B1FFE757F8501C61
:10379000C8680969884201D1FFE70DE157F8440C78
:1037A00058B9FFE757F8500CC06857F8341C411A55
:1037B000A7F14C0009F0FCFDFFE757F8341C57F85F
:1037C000500CC068421AA7F14C0009F015FD57F8DB
:1037D0001C0CF1F7B5FA48B1FFE757F81C0C57F885
:1037E000501CE5F7BDFF47F86C0C04E057F81C0CC3
:1037F00047F86C0CFFE757F86C0CF4F7ADFD47F891
:10380000580CFFE757F8580C0078002800F0C180EA
:10381000FFE757F8580C00785C2840F0AE80FFE7CF
:1038200057F8580C013047F8580C002007F8590C8D
:1038300057F8580C007867280FD1FFE757F8580C55
:1038400040783C2809D1FFE757F8580C023047F878
:10385000580C012007F8590CFFE757F8580C00786E
:10386000302877DBFFE757F8580C0078392871DCEF
:10387000FFE7002047F8600CFFE757F8600C00EB0B
:10388000800157F8580C421C47F8582C007800EB80
:103890004100303847F8600CFFE757F8580C0178C2
:1038A0000020302947F8700C0ADBFFE757F8580C66
:1038B000017800203A29B8BF012047F8700CFFE7D3
:1038C00057F8700CC0070028D7D1FFE717F8590C3C
:1038D000C00760B1FFE757F8580C00783E2806D1C2
:1038E000FFE757F8580C013047F8580CFFE757F836
:1038F000600C57F8501C496888420AD3FFE757F814
:10390000600C4000411C45F6DC60C0F60400F7F78F
:10391000DDFC57F8500C57F8601C00EBC100C06884
:1039200047F8640C57F8640C98B1FFE757F8500C4F
:1039300057F8601C00EBC100006947F8680C57F8A5
:10394000641C57F8680C421AA7F14C0009F054FCAB
:10395000FFE711E057F8580C00785C280BD1FFE71F
:1039600057F8580C411C47F8581C0178A7F14C0037
:1039700009F090FBFFE7FFE70AE057F8580C411CFD
:1039800047F8581C0178A7F14C0009F083FBFFE7CA
:1039900038E757F8500C006947F8340C57F8240CF6
:1039A000012808DBFFE757F8240C013847F8240CFE
:1039B00008B9FFE700E0C8E657F8500CECF7D0FB79
:1039C00057F8440C28B9FFE757F8200C47F80C0CBF
:1039D00021E057F8341C57F8300C421AA7F14C007C
:1039E00009F00AFC57F8200CEFF748FF46F60001F3
:1039F000C0F60401884207D1FFE7A7F14C00F3F7B6
:103A00003BF847F80C0C06E0A7F14C00F2F7C0F9C0
:103A100047F80C0CFFE757F80C0CA7F10804A54673
:103A2000D0BD000080B582B0019001990868496856
:103A3000884702B080BD000080B584B00390029139
:103A40000192FFE70198411E019148B1FFE70399F8
:103A500008684968884702994A1C02920870F1E791
:103A600004B080BD80B584B0039000200290FFE7D1
:103A700003990868496888478DF8070002999DF8FE
:103A8000070000F07F0040EAC11002909DF8070097
:103A90000006002801D4FFE700E0E9E7029804B03F
:103AA00080BD000080B584B0039002910398029914
:103AB00000F0C2F8FFE7EAF779FF0190019800F003
:103AC000E7F800900098002803D4FFE7009804B0BE
:103AD00080BDF0E780B588B040F6A460C2F2010076
:103AE000407DC00708B9FFE7A4E040F6A460C2F239
:103AF000010000680790079840680228C0F09A808B
:103B0000FFE7079948688968084410F8010C0A28FB
:103B100040F09080FFE70798406801380690FFE783
:103B2000069801280FDBFFE707988168069808448C
:103B300010F8010C0A2801D1FFE704E0FFE706981E
:103B400001380690ECE706980590FFE7059807997D
:103B5000496888420DD2FFE7079880680599405C64
:103B6000202801D0FFE704E0FFE705980130059029
:103B7000ECE70698012829DBFFE705980130079953
:103B80004968884222D1FFE7069801380490FFE790
:103B90000498D0B1FFE7079881680498084410F8AA
:103BA000010C0A2801D1FFE744E0079881680498D6
:103BB000084410F8010C202801D0FFE705E0FFE7DA
:103BC000FFE7049801380490E2E7FFE705980699BB
:103BD000401A80080390079948688968084410F8DB
:103BE000020C3A2804D1FFE7039801300390FFE765
:103BF000FFE70398411E039101281ADBFFE70798AE
:103C000047F6A331C0F6040101910422029209F0A3
:103C1000F3FA01980299EAF78FFF40F6A461C2F225
:103C20000101086904300861487D40F002004875D0
:103C3000DFE7FFE708B080BD80B584B00390029154
:103C4000039840F6A461C2F2010101910860039853
:103C5000406848600020886008754FF0FF30C860F9
:103C600048680861029888610298EAF757FF03984C
:103C700009F046FC38B9FFE740F6A461C2F2010141
:103C800001204875FFE7FFF725FF04B080BD000065
:103C900080B59AB0189040F6A460C2F201000168A5
:103CA00049681791002116918DF85710149180687A
:103CB000002840F0B781FFE71898012814DBFFE7E0
:103CC0001898052810DCFFE740F6A460C2F2010056
:103CD0000C90006809F014FC0C994968884203D1E3
:103CE000FFE7189819909BE31898012801D1FFE786
:103CF000B6E21898022801D1FFE775E21898032868
:103D000003D1FFE7189819908AE31898042801D185
:103D1000FFE7D2E21898052801D1FFE7BAE2189828
:103D2000062801D1FFE74CE218980B280ED1FFE7D7
:103D300040F6A462C2F20102179910681269891A4A
:103D400009F0B2FA01208DF8570063E118980E28A7
:103D500001D1FFE7F3E11898102801D1FFE7ADE1A9
:103D60001898152814D1FFE740F6A462C2F20102A8
:103D70000B92106851681269521A09F067FA0B9891
:103D800041680069401A169001208DF857003EE105
:103D900018980D2816D1FFE747F24C40C0F60400F2
:103DA000EAF7BCFE40F6A460C2F201000A90006887
:103DB00009F0C6FB0A994968084400F035FB002069
:103DC00019902DE318981B2807D1FFE740F6A4614E
:103DD000C2F201010120886017E11898082804D078
:103DE000FFE718987F284CD1FFE740F6A460C2F2A5
:103DF000010041680069884242D9FFE70020139022
:103E000040F6A460C2F2010040681290FFE71298E9
:103E100040F6A461C2F201010969884216D2FFE7A7
:103E200040F6A460C2F20100006880681299405C0C
:103E3000202803D0FFE70020139007E013980130FB
:103E40001390FFE7129801301290E0E713980328CF
:103E500003DCFFE70120139002E004201390FFE74A
:103E600040F6A461C2F2010108680969139A891A2F
:103E700009F0ECF91398169001208DF85700FFE730
:103E8000C2E040F6A460C2F20100407D8007002835
:103E90001DD5FFE71898092804D0FFE718982028B7
:103EA00015D1FFE740F6A461C2F201010020487578
:103EB000189820280AD1FFE70321169140F6A46044
:103EC000C2F20100006809F0EFF9FFE79BE01898E3
:103ED000092840F08080FFE740F6A460C2F20100AC
:103EE000006809F00DFBD0B1FFE740F6A460C2F214
:103EF00001000990006809F05BFB01460998006920
:103F0000084410F8010C08F017FC40B1FFE747F631
:103F1000A330C0F604001190042010901BE040F67E
:103F2000A460C2F201000890006809F041FB01465C
:103F30000898426811440F9141680069401A0E9038
:103F40000F980E9944F62C32C0F6040211ABF7F725
:103F500053FC1090FFE7109808B9FFE73AE010987B
:103F60000130A8B9FFE740F6A460C2F20100079053
:103F70008069EAF7D3FD079908684A68096980688B
:103F80001044891AEAF7D8FD01208DF8570020E087
:103F900000200D90FFE70D981099884213D2FFE79B
:103FA00040F6A461C2F20101086809690D9A114442
:103FB000119A531C1193127809F07AFAFFE70D98C1
:103FC00001300D90E7E701208DF85700109814900C
:103FD000FFE7FFE716E01898202812DBFFE71898A4
:103FE0007E280EDCFFE740F6A461C2F201010868FA
:103FF0000969189A09F06EFA01208DF8570014909B
:10400000FFE7FFE7FFE7FFE7FFE7FFE7FFE7FFE780
:10401000FFE7FFE7FFE7FFE7FFE7FFE7FFE7FFE770
:10402000FFE795E140F6A460C2F201008068012834
:104030001FD1FFE7189806904F280BD0FFE706988E
:104040005B280ED1FFE740F6A461C2F20101022015
:1040500088600DE040F6A461C2F20101042088608E
:1040600006E040F6A461C2F2010100208860FFE78B
:104070006DE140F6A460C2F201008068022840F0C1
:10408000D280FFE7189830280DDBFFE71898392811
:1040900009DCFFE740F6A461C2F201010320886059
:1040A00018980875BEE040F6A461C2F20101002034
:1040B0008860189841283DD1FFE7FFE740F6A460EB
:1040C000C2F20100C0680130072832DCFFE740F689
:1040D000A460C2F20100C16840F60840C2F20100CB
:1040E00000EB8100006F20B3FFE740F6A461C2F24D
:1040F00001010591C8680130C8600A6848685060CD
:104100000868CA6840F60841C2F2010101EB820169
:10411000C96E09F05FF805994A680869801A169017
:1041200001208DF85700086849684068401A1490CB
:10413000FFE776E0189842283ED1FFE7FFE740F618
:10414000A460C2F20100C068002834D4FFE740F642
:10415000A461C2F201010491C8680138C86008680E
:104160004A684168891A09F09FF80498C0680028D5
:1041700010D4FFE740F6A461C2F201010868CA68E2
:1041800040F60841C2F2010101EB8201C96E09F05B
:1041900021F8FFE740F6A461C2F201014A6808690C
:1041A000801A169001208DF8570008684968406809
:1041B000401A1490FFE733E0189843280FD1FFE727
:1041C000FFE740F6A460C2F2010001680069496897
:1041D000884203D2FFE701201490FFE71FE0189800
:1041E00044280ED1FFE7FFE740F6A460C2F20100C9
:1041F00041680069884203D9FFE701201690FFE774
:104200000CE01898482801D1FFE729E018984628C3
:1042100001D1FFE73EE0FFE7FFE7FFE7FFE7FFE74A
:10422000FFE7FFE792E040F6A460C2F20100806879
:10423000032867D1FFE718987E285BD1FFE740F697
:10424000A460C2F20100007D312808D0FFE740F6EB
:10425000A460C2F20100007D37280AD1FFE7FFE722
:1042600040F6A460C2F2010041680069401A16904D
:104270003FE040F6A460C2F20100007D342808D07F
:10428000FFE740F6A460C2F20100007D38280BD1A0
:10429000FFE7FFE740F6A461C2F20101086809697F
:1042A0004068401A149023E040F6A460C2F2010076
:1042B000007D33281AD1FFE7FFE740F6A460C2F281
:1042C000010001680069496888420ED2FFE740F6A4
:1042D000A461C2F20101086809690122039208F091
:1042E000B5FF03988DF85700FFE700E0FFE7FFE711
:1042F000FFE700E0FFE740F6A461C2F20101002001
:10430000886022E040F6A460C2F2010080680428C0
:1043100013D1FFE718980290462805D0FFE70298CE
:10432000482802D1FFE79BE7B4E740F6A461C2F258
:10433000010100208860FFE706E040F6A461C2F2B8
:10434000010100208860FFE7FFE7FFE7FFE7FFE7E5
:10435000169801280CDBFFE71698EAF7DFFA169AA1
:1043600040F6A461C2F201010869801A0861FFE702
:104370009DF85700C00780B3FFE740F6A460C2F283
:10438000010000684068179988420AD2FFE7179831
:1043900040F6A461C2F201010969401AEAF7B2FAD3
:1043A000FFE740F6A461C2F20101019108680A69C1
:1043B000416880681044891AEAF7BEFB01990868D1
:1043C00009694068149A1144401AEAF7A7FA01995A
:1043D000149A08691044086116E01498012812DB49
:1043E000FFE740F6A461C2F2010100910868096983
:1043F000806808441499EAF79FFB0099149A0869A9
:1044000010440861FFE7FFE740F6A461C2F2010132
:10441000487D00F0FD0048754FF0FF301990FFE730
:1044200019981AB080BD000080B584B0039003983D
:104430000078A8B3FFE740F60840C2F20100C06E62
:1044400050B1FFE740F60840C2F20100C06E039988
:10445000CCF72AFB20B3FFE7039803F015F902908D
:104460000298E0B1FFE707200190FFE701980128DB
:104470000EDBFFE7019940F60840C2F2010000EBB5
:104480008101886EC866FFE7019801380190EDE769
:10449000029840F60841C2F20101C866FFE7FFE753
:1044A00004B080BD80B58AB0DDF830C008900791B7
:1044B00006920593E6F7AEF8FFE7089800784F28D4
:1044C0000ADCFFE7079806998968884203D3FFE76B
:1044D00000200990F6E0FFE70898411C0891007859
:1044E0000146029101282BD0FFE70298022834D020
:1044F000FFE702980338022833D3FFE70298052824
:1045000042D0FFE70298502800F0BD80FFE70298F4
:10451000512800F0C280FFE70298602847D0FFE7EB
:10452000029861284ED0FFE70298622865D0FFE725
:1045300002987E287AD0FFE702987F2834D0B6E030
:104540000798007808994A1C08920978884203D095
:10455000FFE700200990B5E0FFE7079801300790DA
:10456000ABE708980799D0F7B5F918B9FFE700202D
:104570000990A7E00898017800EB4100013008900D
:1045800007980130079098E708980799D0F7E8F95D
:1045900018B9FFE70020099094E0089801300890CE
:1045A00007980130079088E7012009908AE0089871
:1045B000411C089190F90000039008980399084461
:1045C00008907AE70898411C089190F90000039040
:1045D00008980799069A059BDDF830C0EE46CEF89C
:1045E00000C0FFF75FFF18B1FFE70120099069E005
:1045F00008980399084408905FE70898411C0891BF
:1046000090F9000003900898039908440799069AC6
:10461000059BDDF830C0EE46CEF800C0FFF742FF44
:1046200018B1FFE7012009904CE046E70898411CCB
:1046300008910078039003980C99884201DBFFE70A
:104640003BE70598039950F82100049007980599D5
:10465000039A41F8220008980799069A059BDDF80D
:1046600030C0EE46CEF800C0FFF71CFF18B1FFE7E0
:104670000120099026E004980599039A41F8220048
:10468000002009901EE0079806990968884203D027
:10469000FFE70020099015E00FE707980699896861
:1046A000884203D0FFE7002009900BE005E747F6BA
:1046B0004600C0F6040047F66E01C0F604014F2222
:1046C000CFF7A0FC09980AB080BD000080B584B087
:1046D0000290029801900198806818B9FFE70020C5
:1046E00003900DE001998868013888600199486855
:1046F0008968490001310422F4F74AF80390FFE782
:10470000039804B080BD000080B58AB0089007917E
:1047100006920593079806996B4600221A600123BA
:104720001A46E2F717FF059800684FF4A97103AA2B
:10473000EBF732FC039838B1FFE7002103AA0846E3
:10474000E5F770F8099013E008990C20F1F79AF951
:104750000290059800680299486005980068F1F792
:1047600019F8EFF707F80299886002980990FFE7B7
:1047700009980AB080BD000086B0DDF81CC0DDF8E5
:1047800018C00590049103920293059A9068049BC7
:104790000399128A01FB023100EB41000190FFE70F
:1047A0000698411E0691C8B1FFE702980090FFE706
:1047B000009850B1FFE7079801998A1C0192088080
:1047C000FFE7009801380090F2E70598008A029907
:1047D000411A019800EB41000190E1E706B07047F3
:1047E00083B0029001910092029A9068019B009917
:1047F000128A01FB023130F8110003B0704700004B
:1048000084B003900291019200930098039B9968F1
:10481000DDF808C0019A1B8A02FB03C221F81200CE
:1048200004B0704781B00090009A918810890844C4
:10483000D288821A92FBF1F000FB112001B0704780
:1048400081B0009000988188C2880A440089C043E2
:10485000024492FBF1F000FB112001B07047000010
:1048600080B586B00590049103920598C0880290A7
:1048700002980399421805988188B2FBF1F000FB79
:10488000112001900498009001980299884213D257
:10489000FFE70098059A1168029B19449288D21A82
:1048A000CBF7BAFF059880880299411A009808440E
:1048B000009000200290FFE7009805990968029B8C
:1048C0001944019AD21ACBF7A7FF01980599C8801D
:1048D00006B080BD80B586B005900491039205981E
:1048E0000089029002980399421805988188B2FBCA
:1048F000F1F000FB112001900498009001980299BA
:10490000884213D2FFE7059A1068029B1844009969
:104910009288D21ACBF780FF059880880299411AB5
:1049200000980844009000200290FFE70598006876
:10493000029B18440099019AD21ACBF76DFF019897
:104940000599088106B080BD80B596B01590149188
:104950001498F0F737FDF0B9FFE71498F0F77EFCF4
:10496000002849D0FFE714980068007B40B1FFE7BA
:1049700014980068017B00EB81000069049002E05C
:1049800000200490FFE7049847F2D131C0F60201FD
:10499000884231D1FFE71498F0F714FD70B9FFE7B2
:1049A0001498F0F75BFC68B1FFE71498006846F6CE
:1049B0000001C0F60401884204D1FFE705208DF80C
:1049C0004F0003E006208DF84F00FFE7149812A96E
:1049D000F3F756FC119015980DF14F010122F5F7F0
:1049E0005BFE15981299F6F7E1FA15981199129A4B
:1049F0000132F5F751FEE5E01498062809D1FFE7EA
:104A000001228DF8432015980DF14301F5F744FE7E
:104A1000D7E014980E280AD1FFE702208DF8420053
:104A200015980DF142010122F5F736FEC8E0149801
:104A30001E280AD1FFE703208DF8410015980DF1DB
:104A400041010122F5F728FEB9E0149843F6001160
:104A5000C0F60401884209D1FFE704208DF8400028
:104A6000159810A90122F5F717FEA7E00020A8BBB2
:104A7000FFE71498F0F7F2FB80B3FFE714980068A3
:104A800046F67801C0F60401884227D1FFE7149862
:104A90000FA90EAAF3F77EFF0A208DF837001598AC
:104AA0000DF137010122F5F7F7FD15980F99F6F78B
:104AB0007DFA00200C90FFE70C980F9988420CD2E9
:104AC000FFE715980E990C9A51F82210FFF73CFF5A
:104AD000FFE70C9801300C90EEE76EE01498F0F7C9
:104AE0000DFD70B9FFE71498F0F7B8FB68B1FFE768
:104AF0001498006846F27051C0F60401884204D14F
:104B0000FFE707208DF82F0037E0002090B9FFE77E
:104B10001498F0F7A3FB68B1FFE71498006846F219
:104B20003831C0F60401884204D1FFE709208DF82E
:104B30002F0021E0002078B9FFE71498F0F78EFBF2
:104B400050B1FFE71498006846F22C41C0F604010A
:104B5000884201D1FFE70BE04AF6F060C0F604009E
:104B60004AF65071C0F6040140F27D22CFF74AFAAE
:104B700008208DF82F00FFE7FFE707A803900A2120
:104B800005AA019208F052FC0198149901220292A0
:104B9000F2F7B0FA029A15980DF12F01F5F77CFDA6
:104BA00015980899F6F702FA1598089A0999F5F7F1
:104BB00073FD039808F038FBFFE7FFE7FFE7FFE727
:104BC000FFE7FFE716B080BD80B584B00390029187
:104BD0000298A52807D8FFE70398029949000131F8
:104BE000F6F7E4F910E0029801A9FDF7A9FE00909C
:104BF000039801994900F6F7D9F903980099019AA9
:104C00000132F5F749FDFFE704B080BD80B584B0FF
:104C1000039002910398406880B3FFE703984068CF
:104C20000190FFE70198406838B3FFE701980299C7
:104C3000496800F0D7F900900098C8B1FFE70098E4
:104C4000007804280AD0FFE700980078052805D0EE
:104C5000FFE700980078062809D1FFE702990620AF
:104C6000087003980299496800F00AF8FFE704E029
:104C7000FFE7019840680190D4E7FFE704B080BDEA
:104C800080B586B0059004910598406808B1FFE7AB
:104C90000AE04CF2BE40C0F604004CF2E641C0F619
:104CA00004017522CFF7AEF9059840680390FFE73D
:104CB0000398406808B1FFE70AE04CF2D440C0F620
:104CC00004004CF2E641C0F604017722CFF79AF9CE
:104CD00003980499002200F0C1F90290029800782C
:104CE00020B9FFE702990620087031E002980078A9
:104CF000042804D1FFE702990520087026E00298F5
:104D00000078062805D0FFE702980078052801D131
:104D1000FFE70AE04CF27F40C0F604004CF2E641A7
:104D2000C0F604018422CFF76DF9029801780120C2
:104D30000629019008D0FFE7029800780538B0FAFC
:104D400080F040090190FFE70198FFE706B080BDC1
:104D5000FFE7039840680390AAE7000092B0119023
:104D60001198C08A400700283ED5FFE70020109028
:104D70001198008D01380F90FFE70F98002832D46A
:104D8000FFE71198C06A0F9900EBC1000E900E98D2
:104D900040788007002815D5FFE7109888B1FFE715
:104DA0001099086849680D910C9010990E9A106836
:104DB00052684A6008600E990C980D9A4A60086023
:104DC000FFE710E0109840B9FFE70E9840780128FF
:104DD00003D1FFE70E981090FFE7FFE7FFE70F987A
:104DE00001380F90C9E7FFE71199002008840B9064
:104DF000FFE70B981199098D884235DAFFE7119882
:104E0000C06A0B9900EBC1000A9011980078012844
:104E100006D1FFE70A9840680A2801D1FFE71FE0A2
:104E200011980078022809DBFFE70A98007801282A
:104E300004D1FFE70A9903200870FFE70A98007879
:104E4000042805D0FFE70A984078C00738B1FFE78B
:104E5000119A108C411C11840A994880FFE7FFE7E2
:104E60000B9801300B90C4E700200990FFE70998E8
:104E70001199098D88421EDAFFE71198C06A0999D5
:104E800000EBC10008900898007805280ED1FFE7D4
:104E900008984078C00748B9FFE71198008C089936
:104EA00048801199088C01300884FFE7FFE70998D2
:104EB00001300990DBE711984068002800F09080ED
:104EC000FFE7002007900690FFE7069811994968D0
:104ED000098D884250DAFFE711984068C06A069948
:104EE00000EBC100059005980078052805D0FFE784
:104EF0000598007806283AD1FFE700200490FFE7E4
:104F000004981199098D884230DAFFE71198C06A38
:104F1000049900EBC100039003980078062820D183
:104F2000FFE70598406803994968884219D1FFE76F
:104F300003984078C00708B9FFE70BE047F6B07068
:104F4000C0F6040048F29151C0F6040140F67B52CD
:104F5000CFF758F8039907984880079801300790D1
:104F6000FFE7FFE7049801300490C9E7FFE7FFE798
:104F7000069801300690A8E7079801282FDBFFE785
:104F800000200290FFE702981199098D88421BDAF0
:104F9000FFE71198C06A029900EBC10001900198E7
:104FA0000078062805D1FFE701984078C00730B1A6
:104FB000FFE7079A0199488810444880FFE7FFE718
:104FC000029801300290DEE7079A1199488B10444D
:104FD0004883079A1199088C10440884FFE7FFE77B
:104FE00012B0704784B00290019100200090FFE75A
:104FF00000980299098D884216D2FFE70298C06A8C
:10500000009900EBC10040680199884207D1FFE791
:105010000298C06A009900EBC100039007E0FFE727
:10502000009801300090E3E700200390FFE7039829
:1050300004B0704780B582B001900091FFE70198FD
:10504000406820B1FFE7019840680190F7E70198B8
:105050000099FFF7C7FF02B080BD000080B586B0A1
:10506000049003918DF80B2004980399FFF7BAFF81
:105070000190019818B1FFE7019805902BE0049981
:10508000088DC98C88420FDBFFE70499C86ACA8C77
:10509000302101EBC201E0F74DFA0499C86204998E
:1050A000C88C0630C884FFE7049BD86A198D4A1C57
:1050B0001A8500EBC10001909DF80B000199087062
:1050C000019900204870019948800398019948602F
:1050D00001980590FFE7059806B080BD80B582B0C5
:1050E00001900198C06AE0F7C3F90198E0F7C0F9B0
:1050F00002B080BD80B586B08DF817000491039290
:105100003020E0F7D1F902909DF81700029908705D
:1051100004980299C8609DF81700072805D0FFE79A
:105120009DF81700012829D1FFE7049830B1FFE767
:105130009DF81000800708B9FFE70AE048F28B20CD
:10514000C0F604004CF2E641C0F604013A22CEF764
:1051500059FF04990020019049B1FFE79DF8100024
:1051600000F00300B0FA80F040090190FFE70198D9
:105170000498806800090299888209E09DF8171058
:1051800047F23C00C0F60400405C02998882FFE7C9
:10519000E6F7FEFB029908610398029908830299D9
:1051A0000420C8840298C08CC000E0F769F9029915
:1051B000C862029806B080BD80B586B005908DF8B3
:1051C0001310039202939DF813000399029AFFF7BC
:1051D00091FF01900598006A0199486001990020AB
:1051E00088600598C06920B9FFE701980599C861F2
:1051F0000FE00598C0690090FFE70098806820B133
:10520000FFE7009880680090F7E7019800998860B0
:10521000FFE7019806B080BD80B582B046F2B46168
:10522000C0F604011C20F0F72DFC01900198043019
:1052300000210091FCF786FC0098019908820199F1
:105240008861019802B080BD80B598B01790169122
:105250001698006813A9059112AAEEF7E9F80599C6
:1052600016984068043111AAEEF7E2F805991698ED
:105270008068083110AAEEF7DBF84FF0FF300F908E
:105280001798042820D1FFE71698C06806281AD07E
:10529000FFE71698C068EEF755FA8DED0E0A9DED02
:1052A0000E0AB5EE400AF1EE10FA0BDBFFE79DEDBA
:1052B0000E0A9FED511A20EE010ABCEEC00A8DEDD8
:1052C0000F0AFFE7FFE7FFE71398149A15991044B8
:1052D00001440BA80390FCF735FC03981299139A2C
:1052E000EC4601230293CCF80030FCF7BFFB029B95
:1052F00003981199149AEC46CCF800300423FCF77B
:10530000B5FB029B03981099159AEC46CCF8003037
:105310001823FCF7ABFB039800210491159114911D
:1053200013910F9A13A9FCF781FC04991398F1F7D4
:10533000C1F9049908901498F1F7BCF904990990FF
:105340001598F1F7B7F9014604980A911590149051
:1053500013900790FFE707980C99884242D2FFE725
:1053600007990BA8EBF7CEFB08B9FFE736E00D98DD
:10537000079900EBC100406806900698007BC007C3
:1053800050B1FFE7069800680899C968139A531C42
:10539000139341F82200FFE70698007B400700289E
:1053A0000AD5FFE7069800680999C968149A531C42
:1053B000149341F82200FFE70698C0686FF00501DA
:1053C00008420AD0FFE7069800680A99C968159A4A
:1053D000531C159341F82200FFE7FFE707980130BF
:1053E0000790B8E70BA8FCF7A5FB032008A9F1F785
:1053F0001FFC18B080BD00BF00007A4480B584B0A7
:1054000003900291039801900198043002990122BF
:10541000F7F7F4F8062004B080BD000080B586B030
:10542000059004910392029305980E2804D0FFE79B
:1054300005980F2819D1FFE705980E280AD1FFE734
:105440000298EEF787F90498039900EB810080ED4C
:10545000000A09E00298EEF759F90498039900EB65
:10546000C10080ED000BFFE746E00298EEF7E2F99D
:10547000019005980090072832D80099DFE801F0E4
:1054800004090E141A20262601980499039A8854B8
:1054900032E001980499039A88542DE00198049908
:1054A000039A21F8120027E001980499039A21F841
:1054B000120021E001980499039A41F822001BE0B0
:1054C00001980499039A41F8220015E0059804997F
:1054D000039A01EBC201029B002200F0C9FC0BE021
:1054E0004AF6DC70C0F6040047F61F21C0F604013E
:1054F0004FF4CB72CEF786FD06B080BD84B003902A
:10550000029101920398009040B1FFE700980228B1
:1055100008D0FFE70098042808D00BE00198029912
:10552000087013E00198029908800FE00198029931
:1055300008600BE04AF6DC70C0F6040047F61F2155
:10554000C0F604014FF4A672CEF75CFD04B07047BC
:1055500080B58CB08DF82B000991089209980690BF
:1055600008980790002108460290B9B9FFE709980A
:10557000EFF720FE01460020019061B1FFE7099896
:10558000006846F28471C0F60401401AB0FA80F057
:1055900040090190FFE701980290FFE7029800F0B0
:1055A00001008DF817009DF82B00242808D0FFE794
:1055B0000898DEF733FF18B9FFE700200B90A8E04A
:1055C0009DF82B0001460091242800F29F8000994D
:1055D000DFE801F06D73797F859C9C9C9C2B3D4F8F
:1055E0009C9C9C639C9C9C9C9C9C13191F9C9C9CBD
:1055F000259C9C9C9C9C9C9C8B000998089900F085
:10560000C7FC0B9085E00998089900F005FC0B9009
:105610007FE00998089900F065F90B9079E0022085
:1056200006A900F0A5F80B9073E09DF81700C007DD
:1056300038B1FFE7022006A900F0BAFC09980B90E8
:1056400067E00998089900F0A3FC0B9061E09DF8D1
:105650001700C00738B1FFE70998089900F0ECFB84
:1056600009980B9055E00998089900F0D5FB0B902C
:105670004FE0099808999DF8172002F0010200F008
:105680003DF908909DF81700C00718B1FFE7099889
:105690000B903EE008980B903BE09DF8170000F05F
:1056A0000102022006A900F06FF80B9031E0099882
:1056B000089900F047FA0B902BE00998089900F040
:1056C00059FA0B9025E00998089900F0C3F80B905F
:1056D0001FE00998089900F0ADF90B9019E00998BE
:1056E000089900F03BFA0B9013E009980490049895
:1056F000043008990022F6F781FF039003980028F0
:1057000018BF0120F0F7B4FA0B9002E000200B90D4
:10571000FFE70B980CB080BD80B582B00190019876
:10572000009000980430F6F745FF062002B080BDD7
:1057300080B584B00390039802900298016810200D
:10574000F0F7A0F901900198043002994968F6F742
:1057500041FF02988068019988600198C0680299A9
:105760004A68C9689200CBF7DEF8019804B080BDA2
:1057700080B582B00190009101980099002200F05C
:1057800003F802B080BD000080B58AB0099008918E
:105790008DF81F209DF81F00C00720B1FFE7089873
:1057A0000068069005E008980068FFF7C1FF0690C2
:1057B000FFE701200590FFE705980999884229D263
:1057C000FFE70898059950F821000490069804997D
:1057D000884204D1FFE70698FFF79EFF15E0069880
:1057E0000430039004980021E8F720FF0290FFE7BF
:1057F0000298E9F73FFE019030B1FFE70398019965
:105800000222F6F7FBFEF3E7FFE7FFE7059801301A
:105810000590D1E706980AB080BD000080B582B03F
:1058200001900091019800990122FFF7ADFF062039
:1058300002B080BD80B584B00390029103980190BE
:105840000198043002990222F6F7D8FE062004B02F
:1058500080BD000080B586B0049003910398DEF708
:10586000DDFD08B1FFE70BE04AF29100C0F604004D
:105870004AF2AF01C0F6040140F25D12CEF7C2FB5E
:1058800004980290039801900298806801998968B1
:10589000884203D0FFE70E20059005E004980399A5
:1058A00000F0C8F80590FFE7059806B080BD00003D
:1058B00083B00290019101980090009946F2D06067
:1058C000C0F604000860009945F68D30C0F603006C
:1058D000486002980099886000990020C86000988C
:1058E00003B0704780B582B0019000910198009993
:1058F000002200F003F802B080BD000080B58CB03B
:105900000A9009918DF823209DF82300C00708B163
:10591000FFE700E0FFE70A980999884210D1FFE706
:105920009DF82300C00718B1FFE70620039004E0AC
:105930000A98FFF7FDFE0390FFE703980B9045E000
:105940000A980790002102910846F0F7EBFF0299B0
:1059500006900998E8F76AFE0590FFE70598E9F7D1
:1059600089FD049070B1FFE7079804300499002284
:10597000F6F744FE28B1FFE706980499FFF73EFDCD
:10598000FFE7EBE79DF82300C00788B1FFE7079822
:10599000C068DFF76DFD0698406807994860069873
:1059A0008068079988600698C0680799C860FFE713
:1059B0009DF82300C00718B1FFE70620019002E020
:1059C00006980190FFE701980B90FFE70B980CB049
:1059D00080BD000080B582B00190009101980099CF
:1059E0000122FFF78BFF02B080BD000080B58AB0B6
:1059F0000890079108980690079802A9E8F716FE04
:105A00000190FFE70198E9F735FD009060B1FFE7ED
:105A10000698043000990022F6F7F0FD18B1FFE770
:105A20000E20099003E0EDE71E200990FFE709989A
:105A30000AB080BD80B582B00190009101980099B4
:105A4000002200F003F802B080BD000080B590B0E5
:105A50000F900E918DF8372000208DF82F000F98B1
:105A6000DEF7DCFC18B1FFE70F980C900FE046F270
:105A70008470C0F604000121019100220FAB00F0F8
:105A8000B7F8014601980C918DF82F00FFE7002030
:105A90008DF827000E98DEF7C1FC18B1FFE70E98CD
:105AA0000A900FE046F28470C0F6040001210091D4
:105AB00000220EAB00F09CF8014600980A918DF888
:105AC0002700FFE71E2008909DF83700C00750B15F
:105AD000FFE70C9880680A998968884203D1FFE73C
:105AE0000E20089018E00C9804A9FFF7E1FE03903F
:105AF000FFE7039800F04AF8029060B1FFE70A98C8
:105B0000043002990022F6F779FD18B9FFE70E205C
:105B1000089000E0EDE7FFE79DF82F00C00720B1F7
:105B2000FFE70C98FFF7F8FDFFE79DF82700C00797
:105B300020B1FFE70A98FFF7EFFDFFE7089810B0E4
:105B400080BD000080B582B001900091019800995D
:105B50000122FFF77BFF02B080BD000080B582B05C
:105B600001900091009801990022FFF76FFF02B0A9
:105B700080BD000080B582B001900091009801992D
:105B80000122FFF763FF02B080BD000080B586B040
:105B900004900498039003988068406802900398EA
:105BA0008068043001900398C0680090FFE7009877
:105BB0000299884216D2FFE701980099F6F78AFE0B
:105BC00058B1FFE7009801300399C86001988068D8
:105BD000009950F82100059007E0FFE70098013098
:105BE0000090E4E700200590FFE7059806B080BD2F
:105BF00080B58CB00A90099108920793099808998A
:105C00006B4600221A600123E1F7D8FC0998029044
:105C100020B1FFE7029801280BD00BE000210846D5
:105C2000F0F780FE06900A980699086006980B9097
:105C30001EE0FFE7002101910846F0F773FE01998D
:105C4000059007980068E8F7F1FC0490FFE70498D6
:105C5000E9F710FC039028B1FFE705980399F1F7E5
:105C600083FAF4E70A980599086005980B90FFE716
:105C70000B980CB080BD000080B584B003900398F1
:105C8000029002980430F6F7C3FD0190019850B9D4
:105C9000FFE745F60070C0F604004AF2D601C0F6F0
:105CA0000401F5F7E9FA019804B080BD80B588B029
:105CB000079006918DF81720069804900021084659
:105CC0000190B9B9FFE70698EFF774FA0146002092
:105CD000009061B1FFE70698006846F27041C0F697
:105CE0000401401AB0FA80F040090090FFE70098E4
:105CF0000190FFE7019800F001008DF80F00049873
:105D00008068A8B9FFE79DF80F00C00740B1FFE722
:105D100007984BF6E821C0F60401F5F745F8FFE7D0
:105D200007984AF28B01C0F60401F5F73DF859E0F7
:105D300001208DF80E009DF80F00C00740B1FFE76D
:105D400007984AF28001C0F60401F5F72DF8FFE745
:105D5000079849F62E31C0F60401F5F725F8002022
:105D60000290FFE7029804994968884226D2FFE72B
:105D7000049804300299F6F7ADFDD0B1FFE79DF825
:105D80000E00C00740B9FFE7079847F2B471C0F6AC
:105D90000401F5F709F8FFE700208DF80E000798D9
:105DA0000499C968029A51F822100122F1F7A2F968
:105DB000FFE7FFE7029801300290D3E707984CF223
:105DC000D901C0F60401F4F7EFFF9DF80F00C007FA
:105DD00040B1FFE7079849F6F711C0F60401F4F760
:105DE000E3FFFFE708B080BD80B584B00390029167
:105DF000039801900198043002990222F6F7FEFB05
:105E000038B9FFE7029945F60070C0F60400F5F7CF
:105E10005DFA062004B080BD80B584B00390029185
:105E20000398FFF785FC01900198029900F004F8AF
:105E3000019804B080BD000080B586B00590049143
:105E40000598039004980021E8F7F0FB0290FFE723
:105E50000298E9F70FFB019038B1FFE7039804308F
:105E600001990322F6F7CAFBF2E7062006B080BDCF
:105E700080B586B0059004910392029303993C206B
:105E8000002918BF3E208DF807009DF80700059AED
:105E90004CF6EC21C0F60401895C029A049BEE46A4
:105EA0000DF1100CCEF800C0E2F762FB06B080BD29
:105EB00080B58AB08DF823000791079806909DF869
:105EC000230001460191042808D0FFE70198052826
:105ED0000DD0FFE7019806280FD052E006988068A1
:105EE000002818BF0120EFF7C3FE09904CE0069888
:105EF000806840000130099046E0002000283FD132
:105F0000FFE70798EFF756F9D0B3FFE70798006867
:105F100046F27041C0F60401884231D1FFE746F2F3
:105F20007040C0F6040005900698406804900698FA
:105F30000430039000200290FFE702980499884201
:105F400019D2FFE703980299F6F7C4FC70B1FFE796
:105F500003988068029950F821100620F7F704FB97
:105F60000146059800EB61000590FFE7FFE7029806
:105F700001300290E1E7059840000130099003E00C
:105F8000FFE700200990FFE709980AB080BD0000F4
:105F900080B584B0039002910398FFF7C9FB01908C
:105FA0000198029900F020F8019804B080BD00002B
:105FB00080B584B00390029101200190FFE7019821
:105FC000039988420CD2FFE702990868019A51F8B8
:105FD000221000F009F8FFE7019801300190EEE788
:105FE000062004B080BD000080B584B0039002910B
:105FF00002980021E8F71AFB0190FFE70198E9F702
:1060000039FA009038B1FFE7039804300099012273
:10601000F6F7F4FAF2E704B080BD000080B584B072
:1060200003900291FFE703988068019058B1FFE761
:10603000029803998860039A02200021E3F7F2FB9B
:1060400001980390EFE704B080BD000080B584B0F4
:106050000290019100920098029A40F25311E9F7E0
:106060009BFF0298406880B1FFE71020DFF708FA35
:1060700002998860029881680020886001980299DE
:10608000C86002988068039002E002980390FFE7DE
:10609000039804B080BD000080B584B003900291E5
:1060A000019200930398817C01EB410240F20C01C4
:1060B000C2F2000151F822C00299019A009BE04708
:1060C00004B080BD80B584B0DDF818C003900291A3
:1060D000019200930698D8B1FFE70298002817D4E0
:1060E000FFE7029803998989884211DAFFE701984E
:1060F00000280DD4FFE701980399C989884207DA7F
:10610000FFE703980299019A009BFFF7C5FFFFE79D
:1061100004B080BD80B584B0039002910398006CF8
:1061200001900398006C372813D8FFE70399019A70
:10613000501C019080208854FFE70198372807D829
:10614000FFE70399019A501C019000208854F4E75E
:106150001AE00399019A501C019080208854FFE7AF
:1061600001983F2807D8FFE70399019A501C019036
:1061700000208854F4E70399084600F0CDF803980E
:106180003821CAF769FCFFE703990B6C8A6CC86C6D
:1061900012EBC30240F100008A64C864039991F8CD
:1061A000480081F83F00039991F8490081F83E00CA
:1061B000039991F84A0081F83D00039991F84B004A
:1061C00081F83C00039991F84C0081F83B00039959
:1061D00091F84D0081F83A00039991F84E0081F84A
:1061E0003900039991F84F0081F838000399084667
:1061F00000F092F800200190FFE7019803284ED8A4
:10620000FFE70398006D019B18220092A2EBC301E7
:10621000C8400299C8540398406D0199A2EBC1038C
:10622000D840029B194408710398806D0199A2EB34
:10623000C103D840029B194408720398C06D0199AC
:10624000A2EBC103D840029B194408730398006E67
:106250000199A2EBC103D840029B1944087403982A
:10626000406E0199A2EBC103D840029B1944087506
:106270000398806E0199A2EBC103D840029B194498
:1062800008760398C06E0199A2EBC102D040029A31
:1062900011440877FFE7019801300190ADE704B0A1
:1062A00080BD000081B00090009900200864009932
:1062B000C864886400994EF26760C6F609200865D4
:1062C00000994AF68560CBF66730486500994FF231
:1062D0007230C3F66E40886500994FF23A50CAF2A8
:1062E0004F50C865009945F27F20C5F20E10086630
:1062F000009946F68C00C9F60530486600994DF6BF
:10630000AB10C1F68370886600994CF61950C5F63B
:10631000E030C86601B0704710B5CEB04D904C91DA
:10632000002043904290FFE743980F2810D8FFE7E2
:106330004C984299405800BA439A694641F8220065
:10634000FFE7439801304390429804304290EBE7D6
:10635000FFE743983F2822D8FFE7439A694601EBBD
:10636000820050F8403C50F83CEC50F81CCC50F8FF
:10637000084C4FEA744080EAF44080EA942060447C
:106380004FEAFE1C8CEABE4C8CEADE0C60441844DA
:1063900041F82200FFE7439801304390D9E74D9838
:1063A000006D4B904D98406D4A904D98806D49908E
:1063B0004D98C06D48904D98006E47904D98406E36
:1063C00046904D98806E45904D98C06E4490002048
:1063D0004390FFE743983F2849D8FFE74498479BFD
:1063E0004FEAB31181EAF32181EA736108444699C7
:1063F0001940459A9A4311440844439A43F288113C
:10640000C0F6040151F822100844694651F82210E0
:1064100008444190DDF82CC14FEABC0080EA7C3092
:1064200080EABC504A9A0CEA0201499B0CEA030C30
:1064300081EA0C011A40514008444090459844902C
:106440004698459047984690489841990844479007
:10645000499848904A9849904B984A904198409959
:1064600008444B90FFE7439801304390B2E74B9AC2
:106470004D99086D104408654A9A4D99486D10442D
:106480004865499A4D99886D10448865489A4D9998
:10649000C86D1044C865479A4D99086E1044086647
:1064A000469A4D99486E10444866459A4D99886EB3
:1064B00010448866449A4D99C86E1044C8664EB020
:1064C00010BD000080B584B00390029101920020BD
:1064D0000090FFE700980199884225D2FFE70298D3
:1064E0000099405C03990A6C88540399086C013048
:1064F00008640398006C402811D1FFE7039908460F
:10650000FFF70AFF03998A6CC86C12F5007240F11C
:1065100000008A64C864039900200864FFE7FFE76D
:10652000009801300090D5E704B080BD80B584B0FC
:10653000039002918DF8072002980090039800992B
:106540004A684CF27F31C0F60401F4F75FFD04B0F5
:1065500080BD000080B584B002908DF80710FFE781
:106560000298DDF7DDFE002854D1FFE70298DDF741
:106570004BFF88B1FFE79DF80700C00740B1FFE778
:106580000298406B20B9FFE701208DF80F0045E02D
:106590000298FAF79FF93CE00298DDF7EBFF20B193
:1065A000FFE70298FAF796F932E002982321DDF727
:1065B000B7FDE0B1FFE70298FAF78CF9FFE7029820
:1065C000DDF7AEFE01460020009039B9FFE70298E2
:1065D000DDF71AFF80F001000090FFE70098C00788
:1065E00020B1FFE70298FAF775F9E8E70FE00298A3
:1065F0005C210A22DDF7A2FD38B1FFE70298FAF725
:1066000069F90298FAF766F900E003E0FFE7FFE7AF
:10661000FFE7A5E700208DF80F00FFE79DF80F00CA
:1066200004B080BD84B0039002910192019800688B
:1066300008B1FFE72EE0039800900298922805D158
:10664000FFE7009840680199086023E002989628C7
:1066500005D1FFE7009880680199086019E0029869
:10666000952805D1FFE70098C068019908600FE000
:106670000298B0F5E67F0AD1FFE7019947F278105A
:10668000C0F604000860039801994860FFE7FFE73F
:10669000FFE7FFE704B0704780B58AB00990089122
:1066A0000898EDF767F807900998079904AAF0F79A
:1066B00069FD0498400001300190059840000130C8
:1066C00002900698400001300390032001A9F0F7E2
:1066D000AFFA0AB080BD000080B586B00590049185
:1066E0008DF80F200498029005984AF2EC01C0F64C
:1066F0000401F4F759FB05980299496801220192B7
:10670000F0F7F8FC059847F2B471C0F60401009167
:10671000F4F74AFB019A059802998968F0F7EAFCB8
:1067200000990598F4F740FB019A05980299C96809
:10673000F0F7E0FC059849F6F711C0F60401F4F70C
:1067400033FB06B080BD000082B08DF807000091D9
:10675000002002B07047000080B588B0079007980D
:1067600006900698406818B9FFE71620F4F740FD38
:1067700047F2AC21C0F604011C20EFF791F9059017
:106780000599002048600599886006998B89059ACB
:10679000918963F30401918106998B89059A918906
:1067A00003F4787321F478711944918106998B89E7
:1067B000059A918903F4F84321F4F8411944918131
:1067C000059A91896FF3DF319181059A4FF6FF7138
:1067D000D181059A4FF0FF31116105994861059902
:1067E000087606988168D1F818C005996B4602AA08
:1067F0001A6004AA03ABE04718B1FFE70298F4F768
:10680000F7FC0698406805994860069880680599E5
:10681000886002200021F0F70BFA01900598019999
:106820008860039904A80122F9F7F6FE0199C8606F
:10683000019808B080BD000080B588B0079006912F
:1068400007980590069804A901910122F9F738FFED
:1068500001990390059800F00BFA01990598826858
:10686000D2F810C0039A02ABE04718B1FFE70298D4
:10687000F4F7BEFC062008B080BD000080B588B0EB
:106880000790069107980590069804A901910122A6
:10689000F9F716FF01990390059800F0E9F90199BD
:1068A00005988268D2F81CC0039A02ABE04718B181
:1068B000FFE70298F4F79CFC059902200876062071
:1068C00008B080BD80B586B0049003910292019318
:1068D000049800900398042812D1FFE700984068BC
:1068E00040B1FFE700988168C96888470099002097
:1068F0004860FFE7009903200876002005902BE010
:1069000000984068F0B9FFE70398032813D1FFE728
:10691000009890F9180018B9FFE7142005901BE0C3
:10692000009890F91800032803D1FFE72020059074
:1069300012E0FFE7FFE70199162008604FF0FF30F3
:10694000059009E000988168D1F838C00399029A4F
:10695000019BE0470590FFE7059806B080BD000069
:1069600080B586B005900491049800680390039860
:10697000406818B9FFE76B20F4F73AFC0220029058
:106980000598022813D3FFE704984068ECF7F2FE5D
:1069900002900298B0F1FF3F03DCFFE70020009077
:1069A00002E002980090FFE700980290FFE703984A
:1069B00081684B69029901AA984718B1FFE70198CD
:1069C000F4F716FC039901200876062006B080BD76
:1069D00080B588B0079006910592049306980599B2
:1069E0006B46002202921A600323E0F713FC47F281
:1069F000AC21C0F604011C20EFF752F801460298C2
:106A0000039103994860039988600399888940F04D
:106A1000020020F01D0088810399888920F4787095
:106A2000203088810399888920F4F840888103996F
:106A300088896FF3DF30888103994FF6FF70C88132
:106A4000069888B3FFE704980068ECF793FE0246C7
:106A50000399888962F3040088810698022822D36A
:106A6000FFE704984068ECF785FE024603998889A1
:106A700002F01F0220F4787040EA421088810698E4
:106A800003280FD3FFE704988068ECF773FE0246F3
:106A90000399888902F01F0220F4F84040EA82201E
:106AA0008881FFE7FFE7FFE703994FF0FF300861B8
:106AB00003990020486103990876039808B080BDC7
:106AC00082B0019000910098006802B07047000009
:106AD000B0B588B0079006918DF8172006980490FD
:106AE00007980499B1F90E200B69B1F80CC00CF0AD
:106AF0001F01CCF3441ECCF384244FEADC35EC4672
:106B0000CCF80C50CCF80840CCF804E0CCF80010DD
:106B100047F67111C0F60401F4F778FA08B0B0BD79
:106B200080B588B006900591049203930698029070
:106B30000298406820B9FFE74FF0FF30079014E05B
:106B400002988168D1F824C00599049A039BE04714
:106B500001900198B0F1FF3F04DCFFE74FF0FF30F8
:106B60000190FFE701980790FFE7079808B080BD04
:106B700080B58CB00A9009910A98089008984068EE
:106B800018B9FFE76B20F4F733FB0998ECF7F2FD37
:106B90000790079903A806F03BFC08988168D1F894
:106BA00024C00599079A02ABE04701900198013093
:106BB00018B9FFE70298F4F71BFB019830B9FFE71B
:106BC00043F60810C0F604000B9006E0019804900C
:106BD00003A8EFF7DDF80B90FFE70B980CB080BD32
:106BE00080B590B00F900E910F980D900D98406861
:106BF00018B9FFE76B20F4F7FBFA0E98ECF7BAFD33
:106C0000014609A806F004FC0D988168D1F82CC053
:106C10000A9A0B99EE4606ABCEF8043007ABCEF8D5
:106C2000003008ABE04705900598013018B9FFE740
:106C30000698F4F7DDFA059830B9FFE743F6081037
:106C4000C0F60400039006E005980A9009A8EFF743
:106C50009FF80390FFE7079908A80122F9F7DCFCE9
:106C60000490022003A9EFF7E3FF10B080BD0000FD
:106C700080B584B0039002910398406808BBFFE799
:106C80000298DFF7E7FD0399486003984068ECF746
:106C9000F5FD009003984068ECF7F0FD0146009880
:106CA000497C00EB81000069039988600398816842
:106CB0008A6801A9904718B1FFE70198F4F798FA9C
:106CC000FFE704B080BD000080B588B00790069152
:106CD000079805900598406818B9FFE72020F4F759
:106CE00087FA069802A90122E7F76CFB05988168EC
:106CF000D1F820C00299039A01ABE04700900098B8
:106D0000013018B9FFE70198F4F772FA0098EFF72D
:106D1000A5FC08B080BD000080B588B00790069142
:106D2000079805900598406818B9FFE72020F4F708
:106D30005FFA069802A90122E7F744FB00200090C1
:106D400005980069D0B9FFE705988168D1F820C09F
:106D50000299039A01ABE04700900098013018B9FE
:106D6000FFE70198F4F744FA03980099884203D9A1
:106D7000FFE70B20F4F73CFAFFE71DE0FFE703987D
:106D8000C8B1FFE705988168D1F820C00299039A3D
:106D900001ABE04700900098013018B9FFE7019877
:106DA000F4F726FA00990398401A03900298009984
:106DB00008440290E3E7FFE70098EFF74FFC08B0C4
:106DC00080BD0000B0B590B00F900E910D920F985D
:106DD0000C900E9809A901220392E7F7F3FA039A9F
:106DE0000D9808A90491F9F76BFC049907900C9889
:106DF000FFF73EFF049B0C988168D1F828C00999E1
:106E00000A9ADDF81CE06C4606AD6560C4F800E047
:106E1000E04705900598013018B9FFE70698F4F7A8
:106E2000E7F90598EFF786FB10B0B0BD80B584B0E8
:106E3000029001910198EEF74DFC30B1FFE7029806
:106E4000062100F079F8039005E00298012100F096
:106E500073F80390FFE7039804B080BDB0B590B01D
:106E60000F900E910E9800680D900D98406838B9FB
:106E7000FFE700200C900D980CA9FFF7F9FEFFE743
:106E80000E984068ECF776FC0B900E988068ECF753
:106E900071FC0A900E98C068EDF7FEFF50B1FFE755
:106EA0000E98C068ECF7C6FC079007A8099004206C
:106EB000089029E00A98142809D1FFE70E98C068C5
:106EC000062804D1FFE70020099008901BE00A98EB
:106ED00014280CD1FFE70E98C068EDF731FF30B1F0
:106EE000FFE70E98C0680990042008900AE00E9809
:106EF000C06804A90122E7F765FA0498099005988B
:106F00000890FFE7FFE7FFE70D988168D1F830C0F0
:106F10000B990A9A099BDDF820E06C4603AD656089
:106F2000C4F800E0E04718B1FFE70398F4F760F910
:106F3000062010B0B0BD000080B586B00590049169
:106F4000059803900498062804D1FFE74FF0FF301E
:106F500002900BE00498ECF73DFB9FED0F1A20EE3A
:106F6000010ABCEEC00A8DED020AFFE703984068F3
:106F700018B9FFE76B20F4F73BF9039881684B6B76
:106F8000029901AA984718B1FFE70198F4F730F980
:106F9000FFE7062006B080BD00007A4480B588B0C7
:106FA0000690059104920393069802900298406817
:106FB00020B9FFE74FF0FF30079014E00298816896
:106FC000D1F820C00599049A039BE04701900198ED
:106FD000B0F1FF3F04DCFFE74FF0FF300190FFE727
:106FE00001980790FFE7079808B080BD80B584B08E
:106FF0000290029800F04EF88DF807009DF8070007
:10700000022805D1FFE79DF807008DF80F0018E072
:107010000298416802396D2206F04AFA029800F09F
:1070200039F88DF807009DF80700022805D1FFE721
:107030009DF807008DF80F0003E000208DF80F0089
:10704000FFE79DF80F0004B080BD000080B584B05C
:107050000290029800F01EF88DF807009DF80700D6
:10706000012805D1FFE79DF807008DF80F000CE01F
:10707000029847F26061C0F6040106F0ABF802988E
:10708000FFF7B4FF8DF80F00FFE79DF80F0004B085
:1070900080BD000080B584B00290029806F050FADE
:1070A000019008220092019847F62771C0F604016A
:1070B000C9F767FB48B9FFE701980830002211467D
:1070C000E6F7FAFA8DF80F0005E00198E8F704F901
:1070D0008DF80F00FFE79DF80F0004B080BD0000A1
:1070E00080B58AB00890079140F60840C2F20100CE
:1070F000D0F8AC0006A905AAECF79AF90020049094
:10710000FFE704980699884238D2FFE7079806F00F
:107110003FFA0598049950F8210003A9F1F7B0F857
:107120000290039870B1FFE707980299039A06F05E
:1071300063F8079847F62E71C0F60401097805F048
:10714000B9FFFFE7079800900898FBF761FE01463A
:10715000009806F03FF80798FFF778FF8DF80700D2
:107160009DF8070028B1FFE79DF807008DF827007C
:1071700008E0FFE7049801300490C2E700208DF892
:107180002700FFE79DF827000AB080BD80B58AB0D0
:107190000990089107920693099846F2E871C0F6A3
:1071A0000401884208D0FFE7099846F2F021C0F6B2
:1071B0000401884201D1FFE70BE04AF68610C0F6D1
:1071C00004004AF65E11C0F6040140F2FA52CCF710
:1071D00019FF0999012046F2E872C0F604029142B3
:1071E00002900BD0FFE7099846F2F021C0F60401A7
:1071F000401AB0FA80F040090290FFE70298089820
:1072000007996B4600221A6001231A46E0F724FA18
:107210000820DEF735F9059005990998039006983E
:10722000006804900398049A4A60086005980AB0C0
:1072300080BD000080B586B0059004910392029352
:1072400000200190FFE70198039988420AD2FFE7E6
:10725000E7F7ACFB0499019A8854FFE701980130E5
:107260000190F0E7039806B080BD000080B584B0BF
:10727000039002910192009302980199E7F75CFC58
:1072800004B080BD80B586B0049003910292019352
:107290000398032805D1FFE70298E7F70FFC059054
:1072A0000DE00398042803D1FFE70020059006E0D5
:1072B0000199162008604FF0FF300590FFE7059810
:1072C00006B080BD80B586B0059004918DF80F2082
:1072D00004980290059801900498ECF7EBFA0246A6
:1072E000019802994B6847F69331C0F60401F3F711
:1072F0008DFE06B080BD000080B588B00690059177
:10730000049203930698029002984068F0B9FFE750
:1073100000200190FFE701980499884213D2FFE70B
:10732000E7F744FB009000980D2803D1FFE70A20FF
:107330000090FFE700980599019A8854FFE70198AB
:1073400001300190E7E70498079006E003990120D7
:1073500008604FF0FF300790FFE7079808B080BD46
:1073600080B586B004900391029201930498009036
:1073700000984068012805D0FFE70098406802287F
:1073800007D1FFE703980299E7F7F2FB029805900F
:1073900006E00199012008604FF0FF300590FFE7FB
:1073A000059806B080BD000080B58AB009900891AC
:1073B0000898EDF7E3FF38B1FFE70898C00806A981
:1073C000FBF7BEFA079006E00898806806900898D8
:1073D000C0680790FFE7069902A806F019F804981C
:1073E000019000200090FFE70098069988420FD294
:1073F000FFE709990798421C07920078884701998E
:107400004A1C01920870FFE7009801300090EBE7FA
:107410000898ECF733FA02A9EFF798FB0AB080BDA1
:1074200080B58CB00A9009910A98EDF7A7FF38B1A2
:10743000FFE70A98C00807A9FBF782FA089006E060
:107440000A98806807900A98C0680890FFE7099832
:10745000ECF790F9069007980699884203D3FFE766
:107460000A980B901DE0069902A8009005F0D0FF45
:10747000049806992022C9F7C5FA06980799401A78
:10748000400801900498019908440899079AC9F79F
:10749000C3F90A98ECF7F2F90099EFF757FB0B9054
:1074A000FFE70B980CB080BD80B584B003900291CB
:1074B0000298ECF7E3F90190019846F23C21C0F6FE
:1074C0000401884206D1FFE746F27020C0F60400AE
:1074D0000190FFE7039846F23C21C0F60401884280
:1074E00006D1FFE746F27020C0F604000390FFE7E4
:1074F00001980399884203D0FFE70298CFF7DAFC9E
:1075000004B080BD80B590B00E900D910D980068CC
:10751000ECF7B4F90C900D980068D0F74FFF0C9879
:107520000D994968FFF7C0FF0D980068EDF726FF39
:1075300040B1FFE70D980068C0080AA9FBF700FA00
:107540000B9008E00D98006880680A900D9800681C
:10755000C0680B90FFE70D984068EDF70FFF40B152
:10756000FFE70D984068C00808A9FBF7E9F9099002
:1075700008E00D984068806808900D984068C068E1
:107580000990FFE70B9807900B980A99084406901A
:107590000E98032813D3FFE70D98806806280ED0B5
:1075A000FFE70C980B990A9A0D9B9B68EE464FF0EB
:1075B000010CCEF800C000F07DF90790FFE70E98AF
:1075C000042813D3FFE70D98C06806280ED0FFE704
:1075D0000C980B990A9A0D9BDB68EE464FF0010C54
:1075E000CEF800C000F066F90690FFE7089858B999
:1075F000FFE707980699091A05F034F901460320B8
:1076000000EB41000F903CE00C9846F60001C0F6FC
:107610000401401AB0FA80F040098DF817000020EC
:10762000049007980390FFE7039808990844069987
:10763000884221D8FFE703980999089AC9F756F8B4
:1076400040B9FFE704980130049008990398084472
:10765000039010E09DF81700C00728B1FFE70398DA
:1076600005F0C0F9029003E0039801300290FFE7B3
:1076700002980390FFE7D7E70498400001300F908D
:10768000FFE70F9810B080BD80B584B002900298DB
:10769000C9F758F8019001980130DDF72BFF0090F1
:1076A000009818B9FFE70020039008E000980299BD
:1076B000019A0132C9F7B0F800980390FFE70398E8
:1076C00004B080BD80B584B0039002910398012876
:1076D0000CD1FFE702980068009040F20A50019038
:1076E00068460290039801300390FFE70399029BDC
:1076F00000221046CFF7ACFF04B080BD80B582B049
:107700000190009101980099012201F0D1F902B095
:1077100080BD000080B582B0019000910198009971
:107720000122002300F002F802B080BD80B58EB0C7
:107730000C900B910A928DF827300B980068ECF7AB
:107740009DF808900B980068D0F738FE08980B99C0
:107750004968FFF7A9FE0B980068EDF70FFE40B1EE
:10776000FFE70B980068C00806A9FBF7E9F8079047
:1077700008E00B980068806806900B980068C06865
:107780000790FFE70B984068EDF7F8FD40B1FFE781
:107790000B984068C00804A9FBF7D2F8059008E0F0
:1077A0000B984068806804900B984068C06805900A
:1077B000FFE70798039007980699084402900C98F1
:1077C000032813D3FFE70B98806806280ED0FFE745
:1077D00008980799069A0B9B9B68EE464FF0010CA0
:1077E000CEF800C000F066F80390FFE70C9804287C
:1077F00013D3FFE70B98C06806280ED0FFE7089860
:107800000799069A0B9BDB68EE464FF0010CCEF809
:1078100000C000F04FF80290FFE7029803998842F9
:1078200001D2FFE710E003980299091A059A049B18
:10783000DDF828C0EE46CEF800C0D7F709FF01906A
:10784000019880B9FFE7FFE79DF82700C00730B136
:10785000FFE74AF25720C0F60400F3F703FD4FF0AC
:10786000FF300D9016E0089846F60001C0F60401BE
:10787000884208D1FFE70798019905F0C7F8400052
:1078800001300D9006E001980799401A4000013040
:107890000D90FFE70D980EB080BD000080B582B05E
:1078A000019000910198009901231A46FFF73EFFCD
:1078B00002B080BD80B58AB084460C98CDF820C057
:1078C0000791069205938DF81300089846F27021EF
:1078D000C0F60401884208D0FFE7089846F23C2130
:1078E000C0F6040188420FD1FFE708980699059A6F
:1078F0009DF8133003F00103E6F7E2FD03900798CB
:107900000399084409908CE00598EDF7DFFD20B15C
:10791000FFE705984010029014E0059802A9EBF7E4
:1079200039FF70B9FFE70598EBF7C4FF024646F24E
:10793000EC00C0F604004AF24F61C0F60401F3F710
:10794000ADFCFFE707980699084400900298B0F153
:10795000FF3F32DCFFE7009801380190FFE7029813
:1079600038B3FFE701980799884212D2FFE79DF8E4
:107970001300C00718B1FFE70798099051E045F6DA
:10798000DC60C0F604004AF22061C0F60401F3F79F
:1079900073FC0198007800F0C000802804D0FFE755
:1079A000029801300290FFE7FFE70198013801904B
:1079B000D5E701980130019030E007980190FFE78A
:1079C00001980099884212D3FFE79DF81300C00781
:1079D00018B1FFE70098099023E045F6DC60C0F697
:1079E00004004AF22061C0F60401F3F745FC029856
:1079F000411E029108B9FFE70FE0019801300190A4
:107A0000FFE70198007800F0C000802804D1FFE76C
:107A1000019801300190F4E7D2E7FFE7019809905F
:107A2000FFE709980AB080BD80B582B00190019946
:107A30004CF26160C0F6030001F024FA02B080BD90
:107A400080B582B0019001994CF29160C0F60300BC
:107A500001F018FA02B080BD80B582B001900199A2
:107A60004CF20970C0F6030001F00CFA02B080BDC0
:107A700080B582B0019001994CF23970C0F60300D4
:107A800001F000FA02B080BD80B582B0019001998A
:107A90004CF26970C0F6030001F0F4F902B080BD49
:107AA00080B588B006900698059005988068EDF737
:107AB0007DFC40B1FFE705988068C00803A9FAF78C
:107AC0003FFF049008E0059880688068039005985F
:107AD0008068C0680490FFE70598C06803998842F1
:107AE0001CD2FFE704980599C968084402900498DD
:107AF0000599C968084404F075FF0190029801993E
:107B0000091AEFF789F8009001980299421A05992D
:107B1000C8681044C8600098079002E000200790F1
:107B2000FFE7079808B080BD80B594B0139012911C
:107B30001398D0F743FC1398EBF7A0FE119011981F
:107B400010901398EDF71AFC38B1FFE71398C008AE
:107B50000EA9FAF7F5FE0F9006E0139880680E90D4
:107B60001398C0680F90FFE7002070B9FFE71298E4
:107B7000EDF72CFB48B1FFE71298006846F2CC51B4
:107B8000C0F6040188421CD0FFE7002070B9FFE76F
:107B90001298EDF71BFB48B1FFE71298006846F614
:107BA0007801C0F6040188420BD0FFE746F2CC50C2
:107BB000C0F604000121002212ABEDF7B9FE1290CD
:107BC000FFE712980DA90CAAEBF732FC00200B90EE
:107BD000119846F23C21C0F60401884206D1FFE725
:107BE00046F27020C0F604001190FFE700200A90D2
:107BF000FFE70A980D99884249D2FFE70C980A9945
:107C000050F82100EBF73AFE0990099846F23C2122
:107C1000C0F60401884206D1FFE746F27020C0F6A4
:107C200004000990FFE709981199884206D0FFE700
:107C30004AF2FA40C0F60400F3F7FAFA0A9828B1BB
:107C4000FFE70E990B9808440B90FFE70C980A99F0
:107C500050F82100EDF792FB48B1FFE70C980A9924
:107C600050F82100C008FBF763F8089006E00C9874
:107C70000A9950F8210080680890FFE708990B984E
:107C800008440B90FFE70A9801300A90B1E70B997E
:107C900004A805F0BDFB0698039000200290FFE7C2
:107CA00002980D9988423AD2FFE7029850B1FFE757
:107CB00003980F990E9AC8F7AFFD0E9903980844E0
:107CC0000390FFE70C98029950F82100EDF756FB5E
:107CD00050B1FFE70C98029950F82100C00869469E
:107CE000FAF72EFE01900CE00C98029950F8210052
:107CF000806800900C98029950F82100C0680190AB
:107D0000FFE703980199009AC8F786FD0099039848
:107D100008440390FFE7029801300290C0E71098F2
:107D200004A9EEF713FF14B080BD000080B582B047
:107D3000019001994CF2C970C0F60300FFF734FBC3
:107D400002B080BD80B582B0019000910199009A87
:107D5000002001F011F902B080BD000010B5AAB0FA
:107D600029902891279226932998D0F727FB2998C4
:107D7000EDF704FB38B1FFE72998C00824A9FAF70A
:107D8000DFFD259006E02998806824902998C06836
:107D90002590FFE725982390002108460690B9B961
:107DA000FFE72998EDF712FA01460020059061B12E
:107DB000FFE72998006846F27021C0F60401401AD6
:107DC000B0FA80F040090590FFE705980690FFE7BC
:107DD000069800F001008DF88B00002021901DA86E
:107DE00010211BAA05F022FB2598249908441A901B
:107DF000FFE725981A99884280F07982FFE70020F2
:107E0000199025980078252806D0FFE72598017855
:107E10001DA805F03FF966E22598013025901A99D2
:107E2000884201D3FFE7EDE025980078252805D1A9
:107E3000FFE71DA8252105F02DF954E225980078CB
:107E4000282833D1FFE7269830B9FFE74AF23F50A0
:107E5000C0F60400F3F7ECF90120219025980130D9
:107E600025901890FFE72598007829280FD0FFE784
:107E700025981A99884206D3FFE74AF26F50C0F658
:107E80000400F3F7EFF9259801302590EBE71898F7
:107E90002599091AEEF7C0FE179026981799EAF768
:107EA0006FFB1990259801302590FFE70020169070
:107EB00020218DF857101490FFE725981A998842D1
:107EC0003CD2FFE7259800782D2805D1FFE71698CA
:107ED00040F0010016902DE0259800782B2805D160
:107EE000FFE7169840F00200169022E025980078EF
:107EF000202805D1FFE7169840F00400169017E0FF
:107F000025980078232803D1FFE7082014900EE07D
:107F100025980078302808D1FFE7169840F0100027
:107F2000169030208DF8570000E007E0FFE7FFE7EC
:107F3000FFE7FFE7259801302590BEE7002013906A
:107F400025981A99884220D2FFE7259800782A2898
:107F500013D1FFE721982899884201D3FFE760E019
:107F6000279821994A1C219250F82100EBF702FC36
:107F7000139025980130259006E025981A9913AAA8
:107F800000F03CFF2590FFE7FFE74FF0FF30129035
:107F900025981A9988422FD2FFE7259800782E2835
:107FA0002AD1FFE72598013025901A99884222D2DC
:107FB000FFE7259800782A2813D1FFE72198289910
:107FC000884201D3FFE72CE0279821994A1C21928F
:107FD00050F82100EBF7CEFB129025980130259048
:107FE00008E00020129025981A9912AA00F006FFC6
:107FF0002590FFE7FFE7FFE725981A99884207D306
:10800000FFE7FFE74AF2D040C0F60400F3F72AF991
:108010001998A0B9FFE721982899884207D3FFE76C
:10802000FFE74AF26540C0F60400F3F701F927982C
:1080300021994A1C219250F821001990FFE72598B8
:108040000078453801460491332800F23A810499BA
:10805000DFE811F0990099009900370137013701E5
:108060003701370137013701370137013701370150
:10807000370137013701370137011E013701370159
:108080003701370137013701370137013701370130
:10809000340081009900990099003701810037016F
:1080A0003701370137013701AD0037013701CA0009
:1080B000CA0037018100370137011E011998EDF719
:1080C0005DF970B9FFE71998EDF780F820B3FFE785
:1080D0001998006846F60001C0F6040188421BD1D9
:1080E000FFE7199811A9F0F7CBF810901198012823
:1080F00006D0FFE74AF25F30C0F60400F3F798F8C5
:108100001099169B13986A465060202010601BA897
:108110000122F2F75FFE1DE01998CDF7AFFF90B195
:10812000FFE71998EBF726FB8DF83F00169B139895
:1081300069464860202008601BA80DF13F0101221C
:10814000F2F748FE05E04AF22F20C0F60400F3F7EC
:108150006FF8FFE7C6E01998CDF76EFF0146169855
:108160009DF85730DDF84CC0DDF848E06A46C2F8AB
:108170000CE0C2F808C0536010601BA80A226123FB
:10818000F2F712FCAEE01998EBF724FA2598017883
:10819000169A9DF857301398DDF848E0EC46CCF875
:1081A00004E0CCF800001BA8F2F784FA9AE01498D7
:1081B00028B1FFE7169840F088001690FFE719995C
:1081C00016989DF85730DDF84CC0DDF848E06A4657
:1081D000C2F80CE0C2F808C0536010601BA8082267
:1081E0006123F2F7E1FB7DE00BA8102109AA05F05D
:1081F0001DF9259800787238B0FA80F040098DF8A2
:1082000023009DF82300D0B9FFE79DF88B00C0073D
:10821000A8B1FFE7002090B9FFE71998ECF7D6FF67
:1082200068B1FFE71998006846F27021C0F60401B2
:10823000884204D1FFE704208DF82300FFE7199955
:108240009DF8232009A8EEF755FF0C980790129887
:10825000B0F1FF3F03DCFFE707981290FFE70798B4
:108260001299884203D9FFE712980790FFE70D990A
:10827000079A169B1398EC46CCF804002020CCF803
:1082800000001BA8F2F7A6FD0BA804F0CDFF29E023
:10829000199925980078A0F117031698149A10439D
:1082A0009DF857C0DDF84CE0129C6A46D460C2F8D5
:1082B00008E0C2F804C010601BA81022F2F774FB9B
:1082C00010E0259803782399401A6946086046F221
:1082D0003410C0F604004AF2FA11C0F604011A463E
:1082E000F2F7DCFFFFE725980130259081E526981D
:1082F00058B9FFE721982899884206D0FFE74AF24B
:10830000A240C0F60400F2F793FF9DF88B00C2076D
:1083100046F27021C0F6040146F60000C0F60400E3
:10832000002A18BF08461DA9EEF710FC2AB010BDA0
:1083300080B582B00190009101980099012200F06F
:1083400003F802B080BD000080B58EB00D900C9196
:108350000B920D98D0F732F80D98EBF78FFA0A9040
:108360000A980C99FFF7A0F80D98EDF707F838B1C7
:10837000FFE70D98C00808A9FAF7E2FA099006E0AD
:108380000D98806808900D98C0680990FFE70C98D8
:10839000ECF7F4FF38B1FFE70C98C00806A9FAF72C
:1083A000CFFA079006E00C98806806900C98C06899
:1083B0000790FFE7069830B9FFE74AF22B40C0F676
:1083C0000400F2F74FFF0A9846F60001C0F60401D8
:1083D000884205D1FFE70A2003900490059007E04A
:1083E00043F60810C0F60400039004900590FFE7E0
:1083F0000B98012803DBFFE70D98039002E00D982E
:108400000590FFE70C98EBF739FA0A99884207D0F4
:10841000FFE70A980799069AEEF76EFB0C90FFE7C4
:1084200009980899079A069BDDF82CC0EE46CEF80D
:1084300000C0D7F70DF902900298D8B1FFE7029873
:108440000999401A01900A980999019AEEF754FB8C
:1084500003900C9804900A980999DDF804C06144CF
:10846000069B1944089AA2EB0C02D21AEEF744FBC1
:108470000590FFE7032003A9EEF7DAFB0EB080BDFD
:1084800080B586B0059004918DF80F200498ECF724
:1084900075FF38B1FFE70498C00801A9FAF750FA50
:1084A000029006E00498806801900498C0680290E9
:1084B000FFE79DF80F00032806D1FFE70598029912
:1084C000019AF4F7B5FD27E001208DF803009DF82F
:1084D0000F00042807D1FFE7059908684B68029947
:1084E000019A984718E09DF80300C00750B1FFE7D4
:1084F000059908684B684BF26861C0F604010122D7
:108500009847FFE705980299019A9DF8033003F018
:108510000103F4F70BFEFFE706B080BD80B598B00D
:108520001690159115980068CFF748FF4FF0FF306F
:1085300014901698042817D1FFE71598C068EBF738
:1085400019F91490149820B9FFE71598006817904E
:1085500016E11498B0F1FF3F04DCFFE74FF0FF3065
:108560001490FFE7FFE7FFE715980068EBF786F93F
:108570001390139815994968FEF796FF139815996B
:108580008968FEF791FF15980068ECF7F7FE40B197
:10859000FFE715980068C00811A9FAF7D1F9129001
:1085A00008E0159800688068119015980068C06808
:1085B0001290FFE715984068ECF7E0FE40B1FFE746
:1085C00015984068C0080FA9FAF7BAF9109008E0AA
:1085D0001598406880680F9015984068C0681090A2
:1085E000FFE715988068ECF7C9FE40B1FFE71598E2
:1085F0008068C0080DA9FAF7A3F90E9008E0159855
:10860000806880680D9015988068C0680E90FFE7BC
:108610000F981199884204D9FFE7159800681790C0
:10862000AEE000200C90FFE7002007900690129823
:108630000490119803900F9888B9FFE70C9830B117
:10864000FFE70C980E990D9AC8F7E6F8FFE70D9929
:10865000079808440790069801300690FFE7FFE767
:108660000699149A00209142029016D0FFE70399D0
:108670000020029089B1FFE704980399109A0F9B9C
:10868000EE464FF0010CCEF800C0D6F7E1FF0590A2
:10869000002818BF01200290FFE70298C007B0B37E
:1086A000FFE70F9820B9FFE7059801300590FFE735
:1086B0000C9848B1FFE70C98079908440499059A6B
:1086C000521AC8F7A9F8FFE705980499411A0798C4
:1086D000084407900C9840B1FFE70C9807990844AC
:1086E0000E990D9AC8F798F8FFE70D990798084476
:1086F000079005980F99084404901298119908441E
:108700000499401A0390069801300690A8E70C9847
:1087100040B1FFE70C98079908440499039AC8F7F9
:108720007BF8FFE703990798084407900C98F8B97D
:10873000FFE7069820B9FFE71598006817901FE03B
:10874000079908A804F064FE0A980C900C9808B1E8
:10875000FFE70BE04AF2BA10C0F604004AF2D31168
:10876000C0F6040140F2E762CBF74CFCFFE700E003
:1087700000E059E7139808A9EEF7E8F91790FFE72A
:10878000179818B080BD000080B582B001900091AC
:10879000019800994FF0FF320023FEF7C7FF02B0A7
:1087A00080BD000080B582B00190009101980099D1
:1087B0004FF0FF320123FEF7B9FF02B080BD000089
:1087C00080B582B001900091019800994FF0FF327E
:1087D000FFF7BAFD02B080BD80B590B00E900D914C
:1087E0000E98022806D8FFE70E980D99EFF7B0FE15
:1087F0000F90C2E00D980068EBF740F80C900D98D0
:1088000040680B900D980068ECF7B8FD40B1FFE7A9
:108810000D980068C00809A9FAF792F80A9008E0D4
:108820000D980068806809900D980068C0680A90EB
:10883000FFE70D988068EAF79DFF08900898B0F16F
:10884000FF3F06DCFFE70E980D99EFF781FE0F90D2
:1088500093E008980790089801300021EDF72AFF6F
:108860000690089805900B98062806D1FFE74AF273
:108870009210C0F60400F2F7B1FC0B9804A9EFF7D0
:10888000FFFC0390049830B9FFE74AF22B40C0F692
:108890000400F2F7E7FC0A9802900A980999084444
:1088A0000190FFE701980499401A0A90FFE70898A1
:1088B00028B1FFE70A980299884201D2FFE70CE04D
:1088C0000A980399049AC7F711FF08B9FFE704E073
:1088D000FFE70A9801380A90E9E70A980299884266
:1088E00003D3FFE7089860B9FFE70C980299019A53
:1088F000521AEEF701F90699C968059A41F8220063
:1089000018E00C98DDF828C0049B0CEB0301019AD9
:10891000A2EB0C02D21AEEF7EFF80699C968059A95
:10892000531E059341F822000A98019008980138D7
:108930000890B7E70598E0B1FFE707980599401A56
:10894000013000900698C068059900EB8101009AFB
:108950009200C8F71AF806984168C068009A00EBC0
:108960008200891A8900C8F755F80098069988602E
:10897000FFE7FFE706980F90FFE70F9810B080BD64
:1089800080B582B0019000910199009A012000F019
:10899000F3FA02B080BD000080B590B00F900E9148
:1089A0000D920F9801380E9904310D9AEC460CABDC
:1089B000CCF804304CF62403C0F60403CCF80030A5
:1089C0000123DEF7E1FE0E980068EAF757FF0B90EF
:1089D00000210846EDF76EFE0A900E980068ECF74D
:1089E000CDFC40B1FFE70E980068C00808A9F9F770
:1089F000A7FF099008E00E980068806808900E981C
:108A00000068C0680990FFE7099808990844079032
:108A1000FFE709980799884246D2FFE70998069030
:108A200000200590FFE70998079988421ED2FFE7CA
:108A3000099800780A2803D1FFE70120059015E086
:108A4000099800780D280CD1FFE7099840780A288A
:108A500003D1FFE70220059002E001200590FFE727
:108A600004E0FFE7099801300990DCE709980699CE
:108A7000401A04909DF83000C00728B1FFE705991F
:108A8000049808440490FFE70A9803900B9806990D
:108A9000049AEEF731F801460398ECF7D7FE0599F2
:108AA000099808440990B4E70A9810B080BD000006
:108AB00080B58EB00C900B918DF82B200B9A52F84C
:108AC000080B0C99023909ABDAF77AFB08900B987E
:108AD00004300790012006900020B8B9FFE70B98FA
:108AE0004068ECF773FB88B1FFE70B9840680068BB
:108AF00046F67801C0F60401884207D1FFE70B98DB
:108B0000406806A907AAEFF745FFFFE70020049099
:108B1000FFE70498069988422FD2FFE70798049947
:108B200050F8210005A9EFF7ABFB039008980190DE
:108B30009DF82B00C00728B1FFE709980599401A56
:108B4000009002E000200090FFE70198009908449F
:108B500002900598099988420AD8FFE7029803997C
:108B6000059AC7F7C3FD18B9FFE71E200D9007E06F
:108B7000FFE7049801300490CBE70E200D90FFE74B
:108B80000D980EB080BD000080B582B001900091BC
:108B9000019800990022FFF78BFF02B080BD000012
:108BA00080B588B00690059100200490FFE70698F4
:108BB0000499415C0020039041B1FFE705980499B6
:108BC000405C002818BF01200390FFE70398C0070E
:108BD00088B1FFE70698049A805C0599895C884211
:108BE00004D0FFE700208DF81F0024E0FFE7049881
:108BF00001300490DBE705980499415C0020029065
:108C000099B9FFE706980499415C0120019049B1A8
:108C1000FFE706980499405C03F052FD80F00100E4
:108C20000190FFE701980290FFE7029800F0010031
:108C30008DF81F00FFE79DF81F0008B080BD000001
:108C400080B582B0019000910199009A022000F055
:108C500093F902B080BD000080B592B010900F91E2
:108C60000E921098EAF70AFE0D900D9846F6000154
:108C7000C0F60401884201D1FFE70AE04AF23A60F7
:108C8000C0F604004AF2F251C0F60401B722CBF755
:108C9000B9F91098ECF78AFB38B1FFE71098C008D3
:108CA0000BA9F9F74DFE0C9006E0109880680B9028
:108CB0001098C0680C90FFE70E98042840F0978049
:108CC000FFE70020002862D1FFE70F98ECF796FA43
:108CD00000285CD0FFE70F98006846F2C871C0F624
:108CE0000401884253D1FFE70F9807900798406826
:108CF0000A900798806809900798C06808900898BB
:108D000006280AD0FFE70898032806D0FFE749F6AF
:108D10001310C0F60400F2F761FA0A9806280DD085
:108D2000FFE70D980C990B9A0A9BEE464FF0010C49
:108D3000CEF800C0FEF7BEFD069002E00C9806904B
:108D4000FFE7099806280DD0FFE70D980C990B9ABC
:108D5000099BEE464FF0010CCEF800C0FEF7AAFDCD
:108D6000059004E00C980B9908440590FFE70598DE
:108D70000699884203D2FFE70A2011903AE00D9845
:108D80000699059A521AEDF7B7FE119032E00D9848
:108D90000C990B9A0F9BEE464FF0000CCEF800C0DA
:108DA000FEF788FD049001200390049800780006E7
:108DB000002816D5FFE740208DF80B00FFE7049848
:108DC00000789DF80B1008420AD0FFE703980130A5
:108DD0000390FFE79DF80B0040088DF80B00EEE7CD
:108DE000FFE704980399EDF717FF119002E00020C8
:108DF0001190FFE7119812B080BD000084B003907D
:108E00000291019203980299884238D2FFE70398B1
:108E10000078302833DBFFE70398007839282EDC10
:108E2000FFE7019900200860FFE70199086800EB5F
:108E300080020398007800EB420030380860039805
:108E400001300390FFE70399029A002091420090BD
:108E50000FD2FFE70398017800203029009008DB4B
:108E6000FFE70398017800203A29B8BF012000905D
:108E7000FFE70098C0070028D7D1FFE7FFE7039876
:108E800004B0704780B588B0069005910598ECF75E
:108E900075FA38B1FFE70598C00803A9F9F750FD46
:108EA000049006E00598806803900598C0680490D7
:108EB000FFE7039818B9FFE70E20079059E00698DE
:108EC0004CF26971C0F60301884221D0FFE7069891
:108ED0004CF20971C0F60301884219D0FFE7002067
:108EE0000290FFE702980399884210D2FFE70699A3
:108EF0000498421C04920078884718B9FFE70E20B6
:108F0000079036E0FFE7029801300290EAE72DE093
:108F100000208DF807000090FFE700980399884231
:108F20001BD2FFE70498411C0491007803F098FBE2
:108F300070B1FFE701208DF807000699049810F83A
:108F4000010C884718B9FFE70E20079011E0FFE7F2
:108F5000FFE7009801300090DFE79DF80700C007A9
:108F600018B9FFE70E20079003E0FFE71E200790E7
:108F7000FFE7079808B080BD80B594B012901191BA
:108F8000109210980068CFF719FA10980068EAF765
:108F900075FC0F901198012808D1FFE74CF650009E
:108FA000C0F604000E9006200D9020E00F98109956
:108FB0004968FEF779FA10984068ECF7DFF940B19C
:108FC000FFE710984068C0080BA9F9F7B9FC0C90AE
:108FD00008E01098406880680B9010984068C0685E
:108FE0000C90FFE70C980E900B980D90FFE71098EF
:108FF0000068ECF7C3F940B1FFE710980068C008BB
:1090000009A9F9F79DFC0A9008E0109800688068AB
:10901000099010980068C0680A90FFE70020089047
:109020008DF81F00069005900120049012980128E9
:1090300007D1FFE70998013805904FF0FF30049001
:10904000FFE709980390FFE70398A8B3FFE70E989E
:109050000D990A9A059B1A44EC460123CCF800307E
:10906000D6F7F6FAF8B9FFE79DF81F00C007B8B9C0
:10907000FFE701208DF81F0005980890129820B98D
:10908000FFE709980138069016E01298012805D1EB
:10909000FFE700200890059806900DE0FFE7FFE746
:1090A00005980690FFE70499059808440590FFE7A6
:1090B000039801380390C7E79DF81F00C00788B9DF
:1090C000FFE70F9846F60001C0F60401884203D17D
:1090D000FFE70A2013903EE043F60810C0F60400B4
:1090E000139038E006980899884201D3FFE70BE017
:1090F0004AF23B40C0F604004AF2D311C0F6040124
:1091000040F29132CAF77EFF06980899401A013062
:10911000029002980999884214D1FFE7089808B98B
:10912000FFE70BE04AF2A110C0F604004AF2D311A7
:10913000C0F6040140F29732CAF764FF1098006845
:10914000139008E00F980A99089A1144029AEDF7D3
:10915000D3FC1390FFE7139814B080BD80B582B0A4
:10916000019001994CF2ED70C0F60300FEF71CF976
:1091700002B080BD80B584B003900398E5F70EFA85
:1091800002900298D0F808C003980121002201AB98
:10919000E04700900098013018B9FFE70198F2F716
:1091A00027F8062004B080BD80B582B00190009100
:1091B00001980099002200F003F802B080BD000081
:1091C00080B59AB0189017918DF85B2018980128F7
:1091D00008D0FFE717984068EAF7CCFA15900130FD
:1091E00030B9FFE71798006800F0F2F81990EBE04B
:1091F00017980068E5F7D2F914901498007BC0071F
:10920000002800F0AB80FFE7159910A804F0D0F813
:1092100015980F9000200E90FFE70F98002800F09F
:109220009880FFE70F9910A803F0BEFF0D901798E4
:1092300000680D990F9AEC460023CCF800300CAB77
:10924000F4F778F80B900C98C8B1FFE70F9910A8C5
:1092500004F02AF80C980B2804D0FFE70C980B2890
:109260000AD1FFE7119830B9FFE710A803F0DCFF3F
:1092700006201990A8E06CE00C98F1F7B9FF0B9864
:109280000F9988420BD2FFE70F980B99411A10A84B
:1092900004F00AF80B9808B9FFE75AE0FFE70E98C8
:1092A0000A90FFE712980A99405C8DF827009DF814
:1092B00027000006002803D4FFE70120089023E0E0
:1092C0009DF8270000F0E000C02803D1FFE702204E
:1092D000089018E09DF8270000F0F000E02803D186
:1092E000FFE7032008900DE09DF8270000F0F8004C
:1092F000F02803D1FFE70420089002E00520089041
:10930000FFE7FFE7FFE7FFE70A980899084411998C
:10931000884212D8FFE708990A9808440A901598DD
:10932000013815900A980E900A981199884203D333
:10933000FFE715980F900BE009E00A980899084498
:109340001199411A1598084401380F9000E0A9E7D7
:1093500063E710A8EDF79CFB199035E0159904A878
:1093600004F056F8179800680699159A9DF85B3036
:10937000EC46CCF8003003ABF3F7DCFF0290039827
:1093800088B1FFE704A803F04FFF03980B2804D02F
:10939000FFE703980B2803D1FFE70620199013E09D
:1093A0000398F1F725FF029805901498007BC007F9
:1093B00028B1FFE704A8EDF76BFB199004E004A8BF
:1093C000ECF7E6FC1990FFE719981AB080BD000091
:1093D00080B58EB00C900C98E5F7E0F80B9000206B
:1093E0000A9006A84FF48071019103F0E1FF019803
:1093F000089905910490FFE70B98D0F800C00C98ED
:109400000599049A03ABE04702900298013090B9A5
:10941000FFE703980B2804D0FFE703980B2807D138
:10942000FFE70A9818B9FFE706200D9036E024E020
:109430000398F1F7DDFE029808B9FFE71DE00299F5
:109440000A9808440A9002980499884209D2FFE7D2
:1094500002990498401A04900299059808440590CE
:109460000AE006A84FF48071009103F063FF014603
:10947000009805910490FFE7BEE70A9807900B98C3
:10948000007BC00728B1FFE706A8EDF701FB0D90B0
:1094900004E006A8ECF77CFC0D90FFE70D980EB0F9
:1094A00080BD000080B582B00190009101980099C4
:1094B000002200F003F802B080BD000080B58CB03F
:1094C0000B900A918DF827200A9840689DF8271084
:1094D00089070222002948BF012206A9E4F7E2FF1A
:1094E0004FF0FF300590002004900B98032806D120
:1094F000FFE70A988068EAF79DF9059017E00B9856
:10950000042813D1FFE70A988068EAF793F90490DA
:109510000A98C068EAF78EF905900498079988427E
:1095200003D9FFE707980490FFE7FFE7FFE70499F7
:109530000798401A07900A9800680290049A0699C2
:109540000798114403910599884203D2FFE70798D1
:10955000019002E005980190FFE703990298019AB3
:109560009DF82730F3F78AFF0CB080BD80B586B038
:109570000590049104984068EAF7FCF803900020F5
:1095800002900598032806D1FFE704988068EAF75F
:10959000F1F80290FFE7029840B9FFE70398B0F1B5
:1095A000FF3F03DCFFE71620F1F722FE0498006876
:1095B0000399029A01ABF3F725FF00900098013060
:1095C00018B9FFE70198F1F713FE0098EDF746F898
:1095D00006B080BD80B586B00590012004900320C0
:1095E00003900599009104990191039902916946AC
:1095F000FFF7BCFF06B080BD80B58EB00C900B911C
:109600000B980068E4F7CAFF0A904FF0FF3009900A
:109610000C98022805D3FFE70B984068401009908A
:10962000FFE70998013028B1FFE7099905A803F081
:10963000BFFE04E005A8102103F0BAFEFFE7FFE734
:10964000099901200131019041B1FFE70998411EBC
:109650000991002818BF01200190FFE70198C00779
:10966000D0B3FFE705A80121009103F09DFD009A0A
:1096700004900A98D0F800C00B980068049903ABD6
:10968000E047029002980130B0B9FFE703980B2839
:1096900004D0FFE703980B280BD1FFE706980128B9
:1096A00006D1FFE705A803F0BFFD06200D9022E0DC
:1096B00006E00398F1F79CFD029830B9FFE7FFE759
:1096C00005A8012103F0F0FD06E0049800780A28BF
:1096D00001D1FFE700E0B3E70A98007BC00728B19B
:1096E000FFE705A8EDF7D4F90D9004E005A8ECF725
:1096F0004FFB0D90FFE70D980EB080BD80B584B094
:10970000039000210846ECF7D5FF0290FFE7012007
:1097100003A9FFF771FF01900198EBF7DBFF08B990
:10972000FFE704E002980199ECF790F8EFE7029860
:1097300004B080BD80B582B001900091019800997D
:109740000222FFF7BBFE02B080BD000080B58CB0E6
:109750000A9009910A980999884204D1FFE70120EB
:109760008DF82F0083E00A98EAF788F808900998A6
:10977000EAF784F8079008980799884204D0FFE731
:1097800000208DF82F0072E0089846F67801C0F6A8
:109790000401884232D1FFE70A98069009980590A3
:1097A0000698406805994968884204D0FFE7002080
:1097B0008DF82F005BE000200490FFE704980699E5
:1097C0004968884216D2FFE70698049A00EB8200A7
:1097D0008068059901EB82018968FFF7B7FF20B91E
:1097E000FFE700208DF82F0041E0FFE704980130EB
:1097F0000490E3E701208DF82F0038E00A980999DA
:10980000E8F75CFF20B9FFE700208DF82F002EE07D
:10981000089846F22C41C0F60401884223D1FFE7A4
:109820000A98E9F75BFC8DED030A9DED030AB5EE9E
:10983000400AF1EE10FA15D1FFE70998E9F74EFC5E
:109840008DED020A0398CAF765FB01900298CAF7EA
:1098500061FB01460198401AB0FA80F040098DF88A
:109860002F0004E0FFE701208DF82F00FFE79DF8AF
:109870002F000CB080BD000080B582B0019001982F
:10988000406880680090019840684068DBF7F8FD08
:10989000019949688860019841680020087301991E
:1098A000C86001984068426880680099C6F7B4FFB4
:1098B00002B080BD80B582B0019001980090009800
:1098C000CEF780FD009946F6340CC0F6040C46F63F
:1098D0000002C0F6040246F27020C0F604000B68D5
:1098E0004968634508BF10464A688968EDF704F97E
:1098F00002B080BD80B58CB00A90099108920793A0
:109900000A9806900998029001284CD0FFE7029827
:10991000022804D0FFE70298042847D04FE00898B7
:10992000059000200490059840680190012804D01B
:10993000FFE70198022804D008E0069880680490A8
:1099400004E00698406840680490FFE70498059991
:109950000968084403900598406878B1FFE70598C6
:109960000068B0F1FF3F09DCFFE7039804998842E3
:1099700003D9FFE700200390FFE70CE00398049968
:10998000884207D2FFE70799162008604FF0FF30A2
:109990000B901BE0FFE70398069988600599086023
:1099A00000200B9012E000200B900FE0069840681A
:1099B00003F0E8FC0699002048600B9006E0079948
:1099C000162008604FF0FF300B90FFE70B980CB0AB
:1099D00080BD000080B58EB00C900B910A92099367
:1099E0001020089000208DF81F000C9800F086F8D9
:1099F00003900B98002865D0FFE709980068EBF703
:109A00005DFD80B9FFE709980068EBF7EBFB80B1DB
:109A1000FFE709980068006846F27051C0F604013B
:109A2000884206D1FFE709980068E9F7A3FE08908D
:109A300047E00998006804A90122E4F725FD099888
:109A40000068EBF7A7FC00BBFFE709980068EBF79D
:109A5000C9FB80B3FFE7099800680068007B48B144
:109A6000FFE7099800680068017B00EB810000694E
:109A7000029002E000200290FFE7029847F2D13105
:109A8000C0F60201884216D1FFE71020DBF7F8FC90
:109A90000399486003984068049A059903F0A6FC6E
:109AA0000598039949684860099800680399C86057
:109AB00003980D901EE00598089001208DF81F0076
:109AC000FFE7FFE7089803F02DFD039948609DF834
:109AD0001F00C00758B1FFE703980499059A0023B7
:109AE000019300F073F8019803998860FFE70398E9
:109AF0000D90FFE70D980EB080BD000080B582B0DC
:109B0000019001991020EBF7BDFF00900099002013
:109B100088600099C860009802B080BD80B584B0AC
:109B2000039002918DF80720029800900398009A04
:109B3000D2F800C046F6340EC0F6040E4AF2B05316
:109B4000C0F604034AF2C351C0F60401F44508BF4D
:109B50001946F1F75BFA04B080BD000080B588B00B
:109B60000690059104920393069802900298CEF70E
:109B700029FC0299486889684068884203D8FFE751
:109B8000002007901EE00299486889684068401AE2
:109B9000019004980199884203D9FFE70198049045
:109BA000FFE70598029A5168926889681144049AFF
:109BB000C6F732FE049A02998868104488600498B7
:109BC0000790FFE7079808B080BD000080B588B017
:109BD0000690059104920393069802900298CEF79E
:109BE000F1FB02984068007BC00720B1FFE70298B4
:109BF000FFF742FEFFE7029880680499084401904D
:109C000001980499884207D2FFE703991B20086056
:109C10004FF0FF30079041E00298406840680090A4
:109C2000019802994968096888420CD9FFE70298AF
:109C30004168086848600298406801990268891A7A
:109C400003F0B2FAFFE702988068009988420AD9C7
:109C5000FFE70299486889688068009A1044891A69
:109C6000C6F7D8FEFFE7029948688968806808440B
:109C70000599049AC6F7D0FD019802998860019869
:109C8000029949684968884205D9FFE70198029915
:109C900049684860FFE704980790FFE7079808B015
:109CA00080BD000080B584B003900398EEF754FBAC
:109CB0000290029801A9CEF7C9FA0198400001303C
:109CC00004B080BD80B58AB00990089108980068FA
:109CD000FFF7E8FF40100790079903A8019003F0F1
:109CE00097FB0598029002980799C6F793FE089B88
:109CF00053F8040B0299099A013A00F051F80198BF
:109D0000ECF746F80AB080BD80B58AB0099008919A
:109D10000898406805A90222E4F77EFB089880684D
:109D2000E9F728FD04900498B0F1FF3F10DCFFE74D
:109D300006980499084404900498B0F1FF3F06DCAB
:109D4000FFE749F2B240C0F60400F1F78BFAFFE7F3
:109D50000598039003980699084402900499039883
:109D60000844039008980068FFF79CFF401001909A
:109D70000398019908440299884206D9FFE749F2FD
:109D8000B240C0F60400F1F76DFA089B53F80C0BD3
:109D90000399099A033A00F003F806200AB080BD3F
:109DA00080B590B00F900E910D920C930F98EEF736
:109DB000D3FA0B900BA8D9F7F7F88DF82B000E9873
:109DC000099000200890FFE708980D99884279D201
:109DD000FFE7012007900B98007808B9FFE771E0D2
:109DE0000B98007802F054FC28B1FFE70BA8D9F7D4
:109DF000B7F80790FFE70B980078782809D1FFE7BC
:109E00000E980799C6F706FE07990E9808440E901B
:109E100054E00B980078732825D1FFE70C98089937
:109E20004A1C089250F8210004A90122E4F7F4FA30
:109E30000798039005980399884203D2FFE7059895
:109E40000390FFE70E980499039AC6F7E5FC0E9875
:109E5000039A10440799891AC6F7DCFD07990E98F2
:109E600008440E9029E0FFE70799481E079000205C
:109E7000029041B1FFE708990D9A0020914238BF46
:109E800001200290FFE70298C007A8B1FFE79DF804
:109E90002B000B9909780C9A089B03F1010CCDF863
:109EA00020C052F82320099BEE460DF1380CCEF865
:109EB00000C0DEF75DFBD7E7FFE7FFE70B98013057
:109EC0000B9081E710B080BD80B592B011901091D9
:109ED00010980068EEF740FA0F900F980EA9CEF791
:109EE000B5F90D900FA8D9F75FF88DF833000D98EC
:109EF00000210091ECF79CFE0B901098406808A997
:109F00000122E4F789FA0098089907910799099ABC
:109F1000114406910590119803281FD3FFE710986C
:109F20008068E9F727FC05900598B0F1FF3F10DC49
:109F3000FFE709980599084405900598B0F1FF3F9F
:109F400006DCFFE749F2B240C0F60400F1F78AF9F7
:109F5000FFE70599079808440790FFE707980490E2
:109F600007980E9908440699884206D9FFE749F2F6
:109F7000B240C0F60400F1F775F900200390FFE746
:109F800003980D9988424CD2FFE7012002900F9868
:109F9000007802F07DFB28B1FFE70FA8D8F7E0FFBB
:109FA0000290FFE70F980078782805D1FFE7029923
:109FB00007980844079030E00F980078732812D172
:109FC000FFE707980299EBF7D5FE019002990798F1
:109FD0000844079001980B99039A01EB8201013222
:109FE0000392886018E0FFE70298411E029190B149
:109FF000FFE79DF833000F990978049A07ABDDF766
:10A0000003FE019001980B99039A01EB8201013242
:10A0100003928860E8E7FFE7FFE70F9801300F90B1
:10A02000AEE70B9812B080BD80B58EB00D900C914C
:10A030000B920B98006808B1FFE7F2E0002078B9B6
:10A04000FFE70D98EBF7F2F850B1FFE70D980068C5
:10A0500046F65801C0F60401884201D1FFE70BE043
:10A060004AF6C400C0F604004AF65E11C0F60401C8
:10A0700040F24B52C9F7C6FF0D980A90002088B9EC
:10A08000FFE70A984068EBF7D1F858B1FFE70A9864
:10A090004068006846F6A801C0F60401884201D174
:10A0A000FFE70BE04AF63000C0F604004AF65E1106
:10A0B000C0F6040140F24E52C9F7A4FF0A98406866
:10A0C00009900A98806804900C98059000200690EA
:10A0D0000B9907918DF820000C98112803D1FFE708
:10A0E00008200690FFE70998807C08B9FFE779E02F
:10A0F0000998817C00EB81000069006846F67801D0
:10A10000C0F60401884256D1FFE70998817C00EB34
:10A11000810000690390039840680290039808301A
:10A12000019000200090FFE700980299884241D2F8
:10A13000FFE70020A8B9FFE70198009950F8210037
:10A14000EBF774F868B1FFE70198009950F8210027
:10A15000006846F6A801C0F60401884201D1FFE775
:10A160000BE04AF60800C0F604004AF65E11C0F69D
:10A17000040140F26752C9F745FF0198009950F871
:10A18000210046F26461C0F60401884201D1FFE774
:10A190000CE00198009950F8211004A8E7F786FD1B
:10A1A0000B98006808B1FFE704E0FFE70098013072
:10A1B0000090B9E715E00998817C00EB8100006907
:10A1C00046F26461C0F60401884209D0FFE70998AD
:10A1D000817C00EB8100016904A8E7F767FDFFE7D8
:10A1E000FFE7FFE70B98006888B1FFE70B9800686E
:10A1F00004280BD1FFE70B9946F6F400C0F60400E3
:10A2000008600A9880680B994860FFE709E0002021
:10A21000069046F26461C0F6040104A8E7F746FD23
:10A22000FFE70EB080BD000080B58CB00B900A91A6
:10A23000099208930A9809996B4600221A60022332
:10A240001A46DDF709FA08984068E9F717FB079006
:10A25000079846F6A801C0F60401884204D1FFE73A
:10A2600008984068019002E007980190FFE7019884
:10A270000690069808990968EBF758F90E2803D15B
:10A28000FFE70020F0F7D4FF0C20DBF7F9F805908A
:10A2900005990B9802900898006803900898406808
:10A2A00004900298039A049B8B604A6008600598AA
:10A2B0000CB080BD80B586B0059004918DF80F205C
:10A2C0000498029005984AF2F561C0F60401F0F78F
:10A2D0006BFD05980299496800220192ECF70AFF8C
:10A2E000059847F2B471C0F60401F0F75DFD019ADC
:10A2F000059802998968ECF7FDFE05984AF2D3515A
:10A30000C0F60401F0F750FD06B080BD47F693207B
:10A31000C0F60400F0F78CFF84B003900291019224
:10A320000398009001980068002850D1FFE7029838
:10A3300040F28111884205D1FFE700980069019938
:10A34000086043E0029840F28711884205D1FFE798
:10A35000009840690199086037E0029840F2432173
:10A36000884205D1FFE700988069019908602BE0D9
:10A370000298B0F5CB7F0AD1FFE701994CF61C108B
:10A38000C0F6040008600398019948601BE0029839
:10A39000B0F5BA7F0AD1FFE701994CF61410C0F668
:10A3A000040008600398019948600BE0029840F2AD
:10A3B0000921884205D1FFE70098C069019908602A
:10A3C000FFE7FFE7FFE7FFE7FFE7FFE722E001988E
:10A3D0004068F0B1FFE7029840F28711884208D147
:10A3E000FFE70198406800994861019900200860E2
:10A3F0000EE0029840F24321884208D1FFE701981D
:10A40000406800998861019900200860FFE7FFE734
:10A41000FFE7FFE704B0704780B58AB0089008985E
:10A42000079007988069062805D0FFE7079880699C
:10A430000E2803D1FFE70E20099075E040F600409A
:10A44000C2F20100006840F63241E8F799F8069040
:10A450000898069988420AD1FFE746F23800C0F60C
:10A46000040047F22071C0F60401F0F705FFFFE792
:10A4700007984069E9F702FA4CF69C11C0F604010E
:10A48000EBF7B6F820B1FFE7079840690790EFE7D0
:10A4900040F60040C2F20100006840F6CA21E8F729
:10A4A0006FF8059007984069802102AAE5F774FDCE
:10A4B000029888B1FFE7079804900120002102AAC2
:10A4C0000192DFF7AFF90199059802900798039080
:10A4D000022000F05BF919E00798C069009000F0D5
:10A4E00053FA0146009800F057FA01280DDBFFE708
:10A4F0000598079900F09AF905980290079803903B
:10A50000022002A900F042F9FFE7FFE740F6004011
:10A51000C2F20100006840F27A71E8F731F8079959
:10A5200048611E200990FFE709980AB080BD00002D
:10A5300080B584B00390039802900298816901204D
:10A540000629019008D0FFE7029880690E38B0FA1A
:10A5500080F040090190FFE7019800F00100EBF75F
:10A56000FBFA04B080BD000080B584B00390029176
:10A570000398019001988069062805D0FFE70198AB
:10A5800080690E2804D1FFE701990E20886127E039
:10A59000019880691E280CD1FFE74CF68010C0F6A8
:10A5A0000400002319461A4600F098F801998861C2
:10A5B00015E001988069E9F761F94CF68011C0F661
:10A5C000040188420AD0FFE746F23800C0F60400D2
:10A5D00047F26671C0F60401F0F74EFEFFE7FFE7B1
:10A5E000039804B080BD000080B586B00590059842
:10A5F000049004988069062805D0FFE704988069D4
:10A600000E2804D1FFE704984069F6F70FFA40F6E8
:10A610000040C2F20100006840F63241E7F7B0FFA7
:10A62000039004988069019003980290022001A988
:10A6300000F0ACF8059803994861FFE7062006B0E2
:10A6400080BD000080B584B0039002910398019012
:10A65000029800900198C0690099C96900F09CF9BE
:10A66000C00F04B080BD000080B588B0079006918F
:10A6700005920493069805996B4600221A60012200
:10A6800002920223DCF75EFD2020DAF7F9FE039048
:10A6900007980399086003994AF24560C0F60300E1
:10A6A000EEF7A0FC029804990968039A1161039AD5
:10A6B00006215161039A1E2191610399C861069890
:10A6C000022808D1FFE70498406840F60041C2F232
:10A6D00001010860FFE7039808B080BD80B586B02F
:10A6E0000590049103920293049803996A4600230B
:10A6F00013601A46DCF726FD05990820EBF7C2F92E
:10A7000001904AF24560C0F60300EEF7BFFC0199E4
:10A710004860019806B080BD83B001900198009018
:10A720000098406818B9FFE70620029003E00098FF
:10A7300040680290FFE7029803B0704780B584B08C
:10A74000039003980290029841684AF24560C0F66F
:10A750000300EEF7DFFC0190019850B9FFE745F6E2
:10A76000DC60C0F6040047F25B71C0F60401F0F74C
:10A7700083FD029841684AF24560C0F60300EEF797
:10A78000CFFC02994860019804B080BD80B588B0C4
:10A790000790069106980068059006984068049016
:10A7A0000499062048610798022805D1FFE700F0C8
:10A7B000EBF80499C86116E006988068EAF726FE6F
:10A7C00008B1FFE70AE047F29760C0F6040047F2DD
:10A7D000F161C0F604017A22C9F714FC069880687A
:10A7E0000499C861FFE70598406820B1FFE7059824
:10A7F0004068039002E000200390FFE70398029076
:10A80000049818B1FFE70498019002E0002001903D
:10A81000FFE70299019A4AF24560C0F60300EEF79D
:10A820009FFC05994860062008B080BD80B584B0C3
:10A83000039002910398019002980090019841685A
:10A84000009A4AF24560C0F60300EEF729FB019931
:10A850004860062004B080BD80B586B004900391A6
:10A86000049868B1FFE70498039901AA0123E5F76A
:10A870000FFC0198002818BF01208DF8170023E075
:10A880000398C000811C43F2A870C0F604000022A7
:10A89000E5F7C8FE01460120009079B9FFE703986B
:10A8A000C000811C43F28860C0F604000022E5F776
:10A8B000B9FE002818BF01200090FFE7009800F0C3
:10A8C00001008DF81700FFE79DF8170006B080BD66
:10A8D00080B588B00790FFE70020C4F20200029024
:10A8E0004FF40041009100220192C7F737FC019A12
:10A8F00040F20040C4F20200039010210491C7F717
:10A900002DFC64200690CAF73BFB0099019A02983F
:10A91000C7F724FC019A03980499C7F71FFC06980F
:10A92000CAF72EFB0099029801220592C7F716FC80
:10A93000019A03980499C7F711FC0698CAF720FBFF
:10A940000099019A0298C7F709FC03980499059A9F
:10A95000C7F704FC0698CAF713FBBDE780B582B0C1
:10A96000019048F60040C2F2000000F5004000905F
:10A9700000984FF40041DBF7C7F8FFE74FF47A7017
:10A98000CAF7FEFAFAE7000080B5E4F73BF920F0D9
:10A9900040404000013080BD85B004900391039891
:10A9A0004010029004984010019001980299401ABA
:10A9B00000F1005020F0404000F16040009000980D
:10A9C00005B0704780B582B001900198E8F702FEAB
:10A9D0009FED061A20EE010ABCEEC00A10EE100A26
:10A9E000E3F726FF062002B080BD00BF00007A44D6
:10A9F00080B582B001900198E8F7BCFE0090009805
:10AA0000002804D4FFE70098E3F712FFFFE70620D1
:10AA100002B080BD80B582B001900198E8F7AAFE2F
:10AA200000900098012804DBFFE70098E3F712FF8D
:10AA3000FFE7062002B080BD80B584B0039002918C
:10AA40000398401001900298E8F794FE0090009857
:10AA50006FF0604108446FF0404188420AD3FFE73D
:10AA600046F21400C0F6040047F6CD11C0F604010A
:10AA7000F0F702FC01980099084420F040404000A3
:10AA8000013004B080BD000080B5E4F7B1F820F0DB
:10AA900040404000013080BD85B004900391039890
:10AAA0004010029004984010019001980299401AB9
:10AAB00000F1005020F0404000F16040009000980C
:10AAC0004000013005B0704780B5E4F79BF820F0F6
:10AAD00040404000013080BD80B5E4F795F820F09B
:10AAE00040404000013080BD83B0029001910020C1
:10AAF0000090FFE7009806280ADCFFE70299009A19
:10AB0000002021F81200FFE7009801300090F1E7E3
:10AB100002991820C8810299982008820299702011
:10AB2000488200200090FFE7009817280CDCFFE720
:10AB3000009A02F58070029901EB42010884FFE758
:10AB4000009801300090EFE700200090FFE70098A8
:10AB50008F280BDCFFE70098029901EB4001A1F878
:10AB60005000FFE7009801300090F0E700200090CF
:10AB7000FFE7009807280DDCFFE7009A02F58C70CC
:10AB8000029901EB4201A1F87001FFE70098013042
:10AB90000090EEE700200090FFE700986F280DDCA2
:10ABA000FFE7009A02F19000029901EB4201A1F83F
:10ABB0008001FFE7009801300090EEE70020009050
:10ABC000FFE7009804280ADCFFE70199009A0020BB
:10ABD00021F81200FFE7009801300090F1E7019999
:10ABE0002020488100200090FFE700981F280ADC01
:10ABF000FFE70098019901EB40010884FFE7009806
:10AC000001300090F1E703B0704700008DB00C9068
:10AC10000B910A9200200190FFE701980F280AD8B3
:10AC2000FFE70C99019A002021F81200FFE7019834
:10AC300001300190F1E700200190FFE701980A99A7
:10AC400088420ED2FFE70C990B98019A825C31F88A
:10AC50001200013021F81200FFE701980130019045
:10AC6000ECE70C990020088000900190FFE7019824
:10AC70000F2811D8FFE70098019A02A921F81200C5
:10AC80000C98019930F81110009808440090FFE7E3
:10AC9000019801300190EAE700200190FFE7019858
:10ACA0000A99884219D2FFE70B980199405C78B164
:10ACB000FFE701980C990B9A12F800C002AB33F829
:10ACC0001C2001EB4201013223F81C200884FFE71D
:10ACD000FFE7019801300190E1E70DB070470000F7
:10ACE00080B588B0069005910020049003900290F2
:10ACF000FFE703980190069800F044F9019900EBF2
:10AD000041000390029801300290102804D1FFE71F
:10AD10006FF0020007901EE00598029930F81110BC
:10AD20000498084404900598029930F8111003988B
:10AD3000401A0390FFE70398B0F1FF3FD9DCFFE72B
:10AD400003990498084404900598049900EB410085
:10AD5000008C0790FFE7079808B080BD80B5E4B08D
:10AD600062906191609262980521039140F2011214
:10AD700000F090FA03990F906298012200F08AFA8D
:10AD80000E9062980422114600F084FA0D90002083
:10AD90000B90FFE70B98122809D8FFE70B9A10A930
:10ADA00000208854FFE70B9801300B90F2E7002059
:10ADB0000B90FFE70B980D99884214D2FFE7629839
:10ADC0000321002200F066FA089008980B9A42F2DC
:10ADD0004431C0F604018A5C10A98854FFE70B983F
:10ADE00001300B90E6E7619810A91322FFF70EFFE0
:10ADF0000F980E9908440C9000200A90FFE70A98DB
:10AE00000C99884261D2FFE762986199FFF768FF69
:10AE1000079000208DF81B00032004900798B0F1E4
:10AE2000FF3F03DCFFE7079863905EE0079802901E
:10AE3000102808D0FFE70298112815D0FFE70298E4
:10AE4000122814D018E00A9820B9FFE76FF002002A
:10AE500063904AE00A9810A9084410F8010C8DF894
:10AE60001B00022005900EE0032005900BE0072058
:10AE700005900B20049006E007980A9A511C0A914D
:10AE800010A98854BBE762980599049A00F002FA69
:10AE900009900A98099908440C99884204D9FFE757
:10AEA0006FF00200639020E0FFE7099860B1FFE7D0
:10AEB0009DF81B000A9A511C0A9110A98854FFE7BB
:10AEC000099801380990F0E799E761980F9A10A95D
:10AED0000191FFF79BFE019960980F9A11440E9A19
:10AEE000FFF794FE00206390FFE7639864B080BD95
:10AEF00080B584B003900020029004200190FFE709
:10AF00000198411E019150B1FFE70298009003980B
:10AF100001F0CAFE009940EA01200290F0E7029891
:10AF200004B080BD80B584B003900020029004205E
:10AF30000190FFE70198411E019160B1FFE702987F
:10AF4000000A0090039801F0AFFE0146009840EA25
:10AF500001600290EEE7029804B080BD80B582B037
:10AF60000190019801F0A0FE0090019801F09CFE74
:10AF70000146009840EA01200090BDF8000002B0B0
:10AF800080BD000080B582B00190019A5069411ED9
:10AF9000516148B9FFE7019801F086FE0199086107
:10AFA000019907204861FFE70198006900F001005E
:10AFB00000900199086940080861009802B080BDBE
:10AFC00080B588B00690059104920698406B0028E1
:10AFD00040F0AB80FFE706980599FFF781FE0190EE
:10AFE000069890F82900C00720B1FFE76FF0020033
:10AFF0000790E1E00198FF2823DCFFE70198069B1A
:10B00000D9694A1CDA6108700698C06BB0B1FFE7D5
:10B010000198DDF818C0DCF83C10DCF84420531C23
:10B02000CCF8443088540698016C406C884204D1B6
:10B03000FFE7069900204864FFE7FFE7002007903C
:10B04000BAE00198B0F5807F03D1FFE701200790B7
:10B05000B2E00198A0F20110019001981D2804DBD4
:10B06000FFE76FF002000790A6E00698019A43F20E
:10B070007031C0F6040131F8222002F00701C2F35A
:10B08000C80200F007F90699486306980499FFF78B
:10B0900027FE029002981E2804DBFFE76FF00200F3
:10B0A000079089E00698029B43F27031C0F60401D4
:10B0B00001EB830231F82310090B52886FF3DF3262
:10B0C00000F0E8F803900698C06BE0B1FFE7039842
:10B0D0000699096C884204D9FFE76FF004000790D5
:10B0E0006AE00699486C039A801A88630698806B18
:10B0F000B0F1FF3F06DCFFE70699886B0A6C10444D
:10B100008863FFE710E0039806998A69C969891A7C
:10B11000884204D9FFE76FF0020007904CE00398E3
:10B12000404206998863FFE7FFE70698C06B90B33B
:10B13000FFE7069BD9699A6BD86B805C4A1CDA6181
:10B1400008700698C06BC0B1FFE7DDF818C0DCF8E6
:10B150003800DCF83C10DCF84420085C531CCCF8C8
:10B16000443088540698016C406C884204D1FFE753
:10B17000069900204864FFE7FFE70699886B0130D5
:10B1800088630699096C884204D1FFE7069900207C
:10B190008863FFE709E00698C169806B085C087066
:10B1A0000699C8690130C861FFE70699486B013804
:10B1B000486300200790FFE7079808B080BD0000B3
:10B1C00080B586B004900498406B68BBFFE7049894
:10B1D00001F06AFD0390049801F066FD01460398B2
:10B1E00000EB01200390049801F05EFD02900498AA
:10B1F00001F05AFD0146029800EB012002900398ED
:10B20000BDF808104FF6FF725140884204D0FFE7A6
:10B210006FF0020005903AE003980130049948630A
:10B22000049900204861FFE70499486B013848639E
:10B2300018B9FFE70120059029E0049801F034FDDA
:10B240008DF807009DF80700049BD9694A1CDA6154
:10B2500008700498C06BB8B1FFE79DF80700DDF8EF
:10B2600010C0DCF83C10DCF84420531CCCF844300F
:10B2700088540498016C406C884204D1FFE704991B
:10B2800000204864FFE7FFE700200590FFE70598EE
:10B2900006B080BD80B586B0059004910392002071
:10B2A00002900498E0B1FFE70499012000FA01F14F
:10B2B00001910090FFE70098019988420FD2FFE7C3
:10B2C0000598FFF75FFE28B1FFE700990298084450
:10B2D0000290FFE7FFE7009840000090EBE7FFE7F0
:10B2E00002980399084406B080BD000080B582B082
:10B2F00001900091FFE70098411E009120B1FFE707
:10B30000019801F0D1FCF6E702B080BD80B58AB0AB
:10B310000890079106920698E8F7B0FA059007980A
:10B3200004900598C07B38B1FFE70598C17B00EB1E
:10B3300081000069029002E000200290FFE702987D
:10B3400048F61121C0F6020188420FD0FFE70698A7
:10B3500046F67801C0F60401E6F76AFC0690069806
:10B3600018B9FFE70020099016E0FFE70698039060
:10B370000898049A02F108015268DDF80CC00CF13B
:10B380000803DCF804C0EE46CEF800C0F0F76AFF10
:10B39000EAF78CFC0990FFE709980AB080BD00002D
:10B3A00080B584B00390029103980190019901F156
:10B3B00008004968029AF0F7E7FF04B080BD00007A
:10B3C00080B584B0039002910298006801900199C1
:10B3D00001F108004968039A029BF1F779F804B07B
:10B3E00080BD000084B002900298019001988168AD
:10B3F000C068496888420ED2FFE701998868C96829
:10B4000000EB8100806800900199C8680130C86035
:10B410000098039002E000200390FFE7039804B037
:10B420007047000080B584B00390694634200860FE
:10B4300041F22040C2F201004CF21171C0F6040149
:10B4400041F25442C2F201024FF48063CAF79EFBFC
:10B4500008B1FFE70BE041F22040C2F20100029088
:10B460000298C6F79FFB08B1FFE7FFE7FFE704B0CC
:10B4700080BD000080B592B0119010910F92002015
:10B4800078B9FFE71198E9F7D1FE50B1FFE71198BD
:10B49000006846F6A801C0F60401884201D1FFE722
:10B4A0000BE04AF67F00C0F604004AF65E11C0F6D3
:10B4B000040140F22B42C8F7A5FD11980E900F9899
:10B4C0000068002840F09680FFE71098172807D101
:10B4D000FFE70E98C088C00002300F990860FDE0B9
:10B4E0001098B0F5A67F32D1FFE70E98C07C38B136
:10B4F000FFE70E98C17C00EB81000069029002E03A
:10B5000000200290FFE702980D900D9830B9FFE7F8
:10B5100043F61810C0F604000D90FFE70D98406840
:10B520004008C00720B1FFE70D980F9908600DE0B3
:10B530000D98E6F7DDFF0F9908600F9800680C90F2
:10B540000C99486840F002004860FFE7C6E0109898
:10B55000B0F5A47F3ED1FFE70E9846F26461C0F6D5
:10B560000401884207D1FFE70F9943F62810C0F67F
:10B5700004000860B2E00E98807C38B1FFE70E98B6
:10B58000817C00EB81000069019005E046F2646077
:10B59000C0F604000190FFE701980B90002090B9DD
:10B5A000FFE70B98E9F742FE68B1FFE70B980068E8
:10B5B00046F67801C0F60401884204D1FFE70B98F3
:10B5C0000F9908608AE001200BA9EBF731FB0F9976
:10B5D000086083E00E98069010980790002008906D
:10B5E0000F98099001208DF828000E9906A8E6F71B
:10B5F0005DFB73E00E98C07C00286ED0FFE70E98CC
:10B60000C17C00EB81000069E9F7D0FB08B1FFE7DE
:10B610000BE04AF27E70C0F604004AF65E11C0F6F6
:10B62000040140F26342C8F7EDFC0E98C17C00EBC8
:10B630008100006904300590059800684008C00743
:10B6400008B1FFE74AE00F98406880B9FFE7059826
:10B650001099C90002310222E4F7E4FF0490049833
:10B6600020B1FFE70F9900200860FFE734E00E9853
:10B670008088800700281FD4FFE71098C0000230A0
:10B680000F994968CCF74AFEA8B1FFE70E98808869
:10B69000C00750B1FFE745F6E450C0F604004AF693
:10B6A0009421C0F60401EFF7E7FD0E99888840F079
:10B6B00002008880FFE7FFE705981099C900023172
:10B6C0000122E4F7AFFF03900F98406803994860A8
:10B6D0000F9900200860FFE7FFE7FFE712B080BD89
:10B6E00080B586B00590049103920293059801906D
:10B6F0000198007A60B9FFE70198C28846F2EC0031
:10B70000C0F604004AF61C21C0F60401EFF7C6FD9E
:10B710000198017A00EB8101D1F810C00499039AD5
:10B72000029BE0470090009806B080BD82B0009078
:10B730000098808800F4C070B0F5C07F06D1FFE7A4
:10B740004DF25140C0F6020001901DE00098808843
:10B750000006002807D5FFE70098C17B00EB8100B9
:10B760000069019010E000988088C005002808D585
:10B77000FFE70098C17B00EB810000694068019001
:10B7800002E000200190FFE7019802B0704700003E
:10B7900080B588B0069005910492039305980499AA
:10B7A0006B4600221A6001220323DBF755FF059840
:10B7B0000290012804D0FFE70298032806D010E089
:10B7C00003980068E8F75AF8079010E003980068BB
:10B7D000ECF798FD039A51689268EBF763FA0790CB
:10B7E00005E04AF6C920C0F60400EFF721FD0798EE
:10B7F00008B080BD80B584B0039002918DF8072019
:10B800000298009003980099CA884AF60111C0F680
:10B810000401EFF7FBFB04B080BD000082B0019093
:10B8200000910198012803D1FFE742200190FFE732
:10B8300001985A2807DCFFE7019820300190009911
:10B8400001200870FFE7019802B0704780B588B00A
:10B8500007900691059207980490002001900390AC
:10B8600004994868C96803AA00F028FB01460198BA
:10B87000029104998968069A11600299069A5160AA
:10B88000069A0121916008B080BD000080B584B0A7
:10B890000390039869460122E2F7A2FD0098EAF7B7
:10B8A000DDFE04B080BD000080B58CB00A90099127
:10B8B00008920A98406810B9FFE7FEF727FD0020BC
:10B8C00007900A988068401006900698C0F341706F
:10B8D00005900598019040B1FFE70198012813D029
:10B8E000FFE70198022822D056E00A984068022813
:10B8F00002D0FFE7FEF70AFD0A98C0680999089A86
:10B9000000F0DCFA0B9049E00A984068022802D067
:10B91000FFE7FEF7FBFC08980068032804D8FFE760
:10B92000089904200860FFE704200B9036E00A988D
:10B93000C068401004900498C0F3C360039004985A
:10B9400020F0784004900A98406802280FD1FFE761
:10B95000039800F09FFA02900298089909688842BB
:10B9600004D9FFE7029808990860FFE70FE00A98FA
:10B970004068032808D1FFE70A9800690999089AE6
:10B9800000F09CFA029001E0FEF7C0FCFFE702988D
:10B99000049948430B9001E0FEF7B8FC0B980CB0FB
:10B9A00080BD000080B584B003900291019201989F
:10B9B000006850B9FFE703980299002200F014F8DC
:10B9C00000900098019908600CE003980299019A90
:10B9D000526800F009F820B1FFE7019900200860E3
:10B9E000FFE7FFE704B080BD80B594B012901191DD
:10B9F000109212980F900F984068E9F7D7F930B974
:10BA0000FFE747F6B620C0F60400EFF711FC0F98E9
:10BA100040681199C9000231E6F7B2FD0E900E9808
:10BA2000E9F704FD002800F0FB80FFE70E984010C6
:10BA30000D900D98C0F3C3600C900D9820F07840E5
:10BA40000D900C98082808D3FFE70C980E2804D016
:10BA5000FFE70C980F2837D1FFE70F98C06802283E
:10BA600019D1FFE7109850B9FFE70C980F99896832
:10BA70000D9A11440022D7F7C5F9139051E10C98A3
:10BA80000F9989680D9A1144109B0022F9F7C6FCA2
:10BA90001098139045E1109850B9FFE70C980F9A51
:10BAA0000D9B9168D2681944D7F7F4FB139038E1E5
:10BAB0000C980F9A0D9B9168D2681944109BFAF765
:10BAC000D7F9109813902CE10C980828C0F09B80AF
:10BAD000FFE70C980D2800F29680FFE70D98C0F361
:10BAE00044400B900D98C0F384500A900D986FF36A
:10BAF0005F400D900F98C06802280BD1FFE70C98AB
:10BB000000F006000F9989680D9A1144D7F7F6F9ED
:10BB1000099013E00C99C1F341020120904001F01B
:10BB200001010F9A9368D268002A18BF0122DDF83C
:10BB300034C06344DBF70AFF0990FFE7109810BB9D
:10BB4000FFE70B990998C84009900A99012088409D
:10BB5000411E0998084009909DF83000C00708B9B7
:10BB6000FFE70BE047F6E510C0F6040047F61F219B
:10BB7000C0F6040140F2C512C8F744FA0998EAF782
:10BB8000D9FC1390CDE01098E7F7F4FD08900A99DE
:10BB900001208840013807900799089808400890CC
:10BBA0000B990898884008900B990798884007904F
:10BBB0000998079988430899084309900F98C06825
:10BBC00002280BD1FFE70C9800F006000F99896856
:10BBD0000D9A1144099AF9F791FC11E00C98C0F301
:10BBE0004101012088400F998A68C9680139B1FA7A
:10BBF00081F149090D9B1A44099BDCF78FFCFFE793
:10BC0000109813908DE0FFE74AF6DC70C0F6040050
:10BC100047F61F21C0F6040140F2D912C8F7F2F925
:10BC2000002070B9FFE70E98E9F7BCF948B1FFE7CB
:10BC30000E98006846F67801C0F60401884202D0EA
:10BC4000FFE7FEF763FB109810B1FFE7FEF75EFB1E
:10BC50000E98069006988068401005900598C0F3ED
:10BC600041700490059820F0604005900498009081
:10BC700040B1FFE70098012838D0FFE7009802287C
:10BC800019D04BE04CF62031C0F604011020E9F742
:10BC9000F9FE03900698C068039948600F98806881
:10BCA00005990844039988600F98C0680399C86093
:10BCB0000398139035E006984068022815D1FFE7F5
:10BCC0000698C1680020B0EB117F0ED1FFE70698FF
:10BCD0000F99C96802AAFFF7E7FD0F998968059ACD
:10BCE0001144EAF729F813901BE0FFE74CF62031E6
:10BCF000C0F604011020E9F7C5FE019006980199ED
:10BD000048600F98806805990844019988600F98E9
:10BD1000C0680199C8600198139002E00020139058
:10BD2000FFE7139814B080BD80B584B003900291F2
:10BD30000298E8F7EBFD01900398E8F7E7FD01466C
:10BD40000198E9F7F9FF04B080BD000080B584B028
:10BD5000039002910398E8F7D9FD01900298E8F763
:10BD6000D5FD01460198EAF705F804B080BD000052
:10BD700080B588B0079006910592049306980599BE
:10BD80006B4600221A60022202920323DBF75CFA60
:10BD900007991020E9F776FE039004980068E7F70A
:10BDA00049FD01460298039A916004994968039AF3
:10BDB00051600399C8600698032807D1FFE70498EB
:10BDC0008068E7F7D7FC0399C860FFE7039808B0DD
:10BDD00080BD000080B58AB0099008918DF81F20C1
:10BDE0000898069047F66920C0F60400059006986A
:10BDF0004068E8F7DBFF30B1FFE747F61220C0F6F6
:10BE0000040005903AE0002088BBFFE706984068F0
:10BE1000E9F7C8F858B3FFE706984068006846F6A7
:10BE20007801C0F60401884221D1FFE706984068F6
:10BE3000049004988068401003900398C0F3417008
:10BE4000029002980190012804D0FFE7019802288F
:10BE500006D00BE047F60E20C0F60400059005E082
:10BE600047F61920C0F604000590FFE705E047F605
:10BE70000820C0F604000590FFE7FFE70998059A3F
:10BE800006998B6847F6F911C0F60401EFF7BEF882
:10BE90000AB080BD82B0009000980E2803D1FFE761
:10BEA0000420019006E00098C0F341010120884081
:10BEB0000190FFE7019802B07047000080B58EB096
:10BEC0000C900B910A920C98E8F770FF30BBFFE7DB
:10BED0000020A8B9FFE70C98E9F764F880B1FFE704
:10BEE0000C98006846F67801C0F60401884207D134
:10BEF000FFE70C980B990A9AFFF7D6FC0D90A6E085
:10BF00000C98E9F793FA30B1FFE747F66D20C0F6D9
:10BF10000400EFF78DF9FFE7FEF7F8F90C980990A8
:10BF2000002008900790FFE70798099989688842E0
:10BF30007DD2FFE7099804300799E4F711FE002845
:10BF400070D0FFE70998C068079900EBC10040680E
:10BF500006900698E9F76AFA98B3FFE7069840104A
:10BF600005900598C0F3C3600490059820F07840D0
:10BF700005900498082809D3FFE704980D2805D8F0
:10BF8000FFE705986FF35F400590FFE70498FFF720
:10BF900081FF039003980A990968884204D9FFE752
:10BFA00003980A990860FFE70598039908440899DF
:10BFB000884205D9FFE70598039908440890FFE7F0
:10BFC0002FE0002070B9FFE70698E8F7EBFF48B1D3
:10BFD000FFE70698006846F67801C0F6040188423B
:10BFE00002D0FFE7FEF792F9069802900298806867
:10BFF00040100190019820F06040019002980B9948
:10C000000A9AFFF751FC009001980099084408999A
:10C01000884205D9FFE70198009908440890FFE796
:10C02000FFE7FFE7FFE70798013007907CE70B98F1
:10C03000022809D1FFE708980A99096808440138DD
:10C04000494208400890FFE708980D90FFE70D98D7
:10C050000EB080BD80B588B0069005910598006847
:10C0600004900020039098B9FFE70498E8F79AFF3E
:10C0700070B1FFE70498006846F23C21C0F6040165
:10C08000884205D1FFE70498E9F784FB079038E080
:10C09000022002900020F0B9FFE70498E8F782FF41
:10C0A000C8B1FFE7049800684CF62031C0F60401DF
:10C0B000884210D1FFE70698012803D0FFE700204F
:10C0C000EFF7B6F804980190019840680490019841
:10C0D000C06802900AE00698022806D1FFE705989A
:10C0E0004068E7F747FB0290FFE7FFE704980299F3
:10C0F00003AAFFF7E3FE009000984000013007908C
:10C10000FFE7079808B080BD80B596B014901391F2
:10C11000129214981190129818B9FFE70020159008
:10C12000FDE0002080B9FFE711984068E8F73AFF8A
:10C1300050B1FFE711984068006846F67801C0F6F4
:10C140000401884206D0FFE747F6C820C0F6040085
:10C15000EFF76EF8119840681090109880684010C2
:10C160000F900F98C0F341700E90139840100D90EF
:10C170000E98022840F08980FFE71098C0684010B0
:10C180000C900C98C0F3C3600B900C9820F0784092
:10C190000C900D980C9988420ADBFFE745F6DC60AD
:10C1A000C0F6040047F64E21C0F60401EFF764F82C
:10C1B0001098406802283CD1FFE71198C068022817
:10C1C00016D1FFE71298042808D1FFE70B981199C0
:10C1D00089680D9AD6F716FE1590A0E00B98119974
:10C1E00089680D9A129BF9F719F91298159096E043
:10C1F0001198806801900B98FFF74CFE019A0D99F9
:10C2000000FB01200A901298042808D1FFE70B9840
:10C210000A99119AD268D7F73DF815907FE00B98EC
:10C220000A99119AD268129BF9F722FE129815907A
:10C2300075E01298042825D1FFE700200990109896
:10C2400000691199C96809AAFFF738FE08904CF6F1
:10C250002031C0F604011020E9F714FC0790109873
:10C260000069079948601198826808980D9900FB49
:10C270000120079988601198C0680799C8600798DD
:10C2800015904CE00020159049E00E98012839D116
:10C29000FFE711988068006806901098C068E9F779
:10C2A000C5F858B1FFE71098C068000F05900598D1
:10C2B00006990D9AD6F7A6FD159030E0002004905F
:10C2C0001098C0681199C96804AAFFF7F7FD039098
:10C2D0004CF62031C0F604011020E9F7D3FB0290A0
:10C2E0001098C06802994860069A03980D9900FB5F
:10C2F0000120029988601198C0680299C86002986C
:10C3000015900CE0FFE74AF6DC70C0F6040047F633
:10C310001F21C0F6040140F25D22C7F773FE159895
:10C3200016B080BD80B588B08DF81B0005910598CA
:10C3300004909DF81B0008282DD1FFE7002048BB82
:10C34000FFE704984068E8F72DFE18B3FFE704986C
:10C350004068006846F67801C0F60401884219D1A9
:10C36000FFE70498406803900398806840100290AB
:10C370000298C0F3417001900198012809D1FFE7AC
:10C3800004988068006800900098EAF767F90790C1
:10C3900004E0FFE7FFE700200790FFE7079808B0F9
:10C3A00080BD000080B586B0059004918DF80F2007
:10C3B0000498E8F7FBFF38B1FFE70498C00801A92B
:10C3C000F6F7BEFA029006E004988068019004989F
:10C3D000C0680290FFE79DF80F00032806D1FFE731
:10C3E00005980299019AF0F723FE10E09DF80F00DE
:10C3F00038B9FFE7059908684B680299019A984790
:10C4000005E005980299019A00F004F8FFE706B0EC
:10C4100080BD000080B58CB00B900A91099200207D
:10C420008DF823008DF822000A9807900A98099940
:10C4300008440690FFE79DF822100020C9070190EC
:10C4400041B9FFE70799069A0020914238BF0120C1
:10C450000190FFE70198C007C0B1FFE70798007897
:10C46000272804D1FFE701208DF8230009E0079871
:10C470000078222804D1FFE701208DF82200FFE791
:10C48000FFE7FFE7079801300790D4E727200590E2
:10C490009DF82300C00740B1FFE79DF82200C007C8
:10C4A00018B9FFE722200590FFE70B98059A4AF29A
:10C4B000D011C0F60401EEF7A9FD0A9804900A987D
:10C4C000099908440390FFE704980399884280F093
:10C4D0008380FFE7049800F047FA0290049800F088
:10C4E00081FA049002980599884209D1FFE70B98D8
:10C4F000059A4AF2CF11C0F60401EEF787FD6AE013
:10C5000002985C2808D1FFE70B984AF2C711C0F6E1
:10C510000401EEF749FC5DE0029820280DD3FFE707
:10C5200002987E2809D8FFE70B98029A4AF2D011A8
:10C53000C0F60401EEF76AFD4BE002980A2808D124
:10C54000FFE70B984AF20F31C0F60401EEF72CFC1E
:10C550003EE002980D2808D1FFE70B984AF25C31C3
:10C56000C0F60401EEF720FC31E00298092808D15A
:10C57000FFE70B984AF2CD41C0F60401EEF714FC38
:10C5800024E00298FF2809D8FFE70B98029A4AF2A4
:10C590006151C0F60401EEF739FD16E0BDF80A005E
:10C5A00048B9FFE70B98029A4AF26851C0F60401B5
:10C5B000EEF72CFD08E00B98029A4AF27761C0F67C
:10C5C0000401EEF723FDFFE7FFE7FFE7FFE7FFE7E3
:10C5D000FFE7FFE7FFE777E70B98059A4AF2D011EC
:10C5E000C0F60401EEF712FD0CB080BD80B586B038
:10C5F0008DF8130003910398E8F7D8FE38B1FFE7F0
:10C600000398C00801A9F6F79BF9029006E0039889
:10C61000806801900398C0680290FFE79DF81300BE
:10C6200001460091042804D0FFE70098052808D0AF
:10C630000FE00198002818BF0120E9F72DFB0590B5
:10C640000AE00298019900F00DF9400001300590D0
:10C6500002E000200590FFE7059806B080BD0000CD
:10C6600082B00190019900207F2900900AD8FFE74D
:10C67000019942F22020C0F60400405CC0F3C000E3
:10C680000090FFE7009800F0010002B07047000042
:10C6900082B00190019900207F2900900AD8FFE71D
:10C6A000019942F22020C0F60400405CC0F38000F3
:10C6B0000090FFE7009800F0010002B07047000012
:10C6C00083B00290029900207F29019016D8FFE7DD
:10C6D000029942F22020C0F60400415C012011F0D2
:10C6E0000C0F009007D1FFE702985F38B0FA80F096
:10C6F00040090090FFE700980190FFE7019800F0E3
:10C70000010003B07047000082B001900199002041
:10C710007F2900900AD8FFE7019942F22020C0F655
:10C720000400405CC0F340100090FFE7009800F068
:10C73000010002B07047000082B001900199002012
:10C740007F2900900AD8FFE7019942F22020C0F625
:10C750000400405CC0F340000090FFE7009800F048
:10C76000010002B07047000082B0019001990020E2
:10C770007F2900900AD8FFE7019942F22020C0F6F5
:10C780000400405CC0F300100090FFE7009800F048
:10C79000010002B07047000082B0019001990020B2
:10C7A0007F2900900AD8FFE7019942F22020C0F6C5
:10C7B0000400405CC0F380100090FFE7009800F098
:10C7C000010002B07047000080B582B00090009870
:10C7D000FFF7CAFF20B1FFE700982030019002E088
:10C7E00000980190FFE7019802B080BD80B582B04B
:10C7F00000900098FFF788FF20B1FFE700982038ED
:10C80000019002E000980190FFE7019802B080BD1E
:10C8100082B0019001983038009000980A2808D31F
:10C82000FFE7009820F02000009000980738009063
:10C83000FFE7009802B0704780B584B0039003987A
:10C84000029040F60840C2F201004C30019001987D
:10C8500002998968C90002310222E3F7E3FE04B0BD
:10C8600080BD000084B003900291002001900398E5
:10C87000029908440090FFE703980099884210D27B
:10C88000FFE70398007800F0C000802804D0FFE79D
:10C89000019801300190FFE7FFE703980130039012
:10C8A000EAE7019804B0704786B004900391002035
:10C8B0008DF80B000498039908440190FFE7049851
:10C8C0000199884244D2FFE7049800788DF803006C
:10C8D0009DF80B0090B1FFE79DF8030000F0C00049
:10C8E000802806D1FFE79DF80B0001388DF80B007A
:10C8F00003E000208DF8170032E024E09DF80300EB
:10C90000C02815DBFFE79DF80300F82804DBFFE7EC
:10C9100000208DF8170023E09DF80310062000EAA0
:10C92000D101E520C84000F003008DF80B0009E0BC
:10C930009DF80300802804DBFFE700208DF8170036
:10C940000EE0FFE7FFE7FFE7049801300490B6E749
:10C950009DF80B00B0FA80F040098DF81700FFE752
:10C960009DF8170006B0704784B002900298411CF1
:10C970000291007801909DF804000006002803D47D
:10C98000FFE7019803902AE0019800F07F000190F2
:10C9900040200090FFE701980099084209D0FFE786
:10C9A0000099019888430190FFE7009840080090A3
:10C9B000F1E7FFE70298007800F0C00080280BD173
:10C9C000FFE701990298421C0292007800F03F00B4
:10C9D00040EA81100190EDE701980390FFE703988A
:10C9E00004B0704781B00090009801300090FFE7DC
:10C9F0000098007800F0C000802804D1FFE700987C
:10CA000001300090F4E7009801B0704783B00290C5
:10CA1000019100200090FFE70198029988420FD908
:10CA2000FFE70198411E019110F8010C00F0C000D1
:10CA3000802804D0FFE7009801300090FFE7EBE783
:10CA4000009803B07047000089B0089007910692E3
:10CA500008980590BDF818000490BDF81A000390DE
:10CA6000FFE70798002800F0E980FFE7079841F208
:10CA7000AF51884203D8FFE70798009003E041F2E6
:10CA8000B0500090FFE7009802900298C11700EBA9
:10CA9000117000110190FFE70198002800F09980C3
:10CAA000FFE70598017804980844049004990398D6
:10CAB0000844039005984178049808440490049928
:10CAC00003980844039005988178049808440490DA
:10CAD00004990398084403900598C1780498084481
:10CAE00004900499039808440390059801790498E8
:10CAF00008440490049903980844039005984179E8
:10CB000004980844049004990398084403900598F5
:10CB10008179049808440490049903980844039088
:10CB20000598C1790498084404900499039808442E
:10CB300003900598017A0498084404900499039896
:10CB4000084403900598417A049808440490049995
:10CB50000398084403900598817A04980844049047
:10CB600004990398084403900598C17A04980844EE
:10CB7000049004990398084403900598017B049855
:10CB80000844049004990398084403900598417B55
:10CB90000498084404900499039808440390059865
:10CBA000817B0498084404900499039808440390F6
:10CBB0000598C17B0498084404900499039808449C
:10CBC0000390FFE701980138019005981030059017
:10CBD00062E70298C11700EB117121F00F01401AB2
:10CBE0000190FFE7019880B1FFE70598411C05918E
:10CBF0000178049808440490049903980844039029
:10CC0000FFE7019801380190ECE7049B48F27100BE
:10CC1000C8F20700A3FB0021CA0B4FF6F17102FB1B
:10CC200011320492039AA2FB0030C00B00FB1120CA
:10CC3000039002990798401A079012E70399049805
:10CC400040EA014009B0704785B004900391029218
:10CC50000498019000200090FFE700980399884213
:10CC60001FD2FFE701980099415C0298484002906A
:10CC7000029A02F00F014CF6BC10C0F6040050F806
:10CC8000211081EA12110291029901F00F0250F86D
:10CC9000220080EA11100290FFE700980130009016
:10CCA000DBE7029805B0704780B584B00290029926
:10CCB00008684968884208D2FFE7029A1068411C58
:10CCC000116000788DF80F001FE00298C068A0B1D5
:10CCD000FFE7029890F82900C00770B9FFE70299B2
:10CCE0008868C968884701900198002804D4FFE744
:10CCF00001988DF80F0008E0FFE70299012081F804
:10CD0000290000208DF80F00FFE79DF80F0004B008
:10CD100080BD000080B586B0049003910498FFF7B1
:10CD2000C3FF8DF80B000498FFF7BEFF8DF80A00D3
:10CD30009DF80B001F2865D1FFE79DF80A008B289E
:10CD400060D1FFE70498FFF7AFFF082804D0FFE7A2
:10CD50006FF0020005909FE00498FFF7A5FF8DF8A3
:10CD60000A009DF80A0010F0E00F04D0FFE76FF012
:10CD70000200059090E004980621FEF7B7FA9DF8AE
:10CD80000A004007002809D5FFE70498FEF7E6F8F7
:10CD9000019004980199FEF7A9FAFFE79DF80A00AF
:10CDA0000007002808D5FFE7FFE70498FFF77CFF9E
:10CDB00008B1FFE7F9E7FFE79DF80A00C006002881
:10CDC00008D5FFE7FFE70498FFF76EFF08B1FFE71C
:10CDD000F9E7FFE79DF80A008007002804D5FFE780
:10CDE0000498FEF7BBF8FFE70499022081F82800B9
:10CDF00004994FF0FF30486203990F20086001202A
:10CE0000059049E09DF80B109DF80A0040EA0120CA
:10CE100040F64202C0F2214247F6DF31CBF6EF5135
:10CE200000FB012041F28501C0F64201884204D393
:10CE3000FFE76FF0020005902EE09DF80B0000F078
:10CE40000F00082804D0FFE76FF00200059023E0F0
:10CE50009DF80B000009082804DBFFE76FF00200D3
:10CE6000059019E09DF80A008006002804D5FFE728
:10CE70006FF0020005900FE00499012081F828006E
:10CE8000049948629DF80B10082000EB11100399DB
:10CE9000086000200590FFE7059806B080BD0000FF
:10CEA00080B584B00290FFE70298C06A013080BB71
:10CEB000FFE7FFE70298FEF765F80299086302981A
:10CEC00002210022FEF7E6F90299C8620298C06AC0
:10CED000012808D1FFE7029901F1480001F52A7104
:10CEE000FDF702FE14E00298C06A02280FD1FFE7A6
:10CEF000029800F1480100F52A72FDF72FFF01901A
:10CF0000019818B1FFE70198039038E0FFE7FFE7C9
:10CF1000FFE70298C06A009028B1FFE70098013847
:10CF2000022805D30DE00298FEF74AF901900CE0C3
:10CF3000029800F1480100F52A72FEF741F80190CD
:10CF400003E06FF00200039019E00198012805D179
:10CF5000FFE70298006B08B9FFE7ABE7019818B14B
:10CF6000FFE7019803900AE0FFE70299C869096AA0
:10CF70008842FFF499AFFFE700200390FFE7039892
:10CF800004B080BD80B588B006900698C069049052
:10CF90000698FFF785FF05900598B0F1FF3F03DC89
:10CFA000FFE70598079056E0069890F8280001469C
:10CFB0000291012804D0FFE7029802280AD013E06A
:10CFC0000498069AD169526A091AFFF73DFD06993D
:10CFD000486209E00498069AD169526A091AFFF773
:10CFE00033FE06994862FFE70598012830D1FFE734
:10CFF000069890F8280001460191012804D0FFE727
:10D00000019802280FD022E00698FDF771FF0390E7
:10D010000698406A0399884204D0FFE76FF0030046
:10D02000079018E013E00698FDF77CFF0390069840
:10D03000406AC0430399884204D0FFE76FF00300C1
:10D04000079008E00698FDF76DFF0390FFE7FFE704
:10D0500005980790FFE7079808B080BD83B002905D
:10D06000019100920299002081F8290002994861FB
:10D0700002990863029A4FF0FF31D1620099029A37
:10D0800011640199029AD163029948640299486334
:10D0900003B0704780B584B003908DF80B100398EF
:10D0A000012100F081F801909DF80B0001990870B2
:10D0B00004B080BD80B588B00790069106987F289F
:10D0C00009D8FFE70798012100F06EF8059006984F
:10D0D0000599087065E006990020B0EBD12F13D1B7
:10D0E000FFE707980221019100F05EF80199049092
:10D0F000069AC02040EA9210049A1070069861F3D4
:10D100009F10049948704BE0BDF81A00C0B9FFE7C2
:10D110000798032100F048F803900699E02040EAC0
:10D1200011300399087006988009022161F39F105D
:10D13000039A5070069861F39F10039988702EE04F
:10D14000BDF81A00102801D8FFE70AE04CF2DF60B2
:10D15000C0F604004CF2EC61C0F60401A422C6F74C
:10D1600051FF0798042100F01FF802900699F02063
:10D1700040EA9140029908700698000B022161F381
:10D180009F10029A50700698800961F39F10029ACE
:10D190009070069861F39F100299C870FFE7FFE74F
:10D1A000FFE708B080BD000080B584B00390029115
:10D1B0000398029900F08EF803984168806808444B
:10D1C0000190029A0399486810444860019804B09D
:10D1D00080BD000080B584B0039002910398019057
:10D1E00002980090C3F7AEFA00990246019800F049
:10D1F00003F804B080BD000080B584B003900291B4
:10D2000001920398019900F065F8039841688068DD
:10D2100008440299019AC3F744FB019A03994868AC
:10D220001044486004B080BD80B582B00190019880
:10D23000007BC00728B9FFE701988068D8F718F984
:10D24000FFE701990020886002B080BD80B584B0FE
:10D25000039002910192029803994968884201D390
:10D26000FFE71FE002980199084403994968884242
:10D2700004D3FFE702980399486012E003984268DC
:10D280008068DDF808C06044019BC118A2EB0C0265
:10D29000D21AC3F706FB019A03994868801A4860BE
:10D2A000FFE7FFE704B080BD82B0019000910098D5
:10D2B00001994968884204D9FFE701990020486034
:10D2C00005E0009A01994868801A4860FFE702B0BB
:10D2D0007047000080B584B0039002910398016804
:10D2E0004068029A1044884222D9FFE70398007BE5
:10D2F000C00738B1FFE746F23800C0F6040000214D
:10D30000EDF7BAFF0398406802990844103020F006
:10D31000070008300190039880680199D8F70AF94E
:10D320000090019803990860009803998860FFE7CE
:10D3300004B080BD80B584B0039002910398007B57
:10D34000C00738B1FFE746F23800C0F604000021FC
:10D35000EDF792FF039801688068029A1144D8F7AC
:10D36000E9F8019001980399096808440090029A2D
:10D370000399086810440860019803998860009830
:10D3800004B080BD80B582B00190019870B1FFE714
:10D390000198007BC00728B9FFE701988068D8F79B
:10D3A00067F8FFE70198D8F763F8FFE702B080BDA0
:10D3B00080B584B003900291029818B9FFE701206C
:10D3C0000290FFE7029803990860039900200190FA
:10D3D000486003980068D8F753F801460198039A0B
:10D3E00091600399087304B080BD000083B002907F
:10D3F000019100920198029908600299002048600A
:10D4000000980299886002990120087303B0704760
:10D4100080B582B001900091019800990131FFF729
:10D42000C7FF00980199486002B080BD80B584B004
:10D4300003900291019203980299FFF7B9FF0398B4
:10D440000199086001994DF2F910C0F60300486097
:10D4500004B080BD80B584B003900291019203981E
:10D460004068009002980099884203D9FFE700982D
:10D470000290FFE70198A0B1FFE703980199FFF739
:10D4800029FF03988068029BC11801980844009AFC
:10D49000D21AC3F706FA019A039948681044486003
:10D4A000FFE7039880680299084404B080BD00003B
:10D4B00080B584B0039002918DF8072003980299FB
:10D4C0000122FFF7C7FF00909DF807000099087040
:10D4D00004B080BD80B584B003900291019203989E
:10D4E00002990122FFF7B6FF009001980099087099
:10D4F00004B080BD81B000900098406801B07047D2
:10D5000081B000900098406801B0704781B00090F1
:10D510000098406801B0704781B000900098406862
:10D5200001B0704780B582B001901020D7F7A8FFF6
:10D53000009000980199FFF73BFF009802B080BD72
:10D5400080B582B00190019908684968884205D188
:10D55000FFE701980121FFF7EDFEFFE70198426820
:10D560008168002088540198806802B080BD000066
:10D5700081B0009000990020486001B07047000021
:10D5800081B0009000990020486001B07047000011
:10D5900081B0009000990020486001B07047000001
:10D5A00081B0009000990020486001B070470000F1
:10D5B00081B000900098806801B0704781B0009001
:10D5C0000098806801B0704780B541F65801C2F2FA
:10D5D000010191F800E040F28800C2F20000026808
:10D5E00040F28C0CC2F2000CDCF8003002FB03EEBF
:10D5F00040F29002C2F20002136873441360136891
:10D600004FEA73731360136843F00203CCF80030E1
:10D61000D2F800C0036883EA7C0303601368D0F883
:10D6200000C083EA1C2391F800C083EA0C0383F056
:10D6300001030B701268006882EA401080EA924091
:10D64000097880EA410080BD80B582B0019820F061
:10D650000040019001987F2161F3DE500190FFF7B7
:10D66000B3FF0146019861F3160001909DED010A98
:10D67000BFEE001A30EE010A02B080BD80B584B062
:10D68000039001200290FFE7039902980840884226
:10D6900005D2FFE70298400001300290F4E7FFE76F
:10D6A000FFF792FF029908400190FFE70198039964
:10D6B0008842F5D2FFE7019804B080BD80B588B0FC
:10D6C0000690069805900598406818B9FFE7002075
:10D6D00007902FE00598406800210191E9F7A8FA2A
:10D6E0000146019804910390FFE703980599496862
:10D6F00088421CD2FFE70598039900EB81008068FF
:10D70000E1F7B8FE0290029830B9FFE70498EBF712
:10D7100019F9002007900DE002980499039A01EB93
:10D7200082018860FFE7039801300390DDE70498E9
:10D730000790FFE7079808B080BD000080B588B06B
:10D740000790069105920493069805996B4600226E
:10D7500001921A604FF6FF73D9F798FF06990820D7
:10D7600000EB81000799E8F78DF9014601980391D4
:10D770000699039A51600290FFE702980699884241
:10D7800011D2FFE70498029950F821000021E0F738
:10D790004DFF0399029A01EB82018860FFE702982E
:10D7A00001300290E9E7039808B080BD5FEA400CC1
:10D7B00008BF91F0000F4FEA8C234FEAC12243EAE1
:10D7C00051514FEA1C5018BF00F5F0404FEA3000AD
:10D7D00018BF41F000415FEA6C5C00F02980BCF1A9
:10D7E000FF3F08BF40F080407047130C06BF120493
:10D7F0004FF0100C4FF0000C130E04BF12020CF18E
:10D80000080C130F04BF12010CF1040C930F04BF9A
:10D8100092000CF1020CD30F04BF52000CF1010C6A
:10D8200011464FF00002A0F11F00A0EB0C00704762
:10D8300011F0004F08BF704731F000413FF4D5AF01
:10D840000B0C06BF09044FF0100C4FF0000C0B0E30
:10D8500004BF09020CF1080C0B0F04BF09010CF105
:10D86000040C8B0F04BF89000CF1020CCB0F04BF1A
:10D8700049000CF1010CCCF1200322FA03F341EA38
:10D88000030102FA0CF2A0EB0C0000F1010070475A
:10D8900023F07F4720F07F4C80EA030000F0004037
:10D8A000ACEB070303F57C5303F1FF032DE980493B
:10D8B00009B44FEA144324EA03484FEA154B25EA1A
:10D8C0000B4E0FF2042606EB13273E7803FB066788
:10D8D000C7F5000707FB06F64FEAD64606F1020633
:10D8E0004FEA543707FB066CCCF1005C4FEA1C474B
:10D8F0002CEA074C0CFB06F507FB06F404EB154677
:10D900004FEA961649085FEA320234BF00204FF012
:10D9100000404FEAD13706FB07FC4FEA1C4C0CFBDA
:10D920000BF7D21B03FB0CF761EB07010CFB0EF7A7
:10D93000B0EB074072EB17420CFB08F734BFA2EBC9
:10D940000742B2EB074261EB17414FEA0C444FEA42
:10D95000910706FB07FC4FEA1C4C0CFB0BF7B0EBE6
:10D96000C74072EB573203FB0CF734BFA2EBC74240
:10D97000B2EBC74261EB57310CFB0EF7B0EBC700BF
:10D9800072EB57720CFB08F734BFA2EBC702B2EB85
:10D99000C70261EB57714FEA816141EA92114FEA88
:10D9A000826242EA90124FEA806004EBCC04039F4B
:10D9B0004FEAD13706FB07FC4FEA1C4C0CFB0BF778
:10D9C000D21B03FB0CF761EB07010CFB0EF7B0EB6E
:10D9D000074072EB17420CFB08F734BFA2EB07427B
:10D9E000B2EB074261EB17414FEA8C5504EB9C24E4
:10D9F0004FEA910706FB07FC4FEA1C4C0CFB0BF7A8
:10DA0000B0EBC74072EB573203FB0CF734BFA2EB0D
:10DA1000C742B2EBC74261EB57310CFB0EF7B0EBDC
:10DA2000C70072EB57720CFB08F734BFA2EBC702BA
:10DA3000B2EBC70261EB57714FEA816141EA921183
:10DA40004FEA826242EA90124FEA806015EB4C2561
:10DA500044F100044FEAD13706FB07FC4FEA1C4CA7
:10DA60000CFB0BF7D21B03FB0CF761EB07010CFB64
:10DA70000EF7B0EB074072EB17420CFB08F734BF10
:10DA8000A2EB0742B2EB074261EB17414FEA81314B
:10DA900041EA92414FEA823242EA90424FEA8030B4
:10DAA0004FEA0C7615EB1C1544F1000448EA0343D9
:10DAB0004EEA0B484FF0000EB2EB080C71EB030777
:10DAC00024BF624639464EEB0E0E4FF0000B001895
:10DAD000524149414BEB0B0BB2EB080C71EB0307C6
:10DAE0007BF1000B24BF624639464EEB0E0E4FF021
:10DAF000000B0018524149414BEB0B0BB2EB080CE9
:10DB000071EB03077BF1000B24BF624639464EEBF5
:10DB10000E0E51EA020718BF46F0010616EB0E760C
:10DB200055F1000254F1000103D5BDE88901BDE8BB
:10DB30000088BDE88901BDE80048B619524141EBB3
:10DB40000101A3F10103704780807F7E7D7C7B7A99
:10DB50007978777676757473727171706F6E6E6D99
:10DB60006C6C6B6A6A69686867666665646463633F
:10DB700062616160605F5F5E5E5D5D5C5C5B5B5AC5
:10DB80005A59595858575756565555555454535332
:10DB900052525251515050504F4F4F4E4E4D4D4D8D
:10DBA0004C4C4C4B4B4B4A4A4A49494948484847D8
:10DBB0004747474646464545454444444443434316
:10DBC00043424242424141419C46002B30D47700BF
:10DBD0002BD04FEA37071CB503B44FF010004FF0BD
:10DBE0001001BAF1000F06D0BCF1000FDCBF40F00D
:10DBF000080040F008014FF000000FBCBDE81040E5
:10DC00000BF1010BBBF1010F08BF5FEA170722BF41
:10DC100012F1010211F101014FF0004143F1000343
:10DC200000F0004043EA00007047F9D35708D0E7FE
:10DC300046EA06464FEA164613F1400F1FDD13F180
:10DC4000200FDFBF16430A46002120335B42BED0BF
:10DC5000C3F1200746EA06464FEA164602FA07F7DE
:10DC600046EA070622FA03F2C3F1200701FA07F792
:10DC700042EA070221FA03F14FF00003A7E746EA60
:10DC8000020646EA06464FEA164646EA0106BCBFC9
:10DC900046EA0646360C4FF000034FF000024FF004
:10DCA000000194E72DE9804C70B49A46934691E8C0
:10DCB000380007C831EA400C48BF34EA430C03D5AA
:10DCC000FFF7E6FDFFF780FFF0BCBDE8008C2DE913
:10DCD000804C70B49A46934691E8380007C810F01B
:10DCE000804F08BF13F0804F03D100F005F8FFF715
:10DCF0006BFFF0BCBDE8008C20F07F4723F07F4C29
:10DD000080EA030000F0004007EB0C03A3F57C530E
:10DD1000A3F1FE0392F0000F00F0B38095F0000F26
:10DD200000F077802DE901494FEA114021EA0048CF
:10DD30004FEA144624EA064700FB06FC08FB06F6F9
:10DD400007FB08F818EB06484CEB164C00FB07F7EE
:10DD500018EB07484CEB17404FEA124B22EA0B4EE8
:10DD60004FEA154625EA06470BFB06FC0EFB06F6B6
:10DD700007FB0EFE1EEB064E4CEB164C0BFB07F79B
:10DD80001EEB074E4CEB174B18EB0B0840F1000055
:10DD900018EB0E0B58EB000840F100008F1A4FF003
:10DDA00000014FF000063CBFC943661B14BFB5EB32
:10DDB000040C00213CBFC943F61B4FEA174427EA75
:10DDC00004454FEA1C472CEA074C04FB076205FB9D
:10DDD00007F70CFB05F616EB074642EB174204FB70
:10DDE0000CFC16EB0C4642EB1C421BEB060658EBF8
:10DDF000020241414EEA8E0E46EA9E0601D5BDE87A
:10DE00000189B619524141EB0101A3F10103BDE8BB
:10DE100001894FEA144524EA05464FEA114721EAF1
:10DE2000074C05FB07F406FB07F70CFB06F111EBAB
:10DE3000074144EB174405FB0CFC11EB0C4144EB90
:10DE40001C444FEA124722EA074C05FB07F206FB87
:10DE500007F70CFB06F616EB074642EB174205FBED
:10DE60000CFC16EB0C4642EB1C456A1854F1000101
:10DE700048BF7047B619524141EB0101A3F10103BC
:10DE8000704795F0000F37D04FEA114221EA024661
:10DE90004FEA144724EA074C02FB07F106FB07F799
:10DEA0000CFB06F414EB074441EB174102FB0CFC9E
:10DEB00014EB0C4441EB1C414FEA154725EA074C93
:10DEC00002FB07F506FB07F70CFB06F616EB074609
:10DED00045EB174502FB0CFC16EB0C4645EB1C42D0
:10DEE000121951F1000148BF7047B619524141EB78
:10DEF0000101A3F1010370474FEA144524EA0546E6
:10DF00004FEA114721EA074C05FB07F106FB07F72B
:10DF10000CFB06F212EB074241EB174105FB0CFC30
:10DF200012EB0C4251EB1C414FF0000648BF70470A
:10DF3000921841EB0101A3F10103704703B401986A
:10DF40004100009850EAC12018BF04204A0D18BFB4
:10DF500040F0010040F2FF72B2EB515F08BF40F0A9
:10DF60000200012808BF052002B0704741000802E6
:10DF700018BF04200A0E18BF40F001004FF07F4286
:10DF800032EA010108BF40F00200012808BF052065
:10DF90007047000010B510EE104A4FF01A402DEDFA
:10DFA000028B00EB4400B0F1C85F4AD84FF0FC4050
:10DFB000B0EB440F22D2B0EEC00AF7EE000A30EE0A
:10DFC000C00AF6EE000A20EE208A18EE100A03F0CE
:10DFD0005EFA00EE100A14F0004F1DBF9FED281AE4
:10DFE000DFED280AB1EE400A9FED271A08BFF0EED8
:10DFF000410AF8EE001A20EE210A05E020EE008A20
:10E000009FED221ADFED220ADFED221A9FED222A70
:10E0100070EEC00A20EE080A08EE212ADFED1F1A72
:10E0200048EE021A9FED1E2A08EE212ADFED1D1A86
:10E0300048EE021ABDEC028B40EE610A30EE810A16
:10E0400010BD4FF0CC40B0EB440F82BF9FED160ADD
:10E05000BDEC028B10BD4FF07F40B0EB440F05D2FA
:10E06000BDEC028BBDE8104002F0D8BD0120C2F724
:10E0700066FDBDEC028BBDE8104002F0D5BD00008E
:10E080000000494022AA7D3A000000000000C93F7C
:10E0900022AAFD3924FE1C3DC78AD83C1E67383DA4
:10E0A0001B93993DAFAA2A3EDB0FC93F10B52DED5A
:10E0B000048BB0EE408A18EE100AB0F17E5F0BDAE6
:10E0C00010F5000F0ED80120C2F739FDBDEC048B0E
:10E0D000BDE8104002F0A8BDB0F18D4F15DBB0F1E6
:10E0E000FF4F07DBB0EE480ABDEC048BBDE81040E3
:10E0F00002F094BDB0EE480A01F01CFCDFED1F0AEF
:10E10000BDEC048B30EE200A10BDB0F17E5F02BF83
:10E110009FED1B0ABDEC048B10BDF7EE008AB0EE3C
:10E12000009AB0F1804F15DD28EE080A30EE680A3B
:10E1300010EE100A03F0ABF900EE100A70EE080AB8
:10E1400088EEA00A18EE090ABDEC048BBDE8104069
:10E1500001F0F0BB38EE688A28EE090A08EE080ADA
:10E1600010EE100A03F093F900EE100A30EE080AE0
:10E17000BDEC048BBDE8104002F05ABF1872313F6D
:10E180000000000010B54FF00E402DED028BB0EEF8
:10E19000408A18EE104A00EB4400B0F1506F4AD8A4
:10E1A0004FF0FC40B0EB440F22D2B0EEC80AF7EEBD
:10E1B000000A30EEC00AF6EE000A60EE208A18EE81
:10E1C000900A03F064F901EE100A14F0004F1DBF2D
:10E1D000DFED2D0A9FED2D0AB1EE411ADFED2C0A7D
:10E1E00008BF9FED2C0AF8EE001A21EE218A05E007
:10E1F000DFED290A68EE088AB0EE600A9FED271A63
:10E20000DFED271A30EE080A48EE811A9FED251A35
:10E2100008EEA11ADFED241A48EE811A9FED231AA9
:10E2200008EEA11A68EE281ABDEC028B01EE810AF5
:10E2300030EE200A10BD4FF0E440B0EB440F0CD993
:10E2400018EE100AFFF792FE042808BF02F000FD46
:10E25000B0EE480ABDEC028B10BD4FF07F40B0EB32
:10E26000440F07D2B0EE480ABDEC028BBDE8104067
:10E2700002F0D4BC0120C2F762FCBDEC028BBDE809
:10E28000104002F0D1BC00000000C9BF22AAFDB9B5
:10E290000000C93F22AAFD390000000024FE1C3DF9
:10E2A000C78AD83C1E67383D1B93993DAFAA2A3ECA
:10E2B00010B52DED048BB0EE408A18EE104A24F014
:10E2C0000040B0F1FF4F07DBB0EE480ABDEC048B15
:10E2D000BDE8104002F0A2BCB0F1625F0CDA18EEAB
:10E2E000100AFFF743FE042808BF02F0B1FCB0EEAD
:10E2F000480ABDEC048B10BDB0EEC89AB0F18D4F4A
:10E3000008DDB0EE490A01F015FBDFED1C0A30EE26
:10E31000200A2BE0F7EE008AB0F1804F14DDB0EE5A
:10E32000680A08EE080A10EE100A03F0B0F800EED2
:10E33000100A70EE090A88EEA00AF0EE000A09EE53
:10E34000200A01F0F7FA11E028EE088A38EE280AD0
:10E3500010EE100A03F09BF800EE100A30EE280AC7
:10E36000C8EE000A30EE890A02F062FE002CD8BF27
:10E37000B1EE400ABDEC048B10BD00001872313FB5
:10E3800070B54FF068422DED048BF0EE408A18EE28
:10E39000900AB0EE608A18EE101A02EB4003B3F157
:10E3A000654F3CBF02EB4102B2F1654F7DD200BF29
:10E3B000C0F3C753C1F3C7529A1A1B2A09DD10F0E4
:10E3C000004F14BF9FED830A9FED830ABDEC048BC1
:10E3D00070BD12F11A0F36DA11F0004F09D010F0AB
:10E3E000004F0CBF9FED7D0A9FED7D0ABDEC048BB5
:10E3F00070BD88EE889A19EE100AFFF7B7FD042861
:10E4000008BF02F025FC18EE900AFFF7AFFD0546A5
:10E4100018EE100AFFF7AAFD044619EE100AFFF7DE
:10E42000A5FD042D18BF052D08D1042C18BF052CFF
:10E4300004D1002804BF0220C2F781FBB0EE490AD4
:10E44000BDEC048B70BD4200B2EB410F3AD910F025
:10E45000004F19BFDFED630A9FED630ADFED630A2A
:10E460009FED630AB0EE481A0A46B1EE688A80F062
:10E470000041F0EE418A10460A1A5200B2F1807F44
:10E4800034D2484010F0004FDFED5A1A9FED5A2A5F
:10E490001DBFBEEE001A70EEE10A30EE420AB6EE83
:10E4A000001A08BF70EEA10A00E040E008BF30EE9D
:10E4B000020AB0EE682A01EE482A08EE818AC2EE0E
:10E4C000081A15E011F0004F04BF9FED4C0AF0EE62
:10E4D000400AD1D010F0004F19BFDFED490A9FED7F
:10E4E000490ADFED490A9FED490AC5E7C8EE881AD7
:10E4F00021EEA11A9FED462ADFED462A41EE022ABF
:10E500009FED452A01EE222ADFED442A41EE022A40
:10E510009FED432ABDEC048B01EE222A21EE811AE5
:10E5200001EE020A30EE210A30EE200A70BD4FF0F3
:10E530007F42B2EB400F28BFB2EB410F09D2F0EEA1
:10E54000480AB0EE680ABDEC048BBDE8704002F0EA
:10E5500068BB40EA01035B0008BF41F0FF410BD0FC
:10E56000B2EB400F08BFB2EB410F08D120F0804062
:10E5700008EE900A21F0804108EE101A18E7B2EB7D
:10E58000400F12BF5FEA410340F0FF4001F000413D
:10E590003FF40EAFB2EB410F12BF5FEA400200F052
:10E5A000004041F0FF413FF403AF4A0092EA4003CC
:10E5B0003FF5FEAE002AACBF9FED1A0A9FED1A0A86
:10E5C00068EE808A28EE008A18EE900A18EE101A7B
:10E5D000EEE60000DB0FC9BFDB0FC93FDB0F494090
:10E5E000DB0F49C00000C9BF22AAFDB90000C93F26
:10E5F00022AAFD390060ED3EC30ACE3700000000BC
:10E60000000049C022AA7DBA0000494022AA7D3AF2
:10E610002DAD65BD8FB8D53D0FB511BE61C84C3E5F
:10E62000A8AAAABE0000804F0000802F10B54FF0AE
:10E630000E412DED028BB0EE408A18EE100A01EB70
:10E640004001B1F1145F5CD24FF0FE41B1EB400FDD
:10E6500024BF9FED400AF0EE400A12D210F0004FA6
:10E6600019BFDFED3D0A9FED3D0ADFED3D0A9FED4D
:10E670003D0AFFEE001A81EE881AB0EE418A18EECC
:10E68000100A4FF0FC41B1EB400F1BD210F0004FCD
:10E69000DFED351A9FED352A1DBFBEEE001A70EE74
:10E6A000E10A30EE420AB6EE001A04BF70EEA10A8B
:10E6B00030EE020A38EE412AF7EE001A48EE011A4F
:10E6C00082EE218ADFED2A1A9FED2A2A28EE081A07
:10E6D00001EE212ADFED281A41EE021A9FED272ACA
:10E6E00001EE212ADFED261A41EE021A28EE011A68
:10E6F00001EE210A30EE080ABDEC028B30EE200A52
:10E7000010BD4FF0E441B1EB400F0CD918EE100AE8
:10E71000FFF72CFC042808BF02F09AFAB0EE480A72
:10E72000BDEC028B10BD4FF07F41B1EB400F07D223
:10E73000B0EE480ABDEC028BBDE8104002F06EBAA4
:10E7400010F0004F14BF9FED0F0A9FED0F0ABDECB4
:10E75000028B10BD000000000000C9BF22AAFDB955
:10E760000000C93F22AAFD390060ED3EC30ACE3742
:10E770002DAD65BD8FB8D53D0FB511BE61C84C3EFE
:10E78000A8AAAABEDB0FC9BFDB0FC93F10B52DED8C
:10E79000028BB0EE408A18EE104A24F00040B0F12F
:10E7A0007E5F13DDB0F1FF4F07DDB0EE480ABDEC30
:10E7B000028BBDE8104002F031BA0120C2F7BFF968
:10E7C000BDEC028BBDE8104002F02EBA0FD1022042
:10E7D000C2F7B5F902F018FA10EE101A18EE100A86
:10E7E000BDEC028B61F31E0000EE100A10BDB0F10B
:10E7F000625F0CDA18EE100AFFF7B8FB042808BFB6
:10E8000002F026FAB0EE480ABDEC028B10BD00EE15
:10E81000100AB7EE001AB6EE008A70EE000AB0F1E8
:10E820007C5F0CDA60EE801A31EE401A81EE810ACC
:10E8300030EE200A02F0FCFB20EE080A07E031EE81
:10E84000401A80EE810A02F0F3FB20EE080A002C49
:10E85000B8BFB1EE400ABDEC028B10BD10EE100A3D
:10E86000C0F3C7517F391729A8BF7047DFED140ADD
:10E87000002970EE200A0CDAF5EEC00AF1EE10FA6B
:10E880001ADD0028C8BF4FF07E50B8BF4FF00040DF
:10E8900012E00C4A22FA01F2104208BF7047F5EE6E
:10E8A000C00AF1EE10FA07DD002804DD4FF4000382
:10E8B00023FA01F10844904300EE100A704700006B
:10E8C000CAF24971FFFF7F0010EE101A08B5444AE2
:10E8D0006846B2EB410F28D94FF0E640B0EB410F4C
:10E8E00094BF00204FF0FF3000900098002861DBBB
:10E8F00060EE000A10F0010F45D010F0020FDFEDBE
:10E90000391A9FED391A00EEA11ADFED381A40EEE0
:10E91000811A21EEA01AF0EE400A40EE010A08BF6B
:10E92000F1EE600AB0EE600A08BD314B21F0004202
:10E9300093423CD911F0004FDFED2E0A20EE201A51
:10E94000DFED2D0A19BF31EE601A71EE200A31EEAB
:10E95000201A71EE600ABDEEE01A11EE100A9FED6A
:10E96000271A00F0030000EEC10A9FED251A00905F
:10E9700000EEC10A9FED231A00EEC10A9FED221A94
:10E9800000EEC10AB1E79FED211A9FED210A10F0B8
:10E99000020F00EE810A9FED1F1A00EE801AB7EEFB
:10E9A000000A00EE810A18BFB1EE400A08BD02F06D
:10E9B0005BFC9AE710EE100A4000B0F17F4F3CBFBD
:10E9C000B7EE000A08BD07D14FF00100C2F7B7F853
:10E9D000BDE8084002F028B9BDE8084002F01EB9C1
:10E9E000B61F927E336D4CB9DA82083CA0AA2ABECB
:10E9F000490E494683F9223F0000004B0000C93F01
:10EA000000A0FD390020A2331A61342CB93AB2BA01
:10EA1000CA9F2A3DDDFFFFBE10EE100A214910B546
:10EA2000F0EEC00AB1EB400F0ED3B0EE600A00F07A
:10EA3000D1FAB7EE001AC1EE000A30EE800AF6EE07
:10EA4000000A20EE200A10BD4FF07F44B4EB400FC7
:10EA50001ED99FED150A30EEC00A00F0BBFA9FEDFB
:10EA6000131AF0EE400A00EE810A10EE100AB0F11F
:10EA7000FF4F18BF10BD10EE100AB4EB400F38BFA7
:10EA800010BD0220C2F75BF8BDE8104002F0D4B818
:10EA9000B4EB400F04BFB0EE600A10BDBDE81040FB
:10EAA00002F0BCB89E585D850073313F9708683707
:10EAB00070B510EE104A2DED068B4FF01B4000256F
:10EAC00000EB4400B0F1E85F7BD800BF4FF000409E
:10EAD000B0EE009AB0EB440F4DD8B0EEC08A18EEFD
:10EAE000100A00F500606FF30B0008EE900A78EE54
:10EAF000689A28EEE80A00F06DFAB0EE40AA38EE07
:10EB0000280A29EEC00A00F065FAB7EE001A6AEE8C
:10EB1000000A81EE080A9FED861ADFED861A40EEA4
:10EB2000011A9FED851A00EE211ADFED841A40EEDE
:10EB3000011A9FED831A00EE211ADFED821A40EED2
:10EB4000011A9FED811A00EE211ADFED801A40EEC6
:10EB5000011A9FED7F1A002D00EE211A21EE000A06
:10EB60007DD120EE800A14F0004F18BF39EE400A24
:10EB7000BDEC068B70BD4FF0FC40B0EB440F21D9CB
:10EB8000F6EE000A70EEC00A9FED720A9FED721A4F
:10EB900000EE801A9FED710A00EE810A9FED701A57
:10EBA00000EE801A9FED6F0A00EE810A9FED6E1A4B
:10EBB00000EE801ADFED6D1A40EE811A9FED6C0AAF
:10EBC0002BE064E014F0004F2CD0FEEE000A70EE53
:10EBD000C00A9FED680A9FED681A00EE801A9FED4B
:10EBE000670A00EE810A9FED661A00EE801A9FED1B
:10EBF000650A00EE810A9FED641A00EE801A9FED0F
:10EC0000630A00EE810A9FED621A00EE801ADFEDC2
:10EC1000611A40EE811A9FED600ABDEC068B00EE92
:10EC2000A10A70BD79EE400A9FED5C1A9FED5C0A67
:10EC300000EE810A9FED5B1A00EE801A9FED5A0AE2
:10EC400000EE810A9FED591A00EE801ADFED581A86
:10EC500040EE811A9FED570A00EEA10A00E04FE056
:10EC60009FED551A00EE801A9FED540A00EE810ABE
:10EC7000DFED531A40EE801A9FED521A00EEA11AF2
:10EC80009FED510ABDEC068B00EE810A70BD4FF07E
:10EC9000FF40A04311D04FF0CA40B0EB440F82BFF9
:10ECA000B7EE000ABDEC068B70BD14F0004F16D015
:10ECB000BDEC068BB0EE000A70BD6002400A05D0C4
:10ECC000BDEC068BBDE8704001F0A8BF14F5000F45
:10ECD0001EBF9FED3E0ABDEC068B70BDE8E74FF00E
:10ECE0000340B0EB440F28BF0125BFF4EFAE022074
:10ECF000C1F725FFBDEC068BBDE8704001F0A8BF51
:10ED000020EE808AB5EEC08AF1EE10FA08BF14F04A
:10ED1000004FECD018EE100AFFF728F9042808BFBE
:10ED200001F096FFB0EE480ABDEC068B70BD000006
:10ED300034F6F2BE1C76743F0A3AE6BE4DC7E0BE1A
:10ED4000DDDD0C3FCC45A7BCCB788FBE49A6BFB854
:10ED5000D96E103F5F7AC5BC13CBAC3DCA1269BCFB
:10ED6000E89233BED08B17BEB20BE13E85F7603F11
:10ED70000B81F53EFEE6DD39172AF6BB4B73253DC8
:10ED8000C61AB4BD86DB023D8F9B313E2FC513BE34
:10ED9000FE17E1BE9AF8603FBD9FC23F76D188B9A9
:10EDA0006763BD3A09D0F9BA363FDA38F01D8DBB3A
:10EDB0003CA437B90AE7553CA0100D3D9E87453D60
:10EDC000964D293DD34DA93CAF47993B000000002B
:10EDD00010EE100A10B54FF00E4101EB40012DED81
:10EDE000028BB1F1706F7CD84FF0FC41F0EEC00A9D
:10EDF000B1EB400F2CD99FED5B0A9FED5B1A00EE43
:10EE0000801A9FED5A0A00EE810A9FED591A00EE12
:10EE1000801A9FED580A00EE810ADFED571A10EEB6
:10EE2000901A01F500616FF30B0101EE101A40EE2C
:10EE3000801A30EEC10A9FED512ADFED512A20EEF3
:10EE4000020A40EEA12A00EEA20A01EE020A55E0F3
:10EE50004FF00041B1EB400F28D9B6EE000A70EE3A
:10EE6000C00A9FED480A9FED481A00EE801A9FEDF8
:10EE7000470A00EE810A9FED461A00EE801A9FEDC8
:10EE8000450A00EE810A9FED441A00EE801A9FEDBC
:10EE9000430A00EE810A9FED421A00EE801ADFED70
:10EEA000411A40EE811A9FED400A25E0B0EE000ABB
:10EEB0009FED3E1A70EEC00A9FED3D0A00EE810AFA
:10EEC0009FED3C1A00EE801A9FED3B0A00EE810A8E
:10EED0009FED3A1A00EE801A9FED390A00EE810A82
:10EEE00000E013E09FED371ADFED371A00EE801ACD
:10EEF0009FED360A40EE811A00EEA10A10F0004F95
:10EF000018BFB1EE400ABDEC028B10BD4FF0E441DA
:10EF1000B1EB400F10D9DFED2E0A20EE208A18EE5B
:10EF2000100AFFF723F8042808BF01F091FEB0EEA5
:10EF3000480ABDEC028B10BD4FF07F41B1EB400F92
:10EF400005D2BDEC028BBDE8104001F067BE10F0A9
:10EF5000004F14BFBFEE000AB7EE000ABDEC028BF3
:10EF600010BD00006C4493BCD62B03BCA951ED3DF1
:10EF7000F31614BA378DC0BE7932D4B50070903F05
:10EF80000BB622B8FEE6DD39172AF6BB4B73253DDA
:10EF9000C61AB4BD86DB023D8F9B313E2FC513BE22
:10EFA000FE17E1BE9AF8603F7A3F053F4BCCA9B807
:10EFB00085A3873A7510BDBB4420973C55A518BD65
:10EFC000340C493DA9DA29BDEF5EA93C6FCD7E3FE7
:10EFD000BB6E903F10B510EE104A4FF019406949D2
:10EFE000002200EB44002DED028B884257D8DFED64
:10EFF000660A14F0004F60EE200A14BFBEEE001A3D
:10F00000B6EE001A71EE200AFDEEE00A10EE900A4C
:10F0100000EE900AF8EEE00A9FED5C1A00EEC10ADD
:10F020009FED5B1A00EEC10ADFED5A0A9FED5A1AF6
:10F0300000EE201ADFED590A40EE010A9FED581A42
:10F04000584B00F0030100EE201A21EE000A7B4429
:10F0500003EB8103D3ED000A534B7B4403EB8103A5
:10F0600093ED001A514B41EE000A7B4403EB810102
:10F07000801091ED000A70EE800AEABB00EE100AE3
:10F08000B8EEC01ADFED4A1A9FED4A0ABDEC028BBA
:10F0900001EE210ABCEEC00A20EE200A10BD4FF09E
:10F0A000FF40A0431DD04FF0CE40B0EB440F81BFD6
:10F0B000F7EE000A30EE200ABDEC028B10BD3E4890
:10F0C000B0EB440F28BF012291D20220C1F737FDD7
:10F0D00014F0004F15D0BDEC028BBDE8104001F0DC
:10F0E000B7BD14F5000F02BF9FED340ABDEC028BD3
:10F0F00010BDBDEC028B00E009E0BDE8104001F05E
:10F100008DBDBDEC028BBDE8104001F095BD00EB5C
:10F11000D07359104FF07E5202EBC15100EE101A1D
:10F12000A0EB630002EBC05060EE200A00EE100A74
:10F1300020EE208A18EE100A88B118EE100AB0F1FD
:10F14000FF4F15D018EE100AFEF710FF042808BF75
:10F1500001F07EFDB0EE480ABDEC028B10BD02202E
:10F16000C1F7EDFCBDEC028BBDE8104001F070BDB5
:10F170000220C1F7E4FCBDEC028BBDE8104001F0B9
:10F180005BBD00000000501E3BAAB8400070313E3D
:10F19000F4FD053712BB2A3D12BB2A3EFFFFFF3E9E
:10F1A000FFFF7F3F2A2C00002E2C0000FE2B0000CA
:10F1B0000000004B00007E4E0000A0850000000013
:10F1C00070B52DED028BB0EE408A9FED8A0A18EEE5
:10F1D000100A4FF01941884A01EB4001B0EE401A85
:10F1E0004FF0000C914274D8DFED840A10F0004F0C
:10F1F00068EE200A14BFFEEE001AF6EE001A71EE59
:10F20000A00AFDEEE00A10EE900A00EE900AC11C82
:10F210000729F8EEE01AF6EE000A18D268EE081A8E
:10F220009FED771A9FED770A08EE010A9FED761A97
:10F2300008EE001A9FED750A08EE010A48EE000A72
:10F24000B0EE480ABDEC028B01EEA00A70BD9FED46
:10F25000702A01EEC28A9FED6F2A01EEC28A68EE23
:10F26000082ADFED6D1A9FED6D2A08EE212ADFEDE9
:10F270006C1A6C4B48EE021A48EE210A02EEA08A84
:10F280007B4400F00701A3F16004A3F140050828C6
:10F2900020DDB0F5807F05DC634EC210A6EBC252C4
:10F2A00000EE102A04EB81028028D2ED001A05EB53
:10F2B000810203EB8101D2ED000A91ED002A42EEBA
:10F2C000080ACCBF70EE800A71EE801A31EEA00AF7
:10F2D00015E03DE010F1080F23DA05EB8102BFEEE7
:10F2E000001A92ED000A03EB810204EB8101D2EDDA
:10F2F000000A00EE880AD1ED000A30EE200AC010A4
:10F300004FF07E52BCF1000F54D102EBC05000EE22
:10F31000900A20EE800A00BFBDEC028B30EE010A9D
:10F3200070BD4249794401F1440202EB800292ED42
:10F33000000A03EB800201EB8000D2ED000A08EE28
:10F34000200AD0ED000ABDEC028B30EE200A70BD21
:10F350004FF0FF41814311D04FF0CE41B1EB400F50
:10F3600017D918EE100AFEF701FE042808BF01F0B5
:10F370006FFCB0EE480ABDEC028B70BD10F5000FBB
:10F380000AD0B0EE480ABDEC028BBDE8704001F037
:10F3900045BCB0F1424F04D9BDEC028BBFEE000A70
:10F3A00070BD00F10041B1F1434F98BF4FF0010C27
:10F3B00016D819E700EBD073591002EBC15100EEDB
:10F3C000901AA0EB630002EBC05060EE800A00EEE2
:10F3D000100A20EE200A10EE100AB0F1FF4F9BD168
:10F3E0000220C1F7ACFBBDEC028BBDE8704001F020
:10F3F00023BC0000000000000000501E3BAA384162
:10F400007D91B63A53E8083C7DAA2A3D87AA2A3E58
:10F410000070B13DF4FD8536E08A083C66AD2A3DBA
:10F42000ABAA2A3E782A0000000080BF182A0000FC
:10F4300010EE100AC0F3C7517F391729A8BF7047D3
:10F44000DFED140A002970EE200A0DDAF5EEC00A8D
:10F45000F1EE10FA1ADD0028A8BF002016DAB0F18C
:10F46000004F18BF0C4811E00C4ACA40104208BFB8
:10F470007047F5EEC00AF1EE10FA07DD002804DA55
:10F480004FF4000323FA01F10844904300EE100A00
:10F4900070470000CAF24971000080BFFFFF7F0083
:10F4A00010B52DED028BF0EE408A18EE900AB0EE0A
:10F4B000608A20F00040C0F1FF40C00F07D118EE75
:10F4C000100A20F00040C0F1FF40C00F2BD018EE12
:10F4D000101A18EE900A02F0A5FA00EE100A10EECB
:10F4E000100A6FEAD05010F0FF0F04BFBDEC028B82
:10F4F00010BD18EE900A00F0004110EE100A00F066
:10F500000040814204BFBDEC028B10BD18EE101A02
:10F5100010EE100ABDEC028B61F31E0000EE900AA3
:10F5200030EE600A10BD18EE900A4FF07F41B1EB4B
:10F53000400F1CBF18EE100A5FEA4000C7D101203F
:10F54000C1F7FDFABDEC028BBDE8104001F06CBBC9
:10F5500010EE101A0023036021F00042B2F1FF4FB9
:10F56000A8BF7047002A08BF7047B2F5000F0ADA3B
:10F570006FF01603DFED0A0A036020EE200A10EE9A
:10F58000101A21F000426FF07D0C0CEBE2521A448D
:10F59000026021F0FF4040F07C5000EE100A7047FE
:10F5A0000000004B10EE102A6FEAD25212F0FF0F4B
:10F5B0001ABFB5EEC00AF1EE10FA704710B5014659
:10F5C0002DED028B10EE100A02F012FB08EE100A6D
:10F5D00018EE100A6FEAD05010F0FF0F19D0B5EEF8
:10F5E000C08AF1EE10FA1EBFB0EE480ABDEC028BE5
:10F5F00010BD0220C1F7A3FA01F02AFB10EE101A89
:10F6000018EE100ABDEC028B61F31E0000EE100A2A
:10F6100010BD0220C1F793FA01F00EFB10EE101A94
:10F6200018EE100ABDEC028B61F31E0000EE100A0A
:10F6300010BD10B52DED028BB0EE408AC1F776FA01
:10F64000B0EE480ABDEC028BBDE8104001F008BBEB
:10F6500010EE100A10B5A0F500014FF0000CB1F14A
:10F66000FE4F6CD200F500216FF07E0202EBE153F9
:10F67000C1F302524FF07E5101EB025100EE901A9D
:10F68000A0EBC3500CEB030100EE100A51EA02009C
:10F6900036D030EE601A30EE200AC1EE000A20EEBD
:10F6A000A00A60EE801A9FED3D2A9FED3D1A3D486D
:10F6B000DFED3F2A00EE021A784400EB82009FED56
:10F6C0003A2A21EE810A01EE101AD0ED001A3748CD
:10F6D000B8EEC11A784400EB820041EE021A01EE46
:10F6E000101A90ED002AB8EEC11A01EE222A9FED01
:10F6F000311A32EE000A00EE810A31EE800A10BDA6
:10F70000F7EE000A9FED2D1A70EE600A9FED2A0AAF
:10F7100000EE801A9FED2A0A60EEA01A00EE810A20
:10F720009FED281A00EE801A21EE810A9FED261A1D
:10F7300000EE810AB5EE0B1A00EE810A10BD4FF003
:10F740007F41B1EB400F03D2BDE8104001F066BA33
:10F75000B0F1FF4F08BF10BDB5EEC00AF1EE10FAD0
:10F7600006D20120C1F7EBF9BDE8104001F05CBA08
:10F77000B5EEC00AF1EE10FA07D10220C1F7DFF9A9
:10F7800001F042FAB1EE400A10BDDFED100A6FF051
:10F79000160C20EE200A10EE100A63E7DE02323E5D
:10F7A0003B3D943EEC26000000209A3EF0260000EF
:10F7B000FC849A36D95B5E3F924FA93D7279DEBDDB
:10F7C0002D3E143ED85B5EBE157B4B3C0000004BCB
:10F7D00010EE100A10B50023A0F50001B1F1FE4FA4
:10F7E00063D200BF00F500216FF07E0202EBE15C06
:10F7F000C1F302514FF07E5202EB015200EE902A0B
:10F80000A0EBCC5003EB0C0200EE100A52EA010010
:10F810002CD030EE601A70EE200A9FED3B2A3C4857
:10F8200081EE200A9FED391A60EE000A00EE821A7E
:10F8300060EE201A61EE810A784400EB810090EDC1
:10F84000001A354871EE200A9FED321A40EE010A87
:10F85000784400EE102A00EB8100B8EEC00A90ED6B
:10F86000001A31EE000A30EE800A10BDF7EE000AF1
:10F870009FED2B1A70EE600A9FED280A00EE801AA9
:10F880009FED280A60EEA01A00EE810A9FED261A6D
:10F8900000EE801A21EE810A9FED241A00EE810A03
:10F8A000B7EE071A00EE810A10BD4FF07F41B1EBB1
:10F8B000400F03D2BDE8104001F0B0B9B0F1FF4FE6
:10F8C00008BF10BDB5EEC00AF1EE10FA06D2012055
:10F8D000C1F735F9BDE8104001F0A6B9B5EEC00A90
:10F8E000F1EE10FA07D10220C1F729F901F08CF9E5
:10F8F000B1EE400A10BDDFED0E0A6FF0160320EEE8
:10F90000200A10EE100A6DE7C9D5133F4E38763F36
:10F91000CC2500003BAA3840942500000E9C8C3E6C
:10F92000D0C2B8BEE139F63E3BAA38BF293BAA3B5C
:10F930000000004B10EE100A10B50023A0F50001E6
:10F94000B1F1FE4F67D200BF00F500216FF07E02DB
:10F9500002EBE15CC1F302524FF07E5101EB025128
:10F9600000EE901AA0EBCC5003EB0C0100EE100A55
:10F9700051EA020036D030EE601A70EE200A9FED98
:10F980003D2A3E4881EE200A9FED3B1A60EE000AB8
:10F9900000EE821A60EE201A61EE810A784401EED0
:10F9A000101A00EB82009FED362AB8EEC11AD0ED96
:10F9B000001A344841EE021A784401EE101A00EBA6
:10F9C0008200B8EEC11A90ED002ADFED2F2A01EE79
:10F9D000222AB0EE001A72EE200A40EE010A31EE41
:10F9E000A00A10BDF7EE000A9FED291A30EE600A5A
:10F9F000DFED260A00EE201ADFED260A60EE001A7F
:10FA000040EE010A9FED241A00EE201A61EE810AF1
:10FA100030EE200A10BD4FF07F41B1EB400F03D212
:10FA2000BDE8104001F0FAB8B0F1FF4F08BF10BDBB
:10FA3000B5EEC00AF1EE10FA06D20120C1F77FF848
:10FA4000BDE8104001F0F0B8B5EEC00AF1EE10FAD2
:10FA500007D10220C1F773F801F0D6F8B1EE400AE1
:10FA600010BDDFED0E0A6FF0160320EE200A10EE37
:10FA7000100A69E766F1CC3EAAAA2A3F8824000052
:10FA80000070313F8C240000F4FD053821ED423E2A
:10FA90000A1180BEC1ABAA3EFFFFFFBE0000004BB3
:10FAA00010EE101A4FF07F42B2EB410F3CBF80EDD9
:10FAB000000A7047C1F3C752A2F17F0310EE102A6B
:10FAC000172B02F0004212DA002BBEBF01F00041FA
:10FAD00001607047DFF820C02CFA03F3194206D00A
:10FAE000994300EE901A016030EE600A704780ED95
:10FAF000000A00EE102A7047FFFF7F009FED010A09
:10FB0000704700000000C07F10B500212DED028B72
:10FB1000B0EE408A4FF480504FF00000044618EEDB
:10FB2000100A01F0FFFF08EE100A41F2100004EA8B
:10FB300000014FF00000B0EE480ABDEC028B10BD92
:10FB400010B510EE100A2DED068BB7EE001A10EE70
:10FB5000901AB0EE418A0022A0F5000CDFEDFE9A6B
:10FB60004FF00073BCF1FE4F4FF07F4403EB410CAC
:10FB700080F0B481BCF1804FC0F02082F74901448D
:10FB80009FEDF73AB1F5005F40F2D48200F5802195
:10FB9000CB0C03F00F0101EE901AC3F307137F3B68
:10FBA000A0EBC350B8EEE12A00EE100A1A44DFEDD4
:10FBB000ED2AF0EE411A42EE221AF0EE613A70EEB2
:10FBC000232A30EE632A12EE900A00F500606FF3EC
:10FBD0000B0001EE900A73EEE13A33EE804AC1EE7B
:10FBE000223A22EE230A10EE100A00F500606FF3AD
:10FBF0000B0000EE100A00EE612A00EE442A62EECD
:10FC0000232A70EE221A21EEA12ADFEDD73A02EE66
:10FC1000233A23EE023A20EE012A22EE811A03EE65
:10FC2000211A32EE010A10EE100A00F500606FF39F
:10FC30000B0000EE100A72EE401A31EE812A9FEDA1
:10FC4000CB1A60EE011A9FEDCA1A20EE011A9FED41
:10FC5000C90A02EE001A31EE810A10EE100A00F510
:10FC600000606FF30B0000EE100AC34871EEC01A7B
:10FC700031EE812A784400EBC10090ED003AD0EDDE
:10FC8000011A100101EE100AF8EEC12A32EE211A13
:10FC900031EE001A31EE031A31EE221A11EE100A7B
:10FCA00000F500606FF30B0009EE100A39EE621ADE
:10FCB00031EE431A31EE400A30EE610A32EE40AACC
:10FCC00010EE900A002100F500606FF30B0008EEC3
:10FCD000900A084670EEE8AA4FF0000029EE280AC4
:10FCE00000F00C01F0EEC00A10EE900AB0F18B4F5C
:10FCF0000DDD10EE900AB4EB400F08D310EE100AA1
:10FD00004FF08B4262F31E0008EE900A13E069EE9A
:10FD10002A0A38EEAA1A4AEE010A30EE201A11EE2B
:10FD2000100A00F500606FF30B0008EE900A30EE49
:10FD3000680A70EE209A0C204FF0000038EEA90AF5
:10FD4000B5EEC00AF1EE10FA34BFFEEE000AF6EE90
:10FD5000000A30EE800ABDEEC00A10EE100A011152
:10FD600000EE101AF8EEC00A00EE100AB8EEC00A53
:10FD700038EEC00A30EE290ADFED801A9FED801AB6
:10FD800000EE211ADFED7F1A7F4900F00F0040EEF0
:10FD9000011A21EE800A794401EB800191ED001AED
:10FDA0007A49794401EB8001D1ED001A784901EEDE
:10FDB000801A794401EB8000764990ED000A31EE1B
:10FDC000001AB0EEE00A10EE100A884215DA10EEC2
:10FDD000100AB4EB400F10D39FED6F0A30EE800A8B
:10FDE000DFED6E0A20EE200A68EE010ABDEC068BFC
:10FDF000BCEEC00A20EE200A10BD10EE100A6849C1
:10FE0000884243DA10EE100AB4EB400F3ED3BDEE49
:10FE1000E00A68EE010A10EE100A00EBD0725110F1
:10FE2000C90501F17E5100EE101AA0EB6200C00579
:10FE300060EE200A00F17E5000EE100A60EE808A2B
:10FE400018EE900AB4EB400F0FD10220C0F777FEF6
:10FE500000F0F2FE10EE101A18EE100ABDEC068B40
:10FE600061F31E0000EE100A10BD18EE900A40006B
:10FE700011D018EE900AFEF779F8042808BF00F0B8
:10FE8000E7FEB0EE680ABDEC068B10BDF5EEC00AC9
:10FE9000F1EE10FA0FD20220C0F751FE00F0D8FEAA
:10FEA00010EE101A18EE100ABDEC068B61F31E005E
:10FEB00000EE100A10BD0220C0F741FE00F0BCFEAB
:10FEC00010EE101AB0EE480A10EE100ABDEC068BC8
:10FED00061F31E0000EE100A10BD00BFBCF1804FA0
:10FEE0006CD300BF00F1FF43B3F1FE4F24D200BF3B
:10FEF000B0EEC00A10EE100AC1F3C7537F2B0DDB22
:10FF0000972BBFF63BAEC3F196034FF0010C0CFAF2
:10FF100003F3A3F1010C1CEA010F08D00120C0F784
:10FF20000EFEBDEC068BBDE8104000F07DBE0B421E
:10FF300018BFBFEE008A21E643001CBF4FF080735C
:10FF4000B3EB400F34D96FF01A02DFED161A20EE32
:10FF5000210A10EE100A27E000000000001080C007
:10FF6000ABAAAA3E0000803D7EE24C3E00B0384283
:10FF7000D49AB8BB3BAA3842F0210000FC59633741
:10FF8000C9FF753A1872313D8E210000C221000070
:10FF9000322100000000FC420000FE420000004B45
:10FFA000000040430000004D10F0004FA0D1E5E5F7
:10FFB000A0F50003B3F1FE4F21D2DFE503EB4103CF
:10FFC000B3F1007F11D3F5EEC00AF1EE10FA05D1BE
:10FFD000430018BFB4EB400F76D883E701F000412F
:10FFE00041F0FC5100EE901A7CE7B3F1807F06D21D
:10FFF00010EE903AA3F5000300EE903A72E720F07D
:020000040804EE
:1000000000426FF0FF4C604C02EB0C03A34210D394
:1000100021F000439C44A4450BD3B0F17E5F18BF90
:100020005FEA410C50D0B2F1FF4F98BFB3F1FF4FE0
:1000300005D9BDEC068BBDE8104000F0F2BDB0F173
:10004000FF4F0FD0C1F3C7527F2A09DB972A11DA7D
:10005000C2F19602012303FA02F2531E0B4205D0AD
:10006000002208E011F0004F55D128E00A4218BFE5
:10007000012200D1022210F5000F13D028B3B0F1F5
:10008000004F26D010F1814F4FD04FF0FE42B2EB1F
:10009000400F94BF01200020012202EBE171884251
:1000A00039D10CE011F0004F02D0012A38D032E0F3
:1000B000012A02BF9FED350ABDEC068B10BD9FEDF6
:1000C000340ABDEC068B10BD2FE011F0004F0CD1AF
:1000D00021E0B1F1FF4F1ED011F5000F05D011F056
:1000E000004F15D00AB1012A08D00220C0F727FD21
:1000F000BDEC068BBDE8104000F086BD0220C0F7C5
:100100001EFD00F081FDBDEC068BB1EE400A10BD76
:100110000AB1012A04D0B0EE690ABDEC068B10BD0D
:10012000BDEC068B9FED1B0A10BDBDEC068BB7EE38
:10013000000A10BD30EE410AB5EE001A9FED172AF5
:1001400000EE413AB6EE001A60EE001A00EE431AD5
:1001500061EEC11A9FED101A20EE011A20EE020A7C
:100160009FED0F2A01EE820A71EE001A11EE900A3D
:1001700000F500606FF30B0009EE100A31EE491A2A
:1001800031EE00AA9CE50000FFFF3F00000080FF69
:100190000000807F0000008000B0B841D49A38BBD6
:1001A0003BAAB84100B510EE101A2DED028B81B0BC
:1001B000524A6846B2EB410F2ED94FF0E640B0EB01
:1001C000410F94BF00204FF0FF3000900098B0EE38
:1001D000408A00286ADB10F0010F4BD068EE080A55
:1001E0009FED471A9FED470A00EE810A9FED461AE0
:1001F00010F0020F00EE801AB7EE000A00EE810A3E
:1002000002BF01B0BDEC028B00BD00BF01B0B1EE7A
:10021000400ABDEC028B00BD3C4B21F000429342F2
:1002200041D911F0004FDFED3A0A20EE201ADFED40
:10023000390A19BF31EE601A71EE200A31EE201A28
:1002400071EE600ABDEEE01A11EE100A9FED321A4F
:1002500000F0030000EEC10A9FED301A009000EE9E
:10026000C10A9FED2F1A00EEC10A9FED2E1A00EE73
:10027000C10AABE728EE080A9FED2B1ADFED2B0A27
:1002800010F0020F40EE010A9FED291A00EE201A2D
:1002900061EE000AB0EE480A08EE200AB6D101B0BD
:1002A000BDEC028B00BD00F0DFFF8FE718EE100AF7
:1002B0004000B0F17F4F0DD218EE100AFDF756FE48
:1002C000042808BF00F0C4FCB0EE480A01B0BDEC41
:1002D000028B00BD09D10120C0F731FC01B0BDEC9B
:1002E000028B5DF804EB00F09FBC01B0B0EE480A51
:1002F000BDEC028B5DF804EB00F090BCB61F927E63
:10030000B93AB2BACA9F2A3DDDFFFFBE490E49463F
:1003100083F9223F0000004B0000C93F00A0FD39D7
:100320000020A2331A61342C336D4CB9DA82083CB8
:10033000A0AA2ABE10B54FF07F402DED028BB0EE83
:10034000408A18EE104AB0EEC80AB0EB440F3BD911
:100350004FF0FE40B0EB440F16D83A48B0EB440FD4
:100360003AD3FEF737FEB7EE001AC1EE000A30EEC0
:10037000600AF6EE000A20EE208A00BF14F0004F5B
:1003800018BFB1EE488A1AE04FF0E640B0EB440FD8
:100390004FD868EE080A9FED2C0ADFED2C1A9FED6E
:1003A0002C1A00EEA10A30EE811AC0EE011A21EEDD
:1003B000A00AF0EE480A48EE000AB0EE608AB0EEFD
:1003C000480ABDEC028B10BDB0EE480ABDEC028BB2
:1003D000BDE8104000F022BCDFED1E0A30EE600ADE
:1003E000FEF7F8FDDFED1C0AB0EE408A00EE208A31
:1003F00018EE100AB0F1FF4FC0D118EE100A4FF0FE
:100400007F41B1EB400FB9D314F0004F18BFB1EEEC
:10041000488A0220C0F793FB00F00EFC10EE101A81
:1004200018EE100ABDEC028B61F31E0000EE100AFC
:1004300010BD18EE100AFDF799FD042808BF00F062
:1004400007FCBCE79E585D85F069E4C0C2E642BE89
:10045000934F2BC20073313F9708683710B52DEDCD
:10046000028BB1EEC08A18EE100A20F00040C0F1F5
:10047000FF40C00F0AD010EE100A20F00040C0F17B
:10048000FF40C00F04BF0120C0F759FBB0EE480A7F
:10049000BDEC028B10BD000000B510EE101A2DED62
:1004A000028B81B04D4A6846B2EB410F3CD94FF008
:1004B000E640B0EB410F94BF00204FF0FF300090BA
:1004C0000098B0EE408A00285FDB28EE080ADFEDD6
:1004D000440A9FED441A00EE201ADFED430A40EE75
:1004E000010A9FED421A00EE201ADFED410A10F0DA
:1004F000010F40EE010A9FED3F1A00EE201A61EE57
:10050000000AB0EE480A08EE200A02BF01B0BDECB6
:10051000028B00BDBFEE001A01B0C1EE000ABDECB7
:10052000028BB0EE600A00BD334B21F000429342D3
:1005300028D911F0004FDFED310A20EE201ADFED4F
:10054000300A19BF31EE601A71EE200A31EE201A1E
:1005500071EE600ABDEEE01A11EE100A9FED291A45
:1005600000F0030000EEC10A9FED271A009000EE94
:10057000C10A9FED261A00EEC10A9FED251A00EE72
:10058000C10A9DE700F070FE9AE718EE100A4000DD
:10059000B0F17F4F0DD218EE100AFDF7E7FC0428EA
:1005A00008BF00F055FBB0EE480A01B0BDEC028B6D
:1005B00000BD09D10120C0F7C2FA01B0BDEC028B29
:1005C0005DF804EB00F030BB01B0B0EE480ABDECC2
:1005D000028B5DF804EB00F021BB0000B61F927E99
:1005E000BCE9223C0B6D063B8A76CE3CACB5593D4E
:1005F00035A1083E29AAAA3E490E494683F9223F61
:100600000000004B0000C93F00A0FD390020A233CC
:100610001A61342C10B510EE104A2DED028B4FF0FC
:100620007F40B0EEC08AB0EB440F55D318EE101ADD
:100630002C4A914220DD18EE101AB0EB410F1BD36B
:1006400018EE101A284AF7EE008A914207DD18EEDC
:10065000101AB0EB410F28BFB0EE680A35D238EE61
:10066000080AFEF7B7FC70EE280AB0EE001A81EE19
:10067000200A38EEC00A28E018EE101AB1F1665FC1
:100680000FDA18EE101AB0EB410F0AD318EE100A69
:10069000FDF76CFC042808BF00F0DAFAB0EE480A57
:1006A00013E028EE080ADFED110ADFED111A9FEDC5
:1006B000111A40EE210A60EE800A30EE010A80EE47
:1006C000801AB0EE480A08EE010A002CB8BFB1EE5D
:1006D000400ABDEC028B10BDBDEC028BBDE81040A2
:1006E00000F09CBA549F0C3FB32C1041C6E252BF9D
:1006F000B2117BBB1A2A1E4070B54FF07F462DED1C
:10070000088BB0EE408A18EE104A84B0B6EB440F66
:1007100040F2BE81B5EEC08AF1EE10FA3AD8B0EEE2
:10072000480AFEF79BF8B4EE480AF1EE10FA31D110
:10073000B5EEC08AF1EE10FA1DD10220C0F7FFF924
:1007400000F03AFA8DED020B18EE100A01F0E4F811
:10075000CDE900010399019861F31E0003909DED1E
:10076000020B51EC100B00F0DDFE04B000EE100A9D
:10077000BDEC088B70BD0120C0F7E1F900F034FA40
:1007800051EC100B00F0CEFE04B000EE100ABDECF0
:10079000088B70BD14F0004511D04FF0E040B0EB75
:1007A000440F88BFF0EE489A07D8B0EE480A00F030
:1007B00005FEDFEDBE0A60EE209AB1EE488A24F015
:1007C0000040B6EE009AF7EE008AB0F1824F4FD3A8
:1007D000DFEDB7AA9FEDB7AAB0F1864F2BD288EE16
:1007E000880ADFEDB50A9FEDB51A00EE201ADFED9D
:1007F000B40A0021084640EE010A00EE20AA4FF09C
:10080000000038EE49BA00F00C04B0EE480A6BEE76
:10081000090AFFF795F9B0EE409A21460C204FF0F7
:10082000000019EE100AB0F1FF4F09D119EE100ABD
:10083000B6EB400F04D3B0EE6A9AB0EE680A03E05C
:10084000B1EE4B0AFEF7C6FB20EE090A002D04BFED
:1008500020EE090A20EE0A8A6FD068EE290A20EEFF
:10086000200A60EE0A0A88EEA00A80EE098AF7E004
:10087000B0F17C5F24D2B0F1005F38BFB0EE680AFF
:1008800015D3DFED900A9FED900A08EE200ADFED08
:100890008F0A48EE000A9FED8E0A08EE200ADFED6F
:1008A0008D0A48EE000AB0EE680A08EE200A15B17B
:1008B00080EE298AD4E020EE080A88EE808ACFE014
:1008C0000021DFED850AB0EE481AB0F17E5F05D257
:1008D000C8EE880A012138EE288A72E0B0F1804F14
:1008E0006FD9BDEEC80A012110EE100A022808BF18
:1008F00078EE680A5ED000EE100AC21E052AB8EE35
:10090000C00A30EE090A38EE400A53D2DFE802F09E
:10091000030A16253A00F1EE000A70EE201AF0EEF6
:100920000E0A2CE0F1EE0E0A70EE200ADFED6B1AD3
:1009300040EE201ADFED6A0A21E091E0F2EE080AAB
:1009400070EE201ADFED670A40EE210ADFED661A2D
:1009500040EE201ADFED650A11E0DFED650A70EE6A
:10096000200ADFED641A40EE201ADFED630A40EE44
:10097000210ADFED621A40EE201ADFED610A40EE37
:10098000210A17E0F3EE080A70EE200ADFED5D1A87
:1009900040EE201ADFED5C0A40EE210ADFED5B1A23
:1009A00040EE201A9FED5A2A00EE212ADFED590A67
:1009B00040EE020A401E00EE100AB8EEC00A38EE01
:1009C000408A9FED550A38EE400ADFED541A30EEAA
:1009D000610A9FED538AB5EEC00AF1EE10FA1CD2FF
:1009E000B1EE400ADFED4F1A9FED4F2A00EE212AAB
:1009F000DFED4E1A40EE021A9FED4D2A00EE212A3D
:100A0000DFED4C1A40EE021A9FED4B2A00EE212A30
:100A1000DFED4A1A40EE021A15E0DFED491A9FEDAC
:100A2000492A00EE212ADFED481A40EE021A9FED16
:100A3000472A00EE212ADFED462A40EE022ADFEDAA
:100A4000451A40EE221A002900EE218A18BF28EE2E
:100A5000208A2DB121EE290A20EE080A88EE808A2C
:100A6000B5EEC08AF1EE10FA09D018EE100AB0F116
:100A7000FF4F07D118EE100AB6EB400F02D3022049
:100A8000C0F75DF804B0B0EE480ABDEC088B70BD4D
:100A900014F5000F3FF46FAE04B0B0EE480ABDECA1
:100AA000088BBDE8704000F0B9B8000083F9A23EA1
:100AB00000000070BA9AC23FBCB586BBFE05AD3BD4
:100AC0007BBC013E966343BD351A2C3E48D82CBDF5
:100AD0001DE727BF6BC4133F0000000000008E41DC
:100AE0000000524100004E420000BA4200406C42F9
:100AF00000008C410000EB420020BC4300A40E44E7
:100B0000006CA2430040674300808E4400833C4554
:100B100000187C45C0F70345C316BB3F90AF553264
:100B2000E4B6623F00A8523EC5DAABBDA1C3243E85
:100B30000A2F143E48EA073E7F52DB3E43FF3D3614
:100B400004DDC63CC82588BDF35A1C3E896504BE39
:100B50001953DB3E2C507D3610B52DED028BB0EED7
:100B6000408A18EE100A00F0DDFF00EE900A18EE41
:100B7000100AB7EE001A38EE600A10F0004F07D0E6
:100B8000B5EEC00AF1EE10FAC8BF70EE810A06E0B9
:100B9000B5EEC00AF1EE10FA38BF70EEC10A10EEE1
:100BA000901A18EE100ABDEC028B61F31E0000EEE5
:100BB000100A10BD000000009FED070B10B553ECAC
:100BC000102B9FED070B51EC100B00F0DDFC41ECFE
:100BD000100B10BD0000000000000000000000002D
:100BE000000000000000F03F9FED050B10B553EC36
:100BF000102B51EC100B00F0C7FC41EC100B10BD9A
:100C00000000000000000000DFED030AB7EE001A4C
:100C100081EE200A704700000000000030EE000A5C
:100C2000704730EE200A7047DFED020A80EEA00A1E
:100C300070470000000000009FED020A20EE000A4D
:100C4000704700000000007020EE000A70470000AE
:100C50009FED020A20EE000A70470000000000101D
:100C60002DE9F04106462DED048BB0EE408A18EEDA
:100C7000105A0120306025F00044B4F1FF4F07DB2B
:100C8000B0EE480ABDEC048BBDE8F041FFF7DCBFD5
:100C9000F4B14FF0FF37B4F1565F0CDA002DB8BF56
:100CA0003760B0EEC80AFEF745FEBDEC048BB1EE2E
:100CB000400ABDE8F081002D27DAB0EE480A00F0C6
:100CC0007DFBF0EE408AF5EEC08AF1EE10FA08D115
:100CD0000220BFF734FFBDEC048BBDE8F041FFF705
:100CE00093BF28EE880AF0EEC00A9FEDA41A81EEA9
:100CF000200AFEF71FFEF5EEC08AF0EE409AF1EEF4
:100D000010FA38BF3760B1EE488ADFED9D8AB4F142
:100D10007E5F00F02981B7EE009AF0EE000AB4F190
:100D2000804F00F021817CDA9648A04233DBB0EEA0
:100D3000480AFEF7FFFD9448F1EE408AA042D8BF72
:100D400039EE480A58DD9148A042D8BF9FED900A7D
:100D50002FDC00BF38EE400A9FED8E1ADFED8E0AC1
:100D600040EE010A9FED8D1A00EE201ADFED8C1A7D
:100D700040EE011ADFED8B0A40EE210A9FED8A1A40
:100D800000EE201ADFED890A40EE010A9FED880A85
:100D900030EE800A44E087488442A8BF30EEC80A9B
:100DA0002ADA85488442ACBF9FED840A38EE498A2E
:100DB000D0DADFED830A9FED830A08EE200ADFED2B
:100DC000820A48EE000A9FED811A08EE201A9FED74
:100DD000800A08EE010ADFED7F0A48EE000A9FED67
:100DE0007E0A08EE200ADFED7D0A48EE000A20EEBA
:100DF000880A78EE808AB7E09FED791ADFED790AEC
:100E000040EE010A9FED781A00EE201ADFED770A16
:100E100040EE010A9FED761A00EE201A21EE000A3C
:100E200000E002E078EE808A9EE0B4F1824F4EDA74
:100E3000BDEEC80A10EE100A00EE100AB8EEC00AA5
:100E400038EE400ADFED6B1A9FED6B1A00EE211AA7
:100E5000DFED6A1A40EE011A9FED691A00EE211AC1
:100E6000DFED681A40EE011A9FED671A00EE211AB5
:100E7000DFED661AC01E052840EE011A61EE808A79
:100E800072D2DFE800F01B150F090300B1EE081A5B
:100E900030EE011A21EE099AB1EE041A30EE011A71
:100EA00021EE099AB1EE001A30EE011A21EE099AEC
:100EB000B0EE081A30EE011A21EE099A30EE200A3F
:100EC00020EE090AFEF736FD70EE288A4CE0B4F1F8
:100ED0009C4F2CDAB0EE480AFEF72CFD89EE081A7A
:100EE000F0EE400A21EE010A9FED492ADFED491A92
:100EF00040EE021A9FED482A00EE212ADFED471A44
:100F000040EE021A9FED462A00EE212ADFED451A37
:100F100040EE021ADFED448AB6EE000A70EEC90A0E
:100F200038EE400A41EE218A40EE208A1CE018EE9D
:100F3000100A3E4988420FDB18EE100A4FF07F413D
:100F4000B1EB400F08D30220BFF7F9FDBDEC048BD5
:100F5000BDE8F041FFF770BEB0EE480AFEF7EAFCCC
:100F600030EE490A60EE088A002DB8BF79EEE88AB3
:100F7000B0EE680ABDEC048BBDE8F081DB0F4940A0
:100F8000000000006666663F3F4C3B3FFA306D3E16
:100F90000C5BEC3E9E768E3C0EB00ABD757F843DA8
:100FA000DD1817BE2EB9F73EEBA082B4410647B15B
:100FB000CDCDF8BD1FA6DD3F1FA69D3FC316BB3F8D
:100FC0004864273E6A8721BE40B52A3EE7D553BE16
:100FD0008A928A3E7E27CDBE2C8D523F68C413BFB5
:100FE0008ACC1F3CD5BAA33CFA0E8A3D221AA53EF4
:100FF0003077D8BEAEC5B0B95C79043B9773E1BB1E
:101000005A49A73CFBE289BD351AA53E3177D83E47
:101010003FCA65B8917460396D47DCB96180483A60
:10102000E3EA35BBA8AAAA3D1D7FD63E8EAF447C1D
:1010300010B52DED028BB0EE408A18EE100AA0F12B
:101040004C51CA1781EA520101F14861B1F1B24F26
:101050007ED2B7EE000AB0EE001AB0F13F4F50D288
:10106000B0F17E5F4DDA10F1834F88BF08EE010AC0
:101070000AD8B0F17C5FC3BF38EE400AF6EE000A32
:1010800020EE200AB0EE480A30EE011AC0EE010A46
:101090009FED631ADFED631A40EE811A9FED621A2D
:1010A00000EEA11ADFED611A40EE811A9FED601A81
:1010B00000EEA11ADFED5F1A40EE811A9FED5E1A75
:1010C00010F1834F00EEA11A60EEA00A00EE810A33
:1010D00006D9DFED5A0A30EE200ADFED590A0BE09F
:1010E000B0F17C5FDCBFBDEC028B10BDDFED550ABB
:1010F00030EE200ADFED540ABDEC028B30EE200A00
:1011000010BDB0F1974F02DBC0EE081A05E0DFED2D
:101110004F1A38EE000A10EE100A6FF07E0100F54B
:10112000002201EBE251C2F302534FF07E5202EB78
:101130000352A0EBC15000EE102A00EE900A30EEF0
:10114000C02A30EE800AC2EE000A20EEA00A00E0BB
:1011500030E09FED3F3A9FED3F2A60EE802A3E4807
:1011600000EE032A00EE101A784400EB8300B8EE7C
:10117000C00A9FED3A3A22EE822AD0ED002A384882
:1011800040EE032A784400EE101A00EB8300DFEDF6
:10119000353AB8EEC00A90ED003ABDEC028B00EE95
:1011A000233A33EE020A30EE210A00EE810A32EED3
:1011B000800A10BD4FF07F41B1EB400F07D2B0EE77
:1011C000480ABDEC028BBDE81040FFF727BDB0F127
:1011D000FF4F1FD010F1814F14D30AD14FF00200FE
:1011E000BFF7ADFCFFF710FDBDEC028BB1EE400A7E
:1011F00010BD0120BFF7A3FCBDEC028BBDE8104081
:10120000FFF712BD18EE100AFCF7B0FE042808BF65
:10121000FFF71EFDB0EE480ABDEC028B10BD0000CA
:101220002F4225C004A7E2BFDAC3FDBF9BBBCCBFE2
:10123000490200C0B7AAAABFFFFFFFBF08E30231FF
:10124000187231BF08E302B11872313F000000008C
:1012500066F1CC3EAAAA2A3F800E00000070313F02
:10126000840E0000F4FD05382DE9F0014FF07F42B7
:10127000B2EB410F9FBF4FF0FF310160BDE8F001BD
:1012800070474FF0004242EA0123C1F3C752783A57
:10129000551112F01F0C434CCCF120067C44C1F3D5
:1012A000C752A2F178024FEA621204EB820254F8AC
:1012B000254008BFD2E9015612D0556804FA0CF453
:1012C00025FA06F73C43976805FA0CF527FA06F865
:1012D000D26807FA0CFCF24045EA08054CEA02061F
:1012E000A4FB034CA5FB0352A6FB03631D449D42D4
:1012F00034BF012600261319334416B1934202D994
:1013000003E0934201D2012200E00022624402F194
:10131000200C9206DC0C42EA443200EE102A5B03F9
:10132000DFED210AF8EEC01A00EE103A4FEA9C1CDD
:1013300011F0004FB8EE400AC0F800C020EE201AAD
:1013400000EE105ADFED190AB8EE400A20EE200A2E
:1013500071EE810A70EE800A10EE902A02F50062AA
:101360006FF30B0200EE902A70EEE11A31EEC11A13
:10137000DFED101A30EE411A9FED0D0A20EE800AC3
:1013800001EE210A9FED0C1A00EE810A04BFBDE8B0
:10139000F0017047CCF180510160BDE8F001B1EE81
:1013A000400A70478C0D0000000000360000802CC1
:1013B00022AAFD29DB0FC92F0000C92F10EE101A39
:1013C00021F00040B0F1964F24BF9FED250A7047F1
:1013D000B0EEC00AB6EE001AF0EE001AF0EE410AC6
:1013E00011F0004F40EE210AFDEEE00A10EE900AE7
:1013F00000EE900AF8EE600A00EEC10A18BF80F015
:10140000020010F0010F60EE000A14D010F0020F7D
:101410009FED141A9FED140A00EE810A9FED131A36
:1014200000EE801AB7EE000A00EE810A08BF70478E
:10143000B1EE400A7047DFED0E1A9FED0E1A10F064
:10144000020F00EEA11ADFED0C1A40EE811A9FED9B
:101450000B1A00EEA11A21EE000AE9D17047000034
:1014600000000000F454A7BFB1D88140D1E99DC06D
:10147000EA7A16BF1F2D2340D45DA5C0DA0F49407C
:1014800030380A2801D2012070470020704710B57B
:1014900000EE100A2DED028BB1EEC08A18EE100A94
:1014A00020F00040C0F1FF40C00F0AD010EE100A3B
:1014B00020F00040C0F1FF40C00F04BF0120BFF783
:1014C0003EFB18EE100ABDEC028B10BD10B50029D2
:1014D0000AD00878002807D005487844BFF7E4FA16
:1014E000002801D0002010BD0248784410BD000043
:1014F00092B600008AB6000010B500290AD008781C
:10150000002807D005487844BFF7CEFA002801D05C
:10151000002010BD0248784410BD000082B60000D3
:101520007AB6000021F0004201F00043A2F16052BF
:10153000B2F5801F28BFD2F17F6C0BD95FEA001C87
:1015400043EAC20242EB507018BF704728BF20F038
:1015500001007047B2F5801FBCBF184670474FEAC4
:10156000410C1CF5001F02D2084600F0D5BA70B538
:1015700000F07DF900000089FFF7F6BF4FF0004052
:10158000A0F58000704700002DE9C04130B4DFF8BD
:10159000A8C23CEA111418BF3CEA131400F0F08012
:1015A0001CEA111481EA030544EAD57418BF1CEA49
:1015B000131500F0CB80A4EB050404F17F7404F54F
:1015C00000344FF0004545EAC12145EAC32341EA12
:1015D000505143EA52534FEAC0204FEAC222994287
:1015E00008BF904200F0A0804FEA13650FF2481642
:1015F000765D4FEA134506FB05F7C7F1807706FBDA
:1016000007F74FEAD737A7FB03687642A7FB06CE5A
:10161000C8F5803838BFA8F1010807FB08E6A6FB2B
:10162000028C4FF0000EE6FB03CED8F100086FEA03
:101630000C0C5CF1000C6FEA0E0E4EF1004EA6FB96
:101640000C584FF00007E6FB0E87A1FB08C6A0FB75
:1016500007CE16EB0E064FF0000545F10005E1FB45
:10166000076515F1E04E7EBFA4F580345FEA4606BB
:101670006D4116F1800745F100054FEA172747EA4B
:1016800005674FEA15254FEA0666A6F1DE46B6F174
:10169000805F20D9384605EBC47124F0010C01EBC2
:1016A0000C11BCF1FE6F02D8F0BCBDE800812442F1
:1016B0005CBF01F5801E9EEAC47F02D4F0BCBDE889
:1016C0000081244200F13980A1F1C041F0BCBDE8A5
:1016D000004100F01AB94FEAD02040EA41504FEAE9
:1016E000D1214FEAD22242EA43524FEAD323A7FB49
:1016F000028607FB036605FB02661EEA0E0F58BF53
:10170000A6EB0056B6EB00564FEA520E4EEAC37EE9
:1017100018EB0E0E56EB530EBCD518EB02085E41CB
:101720007F1C55F10005B5E74FF480154FF0000719
:101730004FF000064FF00008ACE701F1C04101F0A6
:1017400000414FF00000F0BCBDE800810CEA131529
:1017500011EA0C1F00D00CE013EA0C1F00F02580EA
:101760004FF0000081EA030101F00041F0BCBDE848
:101770000081F0BCBDE8004181EA030100F0C5B87A
:10178000F0BCBDE8004170B500F071F8097EFC3E88
:1017900000F007B84FF0000081EA030101F00041BA
:1017A000704781EA030100F0B0B8F0BCBDE8004129
:1017B00022494FF000007047FFFDFBF9F7F5F4F206
:1017C000F0EEEDEBE9E8E6E4E3E1E0DEDDDBDAD8DC
:1017D000D7D5D4D3D1D0CFCDCCCBCAC8C7C6C5C43A
:1017E000C2C1C0BFBEBDBCBBBAB9B8B7B6B5B4B351
:1017F000B2B1B0AFAEADACABAAA9A8A8A7A6A5A43C
:10180000A3A3A2A1A09F9F9E9D9C9C9B9A999998FF
:101810009797969595949393929191908F8F8E8EA2
:101820008D8C8C8B8B8A898988888787868585842F
:1018300084838382828181800000FF070000F87F1B
:1018400010F0004248BF4042B0FA80F310FA03F1B2
:101850000AD0C3F11D0303F5806302EB03524FEA84
:10186000415002EBD12170474FF0000070470EF15C
:10187000020E2EF0030E5EF8046B364205D4012AE8
:1018800043EB030515F5001F12D8012841EB010CAD
:101890001CF5001F0CD80ED14FEAD17C0CEB4C0C80
:1018A0000CF1020C15F5001F08BF4CEBD37C04E0D3
:1018B0004FF0080C01E04FEAD37C0CEB4C0526FA04
:1018C00005F606F00706B6F1040C06D20EEB860C00
:1018D000BDE870404CF0010C6047DFE80CF0090BEC
:1018E00002024FF00041A1F500214FF0000070BD51
:1018F00019461046012851EB010418BFD4F5001415
:1019000084BF002001F0004170BD0808A0F500115F
:101910004FEA31017047000043004FEAD30C4FEA11
:101920003C0C43401FBF40070CF1605113F0FE4FC9
:1019300070471CF0006F03D10CF00041002070478D
:101940000CF0004343EA507040EACC0010B500F0C0
:1019500015F800BF000000924FEA0001FFF7D5BF65
:101960004FF00041A1F500214FF00000704700004A
:10197000014800F00BB900BF0000C07F0EF1020E5D
:101980002EF0030E5EF8044B244204D44FEA4102C9
:10199000B2F17F4F11D84FEA4003B3F17F4F0CD81B
:1019A0000ED14FEAD07C0CEB4C0C0CF1020CB2F1D6
:1019B0007F4F08BF4CEBD17C04E04FF0080C01E0F6
:1019C0004FEAD17C0CEB4C0324FA03F404F0070437
:1019D000B4F1040C06D20EEB840CBDE810404CF0C0
:1019E000010C6047DFE80CF0070802024FF00040EE
:1019F000A0F5800010BD0846420018BFD2F18072E9
:101A000088BF00F0004010BDF1EE100A4FF6FF71E4
:101A1000C0F2C03120EA010040F04070E1EE100A4F
:101A2000704700004FF07F4C3CEA410318BF3CEA8E
:101A3000400200F062804FF47F0C0CEAD11310F0EA
:101A4000004F18BF43F005031CEAD01218BF13EA79
:101A50000C0F00F057804FF0004C4CEA00204CEA8D
:101A60000121A3F580339A4210DD23F00203B0F187
:101A7000004F06D343F00203401ABCBF404283F03C
:101A800001034FEA4000A2F58032ECE74FEA224C16
:101A9000BCEB234F08DB884206D31CD0A0EB4100EF
:101AA000C0F1000083F0010340001DD217D40DD017
:101AB000B0FA80FC0CF1010C00FA0CF0A2EB0C4225
:101AC000D2F1000C12DB4FEAC37070474FEA43704B
:101AD00000F00040704713F0020FE5D0DEE74FEA58
:101AE0004000B2F58032EBDD002AE9DD4FEAC21298
:101AF00042EA502040EAC370704710B5FFF73EFF3E
:101B0000EDFFFF3E1CEAD11F02D000F000407047FD
:101B1000004870470000C07FFF2141EAD050C00557
:101B2000704700005FEA400C5FEA1C6CBCF17F0369
:101B300014D4D3F1170240F31C804FF0010C0CFABF
:101B400002FCACF10103034020EA0300B3EB5C02AA
:101B500008BF10EA0C0F88BF60447047B3F1FF3F25
:101B600028BF5FEA002C00F0004088BF40F07E50A4
:101B70007047BCF1FF0FB8BF704710B5FFF7FEFE0E
:101B800040DBB6BEBFF710BCBFF744BD0CF00F037F
:101B9000092B08BF082000F051800A2B0BD0082B1E
:101BA00018BF704708BF1CF0400F0AD04FF000006C
:101BB0004FF0000170471CF0400F18BF4FF000407D
:101BC00070471CF0100F08D000F07F4220F07043E7
:101BD00042EAD3014FEA4370704700F0604021F0C1
:101BE0007F4242EA000201F07F4040EA7270704793
:101BF0004FF0FF0212EAD0521CBF92F0FF038B425B
:101C0000C2BFD14200EBC1507047002A0AD0002B5E
:101C10000BD000F000400029A4BF40F0FE4040F48B
:101C20000000704700F00040704743024FF00B0C7B
:101C300018BF4CF0806C7FF49BAE70471CF4801F83
:101C400011D01CF4E02F03D06FEACC31490070476B
:101C50004FF04050EFF3008222F0704242EA00025F
:101C600082F3008870474FF0000070470000803F0B
:101C70000030983F0000B53F0040D73F0000000013
:101C8000320A7E397F661E395B991F390000803F1A
:101C9000F037983FF304B53FFD44D73F0000803F45
:101CA00000908B3F0030983F00F0A53F0000B53F0B
:101CB0000060C53F0040D73F00C0EA3F0000000081
:101CC0007D3C3839320A7E399B6AED397F661E3990
:101CD0002B4265395B991F39DDE7C6370000003FAD
:101CE000C2950B3FF037183FD7FE253FF304353F31
:101CF0002A67453FFD44573FC7C06A3F0000803F09
:101D0000C2958B3FF037983FD7FEA53FF304B53F10
:101D10002A67C53FFD44D73FC7C0EA3F00000040E7
:101D2000000000BF7CD4E8BE1F90CFBE5202B4BEFC
:101D300019F695BE57636ABE0CEC22BEC8F9A9BD60
:101D4000000000001E5CB93D82BF413E5AFB973E39
:101D5000CC13D43E54CE0A3FF9892E3F8D81553F96
:101D60000000803F00000000A1ABE0B11DC939B206
:101D70005E9DACB2430C98B2E5AB3AB28AA554B2C0
:101D8000DE16C1B100000000F6A2FA30C56D0C32BB
:101D900045C5A6327AE7CF3237A80A323BAD1533B4
:101DA00048BA4F3300000000000000000080513DA1
:101DB0000070C63D00900D3E0050343E00E0573E9E
:101DC00000D0783E00C08B3E000000000AD6A93645
:101DD000431C8C37658F7338832DA236121D1F3834
:101DE000B3756F38D2535A380000000000002E3E01
:101DF00000D0A43E0030EB3E00C0153F0050333F02
:101E000000A04E3F0020683F00000000DFCF5136A9
:101E10009A97F03719F0A938DFCFD13589478E343A
:101E2000A8FE6C3993B61F39000000000030F13D68
:101E30000070643E0000A33E0090CF3E0090F83E4C
:101E400000400F3F00E0203F0000000015B783373F
:101E5000CDE37B380EE1C53860F69138AF5F0F38BF
:101E6000E1BC3E3823F447390000000000000000C8
:101E70000000B33FB2BE7D3A00002E40DFCF5138A4
:101E800000007E40BF51FABA00E0A44019DAC3BA9C
:101E900000E0C840C2ED8AB90040EB40CD1F2CBA2B
:101EA000001006412AFFFABA00C01541DFCFD13732
:101EB00000D024419A97703A0050334189478E36BA
:101EC00000404141E75B9D3800B04E41C00A98B9DF
:101ED00000A05B41558F943A00306841DA92C0BA55
:101EE0000040744162B3C63A0000803F00A0853FC5
:101EF00000908B3F00C0913F0030983F00F09E3F24
:101F000000F0A53F0050AD3F0000B53F0000BD3FD1
:101F10000060C53F0020CE3F0040D73F00C0E03FFB
:101F200000C0EA3F0020F53F000000007D36AC39DC
:101F30007D3C3839EBDCF438320A7E39124C2639D4
:101F40009B6AED39A4EE83397F661E39F6398A39EA
:101F50002B426539A48211395B991F39C3EECD3903
:101F6000DDE7C637A5A22F390000803FC3AA853F11
:101F7000C2958B3FD3C3913FF037983F32F59E3FD8
:101F8000D7FEA53F3F58AD3FF304B53FA408BD3F82
:101F90002A67C53F8C24CE3FFD44D73FDFCCE03FCE
:101FA000C7C0EA3F7D25F53F0000000000000000AB
:101FB000303132333435363738394142434445467F
:101FC0004030580030313233343536373839616279
:101FD000636465664030780004000008000000007B
:101FE00000000002000100001000000000000000DE
:101FF0000030F13D0070643E0000A33E0090CF3EF3
:102000000090F83E00400F3F00E0203F000000003D
:1020100015B78337CDE37B380EE1C53860F69138CC
:10202000AF5F0F38E1BC3E3823F4473900000000B1
:102030006E83F9A22915444ED15727FCC0DD34F533
:10204000999562DB4190433CAB6351FE30313233B2
:1020500034353637383961626364656678700030CC
:1020600031323334353637383941424344454658A6
:102070005000000002400000000000A0000000002E
:1020800005400000000000C8000000000C400000F7
:102090000000409C00000000194000000020BCBE71
:1020A0000000000034400000BFC91B8E0000000487
:1020B000B5400000504BCFD06607E2CF01000000D2
:1020C0006C4100003E8251AADFEEA73401000000FF
:1020D000D9420000DCB5A0E23A301F97FFFFFFFFB6
:1020E000B4450000FD25A0C8E9A3C14FFFFFFFFFD5
:1020F000FF3F00000000008000000000FF3F0000E4
:10210000000000800000000000000000000000004F
:10211000010203040607080900000000010203048D
:10212000E20100005C4A040892020000644A0408CC
:10213000320E0000D0220408920D0000AC220408E8
:10214000420C0000A02204089A02000064C70408A0
:1021500022040000E0C70408E20200007CC7040873
:102160002A040000ECC7040842030000B0C70408BA
:102170008A04000018C80408021200002CC80408D1
:102180003A04000000C804089A04000038C8040893
:102190007A02000058C70408C204000044C80408BA
:1021A00082030000C0C70408420400000CC80408F1
:1021B000A202000070C704080A040000D4C7040883
:1021C0005202000040C704082A100000CCC70408CF
:1021D00042110000F8C70408B20B000038C7040819
:1021E0007A030000B8C704080205000058C80408B4
:1021F0001A030000A0C70408FA02000088C70408F8
:102200000203000090C704082A030000A8C70408BE
:102210001203000098C70408E20C00004CC7040831
:10222000000000000000000000030303030300009F
:10223000000000000000000000000000000000009E
:10224000030101010101010101010101010101017C
:1022500045454545454545454545010101010101C6
:102260000159595959595919191919191919191976
:102270001919191919191919191919010101010146
:102280000169696969696929292929292929292966
:102290002929292929292929292929010101010077
:1022A0001C6504080600020055750008F062040869
:1022B000BC220408D464040895750008EC64040882
:1022C0007D1A02081C65040804000200AD750008B0
:1022D0001C65040804000200C97500085D9B030822
:1022E000CD9B0308F598030800000000B7D5B100A6
:1022F000BE2C0408F02C0408CA2C0408FA2C04088C
:102300009B2C0408AB2C04088C6A0408492D040893
:102310006C2D04085B2D0408622D0408532D04085D
:102320007D2D0408222E0408D22D0408FD2D04085A
:102330003F2E0408782E0408892E0408512F040823
:10234000842F040810111200080709060A050B045F
:102350000C030D020E010F00D9A80008D9A800082F
:10236000BD99000815A60008D9A80008419D0008DD
:1023700031A90008699C0008D9A80008DD9300086D
:10238000DD930008B1B20008C1CA000835B20008E8
:10239000B9AE0008ADAB00087DA900087DA9000812
:1023A000D5860008F188000821AA000831C8000875
:1023B0005DA1000819C70008FDC80008D9A80008D9
:1023C00091AF00084DC0000815AF000815AF000818
:1023D00095B1000895B1000875B100089195000805
:1023E0003DBD00087D9300087D9300087D930008A3
:1023F000DDBF0008DDBF0008DDBF0008C5A0000884
:1024000015B20008BD8F00080590000879920008F9
:10241000098F0008498C000841C1000821C100084B
:10242000B5C3000831A9000891BD000891BD00089E
:1024300031A90008C19C0008E1940008F5C9000812
:10244000B1980008E21300006C020700A0016702C7
:102450006E027F02650276027E02A30111006A020B
:1024600078026D027B020C000D00170016001A00A6
:10247000300035008900810232007302720280024E
:10248000770207003F00D1018A017A02F000A40020
:1024900066020F0176006F02EE007502BC01710248
:1024A0007D0059007402790287017D020700A001B6
:1024B00068026B026502300083027002170016008A
:1024C0001A0084020700D1018A01F000A400690209
:1024D000250142010F01E40082026F02EE00BC01FF
:1024E00071027D00590037008701000088630408ED
:1024F0003700000006000000FC240408EA03000086
:10250000605C0408F20300006C5C0408FA0300003D
:102510008C5C04083A020000505C04086200000071
:10252000903B04086A000000445C04085DD1000888
:1025300000000000F1CF000800000000A8680408B7
:102540000000F00001000000000000000002000395
:102550004DD000082C250408EC240408EC64040881
:102560009D230208EC6404082D240208EC6404088E
:10257000C1240208886304082F0000000500000041
:1025800084250408E20100005C2504080A0B000011
:1025900064250408920200006C250408C2030000B0
:1025A000AC2504088A100000B4250408D46404088B
:1025B00061D30008D4640408C5D30008D4640408B7
:1025C00075D70008D4640408F12402081C650408C7
:1025D0000600040095D70008F0620408CC25040822
:1025E0001C650408060004001DD80008D464040813
:1025F0000DD90008D4640408D5D9000888630408FC
:10260000770000000E0000000C26040832020000D3
:10261000BC2504084A020000C42504089A0D0000E5
:10262000D8250408B2020000E025040832030000A7
:10263000EC25040852030000F4250408C20300003E
:102640007C260408CA0300008826040872040000DF
:1026500090260408FA0400009C2604081A050000CD
:10266000A82604087A0000001C4B0408E2000000C1
:10267000244B04085A000000144B04081C6504088D
:1026800006000400E9D90008D464040801DA00084F
:102690001C6504080600040085DC00081C650408AD
:1026A000FFFF03005DDD0008D4640408B1DE00080C
:1026B000DC010301000000009200020000000000A5
:1026C00088630408B600000016000000D026040845
:1026D000030000002A080000050000000A080000AE
:1026E0000B000000EA07000013000000AA0700002A
:1026F000170000009A0700001900000012080000EF
:102700001B0000008A07000023000000CA07000029
:1027100027000000020800002B000000F207000064
:102720002D000000E2070000BF00000022080000AA
:10273000C500000092070000CF000000B2070000B3
:10274000D1000000C2070000D3000000FA0700001B
:10275000D70000001A080000DD0000003208000069
:10276000DF000000BA070000E3000000D20700000D
:10277000E5000000A2070000E7000000DA07000003
:1027800000000000000000000000004F4F000000AB
:102790000007070000070700147F7F14147F7F14D1
:1027A00000242E6B6B3A1200006333180C66630032
:1027B00000327F4D4D777250000000040603010087
:1027C00000001C3E63410000000041633E1C00000D
:1027D000082A3E1C1C3E2A080008083E3E08080045
:1027E000000080E0600000000008080808080800F9
:1027F000000000606000000000406030180C06021D
:10280000003E7F49457F3E000040447F7F404000BE
:1028100000627351494F460000226349497F3600E8
:1028200000181814167F7F1000276745457D390072
:10283000003E7F49497B3200000303797D07030096
:1028400000367F49497F360000266F49497F3E00A8
:102850000000002424000000000080E46400000068
:1028600000081C36634141000014141414141400B1
:1028700000414163361C080000020351590F060055
:10288000003E7F414D4F2E00007C7E0B0B7E7C0076
:10289000007F7F49497F3600003E7F41416322002F
:1028A000007F7F41633E1C00007F7F49494141001A
:1028B000007F7F0909010100003E7F41497B3A000A
:1028C000007F7F08087F7F000000417F7F4100007C
:1028D000002060417F3F0100007F7F1C3663410084
:1028E000007F7F4040404000007F7F060C067F7FD6
:1028F000007F7F0E1C7F7F00003E7F41417F3E00B6
:10290000007F7F09090F0600001E3F21617F5E00E6
:10291000007F7F19396F460000266F49497B3200DE
:102920000001017F7F010100003F7F40407F3F00A9
:10293000001F3F60603F1F00007F7F3018307F7FA7
:102940000063771C1C77630000070F78780F07007F
:10295000006171594D47430000007F7F41410000F5
:102960000002060C18306040000041417F7F0000EB
:1029700000080C06060C0800C0C0C0C0C0C0C0C023
:10298000000001030604000000207454547C780009
:10299000007F7F44447C380000387C44446C28002D
:1029A00000387C44447F7F0000387C54545C5800DD
:1029B00000087E7F090302000098BCA4A4FC7C00F0
:1029C000007F7F04047C78000000007D7D00000013
:1029D0000040C08080FD7D00007F7F30386C440067
:1029E0000000417F7F400000007C7C1830187C7C18
:1029F000007C7C04047C780000387C44447C3800F3
:102A000000FCFC24243C180000183C2424FCFC009E
:102A1000007C7C04040C080000485C5454742000C2
:102A200004043F7F44642000003C7C40407C3C0028
:102A3000001C3C60603C1C00001C7C3018307C1C7E
:102A400000446C38386C4400009CBCA0A0FC7C00A6
:102A5000004464745C4C44000008083E7741410027
:102A6000000000FFFF000000004141773E08080021
:102A70000002030103020301AA55AA55AA55AA554B
:102A80001C6504080C000800610001081C650408AE
:102A900010000C004D020108EC6404084504010814
:102AA0001C6504080C000C008D0401081C6504085A
:102AB0000A000A00ED0401081C6504080C000C0063
:102AC0002905010888630408670000000C00000065
:102AD000D42A04084A0D0000982A0408520D000068
:102AE000A02A0408621000009C2B0408420E00007B
:102AF000AC2A04081A130000D42B04080A110000A1
:102B0000B42B0408220F0000B82A0408D20C0000DD
:102B10008C2A040882100000A82B04086A0B00000D
:102B2000802A040852110000C02B04088212000001
:102B3000C82B0408886304085F0000000B00000035
:102B4000442B0408BA000000820D00005208000067
:102B5000506404085A08000088320408E2080000A3
:102B600001000000DA080000010000003209000046
:102B700003000000620800000B0000006A0800006B
:102B800005000000720800000D000000CA080000E7
:102B900007000000D2080000090000001C650408BE
:102BA000080006002D0701081C6504080C000A0037
:102BB000C10701081C6504080E000C00690D01081E
:102BC00004650408410E01081C6504080A00080099
:102BD000790F01081C6504080A000A009110010819
:102BE0004824040844240408986A0408802404083B
:102BF00000000000A46A0408AA24040800000000E1
:102C0000B06A0408C224040800000000BC6A04087A
:102C1000886304084F00000009000000202C04080D
:102C20004A02000054700408820C00005C70040822
:102C30007A0E00007C700408AA0E00008C70040854
:102C4000D20E000094700408DA0E00009C70040894
:102C50004A12000054710408E21200006471040872
:102C6000820500000C4B0408081603880D64648874
:102C70000964406420111116121003161332001655
:102C80000A3201160C522A01533302160D32031672
:102C90000E3204160F320516105163190A0F1680F2
:102CA0002227B0140D52360159B063A80410101633
:102CB000191A1B802626B0140E36005950631108CD
:102CC0000A16800E50B0180B51639A01140D161796
:102CD00080152523292224B0130B444EB1444912F8
:102CE0001412021306340165506352B0180B52637C
:102CF00009080C168011B0130B63110C0E16801D01
:102D00002527B0130B43471218230034016550B038
:102D1000180B5163101C01800966891E6420642011
:102D20006420644080511B021602543200100334A8
:102D30000216033201160432021605320316073258
:102D4000041608320516095163000604802B12038D
:102D5000340063000609803C1215650006078033C5
:102D600080639080C0400608803880639880C040AF
:102D70000605802F12141202130634016529080873
:102D80000D800912041406B0120413098F36036370
:102D9000101601604072642069204C840780511B2A
:102DA00002160280511B03160380511B04160432C5
:102DB00000160810052A01533301160A11111104D7
:102DC00013061007340244443202160B3203160F66
:102DD00051633D0E0B148013272B2A1203140C365B
:102DE00000C11208100DB13482004709C2B21407A5
:102DF000B0360159515C5DB1140E3600633D0C0FC5
:102E000014801A282B1203140CB03601C1120810BA
:102E10000DB13482004707C2B214103600635C5D06
:102E20005163BA010A0A1213800D12041406120229
:102E3000140AB0B13602120413098F52360463002B
:102E40000603880D1109160A1003160B5163181298
:102E5000018009666B2064202480511B02160254F5
:102E60003200100311063403160332011604110454
:102E700016071104160851639880C040060480119B
:102E80001206120213053401652222060B0F800977
:102E90002F2024452F2B25272F2D2F4A71B0575B2C
:102EA000DA46047BDA42425A59444912031307B006
:102EB000D12A026385B0575BDA46048FDA42425A60
:102EC00059444812031308B02A0263B1444CB0803D
:102ED000D94447120313082A016395B0575BDA46B9
:102EE000049FDA42425A59444A12031309B090F33C
:102EF0002A0263B14459A3B0575BDA4604AFDA4201
:102F0000425A59444A1203130AB0A0F32A02631228
:102F100012100B3401655163101201606C40841271
:102F20004C880780511B02160280511B0316033286
:102F30000016061111110313041005340244488FC2
:102F40002A01533301160C8F2A01533302160F51F5
:102F500063CE01100C130B801D27312A1202140DB1
:102F60003600C212031404B21206B1503402823782
:102F7000024709C3B31405B0360159515C5DB21460
:102F80000E360063CE010E0F130B8024283112027F
:102F9000140DB03601C212031404B21206B1523439
:102FA000028237024707C3B314103600635C5D51D9
:102FB00063000000BC640408E9250308BC6404083D
:102FC0007D1A0108BC6404084D1D0108BC64040896
:102FD000C5210108BC64040879230108BC64040805
:102FE0008D2301081C65040802000000892A0108DD
:102FF000D46404081D2B010888630408270000001E
:1030000004000000083004083A020000F02F040811
:103010005204000030300408DA040000383004089C
:103020004210000028300408EC640408A12B0108B9
:10303000EC640408092C01081C650408080004005D
:10304000212C0108000002000400060008000A000C
:103050000C00110017001D0025002F003B00490047
:1030600061007F00A700DF00250185010902B3028E
:103070009703C7045B0671089D0CDF124B1C6D2A79
:10308000913F575FFF8E7BD6D46404083136010828
:10309000886304081700000002000000A030040844
:1030A000FA040000CC300408920C000088300408B8
:1030B000A8680408000036020100000000000000BB
:1030C000000000026536010890300408EC64040832
:1030D000B9360108FB010000610200005701000041
:1030E0005801000000680408000000000000000013
:1030F000DAC004087868040802000000E43004081C
:10310000043104080068040800000000000000000A
:10311000DAC0040800680408000000002500000070
:103120006476040800680408000000000C00000039
:103130008A7604081C65040808000400A53D0108FF
:10314000F0620408343104088863040817000000A2
:103150000200000058310408AA02000040310408AF
:10316000E2040000683104081C650408080002003D
:10317000613E010845400108F9400108CD3F0108C2
:103180000000000098650408982F8A429144377126
:10319000CFFBC0B5A5DBB5E95BC25639F111F159DA
:1031A000A4823F92D55E1CAB98AA07D8015B83121C
:1031B000BE853124C37D0C55745DBE72FEB1DE80C8
:1031C000A706DC9B74F19BC1C1699BE48647BEEFF7
:1031D000C69DC10FCCA10C246F2CE92DAA84744A82
:1031E000DCA9B05CDA88F97652513E986DC631A8F8
:1031F000C82703B0C77F59BFF30BE0C64791A7D5D7
:103200005163CA0667292914850AB72738211B2E5E
:10321000FC6D2C4D130D385354730A65BB0A6A7646
:103220002EC9C281852C7292A1E8BFA24B661AA852
:10323000708B4BC2A3516CC719E892D1240699D662
:1032400085350EF470A06A1016C1A419086C371EDB
:103250004C774827B5BCB034B30C1C394AAAD84EB9
:103260004FCA9C5BF36F2E68EE828F746F63A578F4
:103270001478C8840802C78CFAFFBE90EB6C50A487
:10328000F7A3F9BEF27871C61C65040808000600B1
:10329000AD460108EC6404084D580208D4640408E3
:1032A000094A0108D4640408414A0108EC6404088E
:1032B000594A0108EC640408754A01081C650408B1
:1032C000080004007D4B0108046504089D4B0108BB
:1032D000886304085F0000000B000000E03204086F
:1032E000E201000094320408320200009C3204081B
:1032F0004A020000A432040852020000AC32040862
:1033000092020000B4320408E2020000BC32040859
:10331000EA020000C8320408C2030000383304087F
:1033200002040000443304081A0400004C3304086B
:103330007A040000543304081C65040804000200E9
:10334000954C0108EC64040889590208D464040807
:10335000F94D01081C650408FFFF0300CD59020860
:103360000001010202020203030303030303030437
:1033700018000100200002002800030030000400B3
:1033800038100500401007004820090050200D00AB
:10339000593011006930190079402100894031000D
:1033A0009A504100BA506100DA608100FA60C100B1
:1033B0001B7101015B7181019B810102DB810103B2
:1033C0001C9201049C9201061CA301089CA3010C01
:1033D0001DB401101DB501181DC601201DC7013007
:1033E00010D8014000D00160D464040805570108DA
:1033F000D464040891570108EC640408C957010813
:10340000886304080F000000010000001034040865
:10341000EA0D0000F8330408A86804080000ED0174
:103420000001000000000000000000023D580108FB
:1034300000340408FFFFFF7FD4640408915B010897
:1034400088630408370000000600000050340408B8
:10345000DA01000038340408EA030000605C040864
:10346000FA0300008C5C0408F20300006C5C0408A2
:1034700022050000A05C04083A020000505C040829
:10348000D4640408695D0108FF0101000100000027
:103490001C650408FFFF0300555E01081C65040855
:1034A0000400020065600108D46404084161010859
:1034B000D464040875610108EC640408E161010842
:1034C00031020302060000001C650408FFFF05002E
:1034D0000D6201081C650408FFFF0300F962010882
:1034E000D464040815630108D46404081168010851
:1034F000886304081F000000030000000035040872
:10350000BA000000620F0000C20C0000E83304089B
:103510003A0F0000F03304081C65040802000000A4
:10352000110803081C65040802000000A5680108D2
:10353000D464040805690108D464040849690108D1
:10354000EC640408A9690108BC640408ED69010879
:103550001C65040806000200F96901081C650408DE
:1035600002000000E16A0108EC640408496B0108EC
:103570001C65040804000200996B01081C6504081E
:103580000C000400016C0108886304082700000097
:103590000400000098350408BA0000006A1000001A
:1035A0006A100000AC690408C2100000B869040881
:1035B0001A0F0000A0690408BEB8B3BCB6C2000070
:1035C000000000000000B9BB000000000000C4D8EB
:1035D000ADBDD1ACD6C1BFB5D7C0C6B2B0CED4C8D0
:1035E000CAD0C7D2CDCBC9D3CCCF00001C6504084C
:1035F000FEFF0500998901081C6504080A00020005
:10360000458A0108D46404089D8B0108D464040829
:10361000F98B0108D46404080D8C0108D4640408F3
:10362000498C0108D4640408858C0108D46404081A
:10363000A58C0108D4640408C98C01081C65040821
:103640000C0006000D8D0108EC640408BD8D010816
:103650001C65040802000000D58D0108EC64040814
:10366000AD8E01081C65040806000200C58E010825
:103670001C65040806000200DD8E01081C650408B4
:1036800006000200F58E010887000000100000000F
:10369000943604081A0B0000443D04085A0B00003D
:1036A0009C3D0408E20B000084410408020D000068
:1036B00004420408F20D00003C430408220E0000FE
:1036C000644304088A0E00009C430408F20E0000C4
:1036D000DC43040812100000644604086A1000006D
:1036E0006C460408E210000074460408F210000062
:1036F000CC460408721100000C470408FA110000BF
:103700005C4704083A120000E4470408BA120000BB
:10371000AC4804081C650408060004000D8F01086D
:10372000BC640408458F0108EC6404084D8F01084F
:10373000D4640408798F01081C65040802000000A5
:103740008D8F0108D4640408C18F0108D464040873
:10375000CD3802081C65040802000000D98F01085A
:10376000EC6404084D900108EC64040865900108BD
:10377000D4640408A9900108D46404089557020889
:10378000BC640408BD9001081C650408FFFF030029
:10379000C59001081C650408FFFF0300E1900108C3
:1037A0002C480408151802086F0000000D000000E6
:1037B000B4370408FA010000E43D0408CA0B000015
:1037C0000C410408520C0000BC410408820D0000AA
:1037D000DC420408BA0D0000E4420408620F000055
:1037E0001C440408720F0000244404089A030000DB
:1037F000AC450408F20F00001C4604085A120000F1
:103800002C480408CA1200000C490408B20A00003F
:103810006C3D0408AA0000003C3D04081C65040837
:103820000400020049920108D4640408A992010826
:103830001C650408FFFF0300C1920108D46404085A
:10384000D19201081C650408060004005D9301087C
:103850008B000302220000004E0003021A00000049
:10386000A8010302285D04081C650408FFFF01008D
:1038700095930108D4640408459401081C65040864
:10388000040002006D94010804650408E99501082C
:103890001C650408FFFF03000D9601081C65040861
:1038A0000400020055960108D46404083D9F0108F5
:1038B000D46404089D9F0108D464040851A0010841
:1038C000D464040801A00108D4640408ADA0010870
:1038D000D4640408D1A00108EC6404081DA1010807
:1038E000D464040881A10108D4640408E1A101089A
:1038F000705E040800000000000000002839040881
:10390000B067040823000000706204080000000093
:1039100000000000DAC00408886304080600000004
:1039200000000000000000007868040800000000AB
:103930002C64040854F82D402C6404080000807F97
:103940002C6404080000C07F2C640408DB0F49408D
:103950002C640408DB0FC940B06704081E01000096
:103960001F000000030000006C390408020D000075
:1039700004420408CA1200000C490408720F000037
:1039800024440408DA9A0408E59A0408CE9A040844
:10399000D5A90108B5A90108A5AE010885AE0108A1
:1039A00045B4010825B40108042C0408EC2B0408D4
:1039B000F82B0408E02B04087A6C69622E707900F9
:1039C000677A69702E70790073736C2E7079005F5E
:1039D0007468726561642E707900000057656C63CD
:1039E0006F6D6520746F204D6963726F50797468D4
:1039F0006F6E210A0A466F72206F6E6C696E6520C9
:103A0000646F637320706C65617365207669736998
:103A10007420687474703A2F2F646F63732E6D690D
:103A200063726F707974686F6E2E6F72672F0A0AF7
:103A3000436F6E74726F6C20636F6D6D616E647333
:103A40003A0A20204354524C2D412020202020208F
:103A500020202D2D206F6E206120626C616E6B2006
:103A60006C696E652C20656E7465722072617720BA
:103A70005245504C206D6F64650A20204354524CCF
:103A80002D4220202020202020202D2D206F6E2050
:103A90006120626C616E6B206C696E652C20656EB6
:103AA000746572206E6F726D616C205245504C20AF
:103AB0006D6F64650A20204354524C2D4320202012
:103AC00020202020202D2D20696E74657272757063
:103AD0007420612072756E6E696E672070726F67F8
:103AE00072616D0A20204354524C2D442020202026
:103AF000202020202D2D206F6E206120626C616EB1
:103B00006B206C696E652C2065786974206F72205B
:103B1000646F206120736F66742072657365740A28
:103B200020204354524C2D452020202020202020AE
:103B30002D2D206F6E206120626C616E6B206C6990
:103B40006E652C20656E74657220706173746520DB
:103B50006D6F64650A0A466F7220667572746865D7
:103B6000722068656C70206F6E20612073706563D1
:103B700069666963206F626A6563742C207479706A
:103B8000652068656C70286F626A290A0000000071
:103B9000D46404082DF00108D4640408E50D02087B
:103BA000D4640408FD0D0208D4640408150E02084C
:103BB000D46404082D0E0208EC6404085D0E0208AB
:103BC000D4640408450E0208D4640408790E02087F
:103BD000D4640408910E0208EC640408A90E0208DB
:103BE000D4640408C50E0208D4640408DD0E02087B
:103BF000D4640408F50E0208D4640408150F020802
:103C0000D46404082D0F0208D4640408450F020888
:103C1000D46404085D0F0208D4640408750F020818
:103C2000D46404088D0F0208D464040889100208C3
:103C3000EC640408A1100208D4640408BD10020852
:103C4000D4640408F51002082502030200000000F5
:103C50005B010302010000001C650408FFFF050072
:103C60000D110208D464040869120208D46404081F
:103C700085120208D4640408A1120208EC64040846
:103C8000BD120208D4640408E5120208D4640408D2
:103C9000B9130208D4640408D11302081C6504088F
:103CA00004000200FD120208D4640408E9130208AB
:103CB000EC6404082D140208D464040849140208B2
:103CC000D464040869140208D46404088114020846
:103CD000D464040899140208D4640408B1140208D6
:103CE000D4640408C9140208D4640408E114020866
:103CF000BC640408F9140208BC6404080515020831
:103D0000D46404081D1502081C65040802000000A4
:103D1000351502081C65040802000000851502081C
:103D20001C65040802000000C9150208EC640408C0
:103D300019160208BC6404084916020848660408FB
:103D4000600C0120486604084C3D040888630408A0
:103D500017000000020000005C3D0408BA000000EB
:103D60001A0B00001A0B00007C6104084866040866
:103D7000743D0408886304081F000000030000006D
:103D8000843D0408BA000000B20A0000B209000035
:103D900080C90408AA0900009CC9040848660408F0
:103DA000A43D0408886304083700000006000000F2
:103DB000B43D0408BA0000005A0B00003A0E00009F
:103DC000C4220408D2120000B4220408D20A00005F
:103DD000803404084A0B0000903404082A0C0000C8
:103DE0009C34040848660408EC3D04088863040811
:103DF0001703000062000000FC3D0408BA00000048
:103E0000FA0100004A0A0000EC3504087A0A0000B2
:103E1000F83504088A0A000004360408F20100009C
:103E2000F46104081202000070620408020200003B
:103E30003C620408F20B0000386304085A020000D8
:103E400088630408EA0C0000F46304085A0D0000BB
:103E500010640408620D00002C640408A20D000028
:103E600070640408F2020000706504086203000038
:103E7000CC65040892030000FC650408AA0F00004A
:103E800018660408AA03000064660408A210000073
:103E9000E8660408E2030000046704083211000029
:103EA000486704086204000084670408F2110000F7
:103EB000C8670408BA04000000680408D2040000BF
:103EC00058680408EA04000078680408F204000056
:103ED000A86804082A050000CC6804082A0200002B
:103EE000F0620408A2040000E86704081A01000058
:103EF00000390408F208000058390408CA0100001B
:103F00000C360408D201000014360408DA0100005F
:103F10001C360408520B0000243604081A02000064
:103F20002C360408EA0B00003C360408220200008C
:103F300034360408620C00004836040862020000AF
:103F4000503604086A0200005C3604088202000051
:103F5000643604088A02000070360408120D00005E
:103F60007C360408BA020000143704086A04000012
:103F700088380408C202000020370408CA02000082
:103F800028370408D2020000303704082A0E000047
:103F900038370408320E000044370408DA02000003
:103FA0004C370408720E0000543704080A0300005E
:103FB0006037040822030000683704083A03000051
:103FC000703704085A0300007837040872030000B1
:103FD000803704087A0F000088370408B20F000009
:103FE00094370408A20300001C38040802100000E3
:103FF00028380408B203000030380408BA0300006F
:104000003C380408D203000044380408DA030000F6
:1040100068380408120400007438040832040000F0
:104020007C3804088204000090380408CA040000A8
:104030009C3804080A010000085E0408F200000031
:104040009C5D0408FA000000C05D04080201000045
:10405000E45D040812010000285E0408220100004B
:104060004C5E04082A010000705E04083201000062
:10407000945E04083A010000B85E040842010000A2
:10408000DC5E040852010000245F04084A010000BD
:10409000005F04085A010000485F04086201000044
:1040A0006C5F04086A010000905F04087A01000058
:1040B000CC5F040882010000F05F04088A01000060
:1040C0001460040892010000386004089A09000096
:1040D0005C6004089A01000080600408A2010000EE
:1040E000A4600408AA010000C8600408B20100002E
:1040F000EC600408020A000010610408BA01000024
:1041000034610408C20100005861040848660408CC
:104110001441040888630408670000000C000000D4
:1041200024410408BA000000CA0B0000CA0C0000B9
:10413000303904085A1000004839040852100000B1
:10414000C838040872100000D03804080A110000B2
:10415000D8380408220D0000B0380408420F0000CF
:10416000C03804084A0F0000B83804080A120000DA
:10417000E8380408120C0000A8380408BA1100003E
:10418000E0380408486604088C4104088863040881
:1041900027000000040000009C410408BA00000051
:1041A000E20B0000720C000060630408E20F0000E4
:1041B000544A0408FA0800008066040848660408A7
:1041C000C4410408886304083700000006000000AA
:1041D000D4410408BA000000520C0000820700001D
:1041E0003C25040822070000010000002A09000005
:1041F00003000000120A0000050000007A08000019
:1042000007000000486604080C420408886304089C
:10421000C7000000180000001C420408BA0000009B
:10422000020D00000A0D0000C02604082A08000044
:10423000030000000A08000005000000EA07000073
:104240000B000000AA070000130000009A070000FE
:104250001700000012080000190000008A07000083
:104260001B000000CA070000230000000208000035
:1042700027000000F20700002B000000E20700000A
:104280002D00000022080000BF000000920700007F
:10429000C5000000B2070000CF000000C207000008
:1042A000D1000000FA070000D30000001A08000047
:1042B000D700000032080000DD000000BA0700004F
:1042C000DF000000D2070000E3000000A2070000AA
:1042D000E5000000DA070000E70000004866040877
:1042E000342B040848660408EC4204088863040878
:1042F0004700000008000000FC420408BA0000006B
:10430000BA0D0000DA0B0000B42F04089A0C00006C
:10431000BC2F0408DA0C0000C42F0408B20E000001
:10432000CC2F04089A0F0000DC2F0408920F000025
:10433000D42F04088A120000E42F040848660408F9
:1043400044430408886304081700000002000000CA
:1043500054430408BA000000F20D0000B21100003E
:10436000B0300408486604086C43040888630408F5
:1043700027000000040000007C430408BA0000008D
:10438000220E00001A0E0000B8340408120E0000BD
:10439000B03404080A0E0000A83404084866040873
:1043A000A4430408886304082F00000005000000EF
:1043B000B4430408BA0000008A0E0000B2030000F3
:1043C00030380408AA08000098650408A209000013
:1043D0003468040872070000A062040848660408F4
:1043E000E4430408886304082F000000050000006F
:1043F000F4430408BA000000F20E0000BA0C0000FA
:10440000C8340408C20C0000D4340408320F000081
:10441000E03404083A0F0000E83404084866040851
:10442000F0340408486604082C440408886304082F
:10443000770100002E0000003C440408BA00000090
:10444000720F0000CA0C0000303904085A10000036
:104450004839040872120000503904086A0E00003E
:1044600038390408EA0F0000403904080A12000035
:10447000D03C0408D2030000B03C0408220D000028
:10448000083C04082A0D0000103C0408420F0000FC
:104490009C3C0408520F0000943C04084A0F0000A2
:1044A0008C3C04081A0C0000E83B0408CA11000008
:1044B000C83C04086A120000E03C0408F20A00004C
:1044C000A03B04082A0B0000B03B0408420B00008C
:1044D000C83B0408120C0000E03B0408BA110000BD
:1044E000C03C040862120000D83C0408EA0A00003C
:1044F000983B0408220B0000A83B0408320B000084
:10450000C03B04083A0B0000B83B0408AA0B0000AB
:10451000D03B0408020C0000D83B0408320D000018
:10452000183C04086A0D0000283C04087A0D0000BD
:10453000303C04088A0D0000383C04080A0F0000D3
:104540007C3C0408BA0F0000A83C0408BA0E000026
:10455000643C0408C20E00006C3C0408CA0E000053
:10456000743C0408A20E0000583C0408C21200006B
:10457000E83C0408D2100000B83C04085A0C0000C3
:10458000F03B04083A0D0000203C0408F20C000047
:10459000F83B0408FA0C0000003C0408B20D0000CF
:1045A000403C0408120F0000843C040848660408DC
:1045B000B4450408886304085F0000000B00000095
:1045C000C4450408BA0000009A030000420200003B
:1045D000903B04080A100000143D0408A20F0000DC
:1045E000083D0408CA100000203D04081212000013
:1045F000343D0408FA0D0000F03C0408020E0000EF
:10460000F83C0408FA0E0000003D04083A090000D6
:10461000646704084A1100002C3D04084866040839
:1046200024460408886304083700000006000000E0
:1046300034460408BA000000F20F0000220C00000B
:10464000183504084A0E0000243504083A11000009
:104650000069040892090000010000001207000030
:1046600003000000486604086069040848660408FE
:1046700088350408486604087C46040888630408F2
:1046800047000000080000008C460408BA00000043
:10469000E2100000D20D000038350408621100005D
:1046A0005C350408EA10000050350408DA100000F8
:1046B00040350408BA0B000030350408E210000051
:1046C00048350408DA120000683504084866040812
:1046D000D4460408886304082F0000000500000089
:1046E000E4460408BA000000F2100000EA0B0000E3
:1046F000703504086A0F0000F86A04085A110000B7
:10470000046B0408421200001C6B0408486604088D
:1047100014470408886304083F00000007000000F5
:1047200024470408BA000000721100007211000052
:10473000385C04087A100000305C0408120900009C
:10474000030000001A09000009000000020900002F
:10475000110000000A09000021000000486604085A
:104760006447040888630408770000000E00000016
:1047700074470408BA000000FA110000FA110000A2
:10478000AC720408CA0D00007C3504080207000062
:10479000050000000A070000150000005A0900008B
:1047A000030000004A090000050000005209000053
:1047B0000700000062090000FF1F000082090000DE
:1047C000090000006A0900004100000072090000B1
:1047D000110000008A0900000B2000007A09000087
:1047E0000D20000048660408EC47040888630408AC
:1047F0003700000006000000FC470408BA00000073
:104800003A1200009A0B0000E0C804081A100000D9
:10481000F4C8040822100000E8C80408EA120000E6
:1048200000C90408F212000000C904084866040820
:1048300034480408886304086F0000000D0000007D
:1048400044480408BA0000005A120000120B00008D
:10485000A40C01200A1300004C5D04081213000090
:10486000385D04085A0E0000C85C04088A0B00007A
:104870006A0300008A0F0000FC5C04081A0D0000A7
:10488000AC5C04082A120000205D0408321200000B
:10489000285D040822120000185D0408D20F0000F1
:1048A000500C01209A1000000C5D040848660408B2
:1048B000B4480408886304084F00000009000000A1
:1048C000C4480408BA000000BA120000DA1100005F
:1048D000645D0408E21100005C5D0408EA11000058
:1048E0006C5D0408AA1200008C5D0408B21200007E
:1048F000945D04089A1200007C5D04089212000086
:10490000745D0408A2120000845D0408486604086F
:1049100014490408886304083701000026000000D9
:1049200024490408BA000000CA1200003A1200002C
:1049300020CB0408D211000014CB0408020B0000A5
:10494000FCCA0408920B00000CCB0408820B000088
:1049500004CB0408EA08000005000000B2080000CB
:10496000010000006A070000030000000A0A0000BE
:1049700001000000E209000001000000A2080000A0
:1049800001000010CA090000010000208A08000090
:1049900001000030D2090000010000409208000030
:1049A00001000050DA090000010000609A080000D0
:1049B0000100007052070000010000803A0700006B
:1049C0000100009042070000010000A02A0700003B
:1049D000010000B04A070000010000C032070000DB
:1049E000010000D062070000230000005A07000009
:1049F0002D0000003A080000010000E0420800001D
:104A0000010000F04209000001000030FA09000036
:104A1000010000208208000001000050C2090000CF
:104A200001000040BA08000001000050EA0900003F
:104A300001000040C208000001000070F2090000FF
:104A40000100006022090000010000401A07000078
:104A500001000080EC64040879080308EC64040891
:104A600049610008EC640408A5650008886304082F
:104A700017000000020000002021040888630408D9
:104A8000FF0000001F0000002021040888630408C4
:104A9000EF0000001D0000003021040800000000AD
:104AA00070650408006804087065040800000000D0
:104AB00070650408B45F0408706504080000000015
:104AC00070650408006804087065040800000000B0
:104AD00070650408F4610408706504086900030245
:104AE0000600000083000102000000008863040843
:104AF0000F00000001000000302104088863040852
:104B0000DF0000001B00000048210408EC640408DA
:104B1000C90D0308EC640408F10D0308EC640408F3
:104B2000190E030804650408410E03080000000084
:104B30003D1703086C1A7B1A8B2881F4E3635253E8
:104B40009BACEBB77DB504965C7AEAB895E253E28C
:104B50004A9A40A606A6BFAF19B0529DFF511AB798
:104B6000F69BB82E37C2171120EC461561A327AB70
:104B70003A2C19FB53AD86259AA05CFF86A6A54F5B
:104B8000E387B6675E65A48579D7AC97EA7FFFF8BF
:104B9000B4871787C515D8BEE99928C36E73A9C015
:104BA00001E736D791765776F475CEBD36BEBF5B3A
:104BB0000F6585D44C98CD8312FC0314048E3EC639
:104BC000F07EDFC0778A7D617485B30C010764CC09
:104BD0009100F71BB314CA9632BE0FDFF9C62AA3A1
:104BE000DB28215325FFB31BECF076760842995C55
:104BF000AD8D233DC41782176118BBE17A8D70C655
:104C0000A2F422D131F2B81E4C84C4CF4E2BC4C3BF
:104C100083B40330428868375B777F5403549DAE7A
:104C2000383EC82300BB61FFBF5454194FCFDA4947
:104C3000BF4B5E29D9C53C0B7D6D85891BA013A395
:104C400044325AF9B01EC7C67C7250E5388F1FBE79
:104C5000CD8197813C8FE048913C8464F65097A2C7
:104C6000E5A09C5C6199B65D4D38038706B04EBFE8
:104C70002E3374CAB6F468DA9B65E0C8F4C9C59DE2
:104C8000DB3D3314B4DB7A4CD2DBED4476E8F32D14
:104C900015DCA959CE7D7E3A0241DBC86EDB059951
:104CA0002DA972249CFACDC491760F712D1F450356
:104CB000E92F7A2DC0B50FDC04DE43CA71BA942304
:104CC0007796C11110DD582885BEC82474729312DE
:104CD000CC32C334CA3435ED25BE35447D4661C17E
:104CE000E54469821C98063937BDED9C2702029085
:104CF000616E96C36E18667D90B278ACBAB0106DD6
:104D0000AD8C562DAF2DD627876B681D945C7050E7
:104D10002A7F833CC29547B7172D5A480453735ACC
:104D2000282A06DD236F78C2535D494EF7689AE55D
:104D3000A6AB3E119E03B9C1FCEC259247BEFDD146
:104D4000F613628B406FCE6CFFB9CB1CCC0E632484
:104D5000B0B0213F40917323C1D5ED34962235BBCD
:104D6000B143731ED470522BCB62D1F16944AF4270
:104D700025C0F566BF99ECD1A2751E16E4585B28D4
:104D80003789FD5C8767796FBCD11FA987E588CE1D
:104D90007EC1F374F51A6AD51C704DF03A19050CF2
:104DA0009AD98FD9719AEFD51C22C229F770F47065
:104DB000BB7E8D95B081873FAFDCBE2CA33ED27009
:104DC0006A59BFF9E5F9E7F99190ACA15646A16E91
:104DD0003C2815D0E0AC285AABC192759D758D4129
:104DE000389F2203EB0C6E1838E80459DC8A2E0138
:104DF000B1903F20B9A64973EA270B631360B5F45D
:104E000060CC6AD3214497F7D2F0A35821040883D9
:104E10001290218DCE6760F8BC8EFE61D6A1E5614F
:104E200014B198AFF22F9DAE1AA5B1E042325A31BB
:104E3000F0C15B99F871B1B901F5F67C073C0E6DD4
:104E400017D4C9F3BFD36E0A1DF6583700000515F5
:104E50007A8FAFB585B58FB58AB5BD94FAB5A7F988
:104E60002BC5FD356DBA45F840F82639F7C85FA562
:104E7000161BCF32E2B08E13FF30E2387915027381
:104E80006B00100B323ED0CD2D8C975A21DE07924D
:104E900091BFF0E0F2291662209C5C2083ADEA000D
:104EA000AFE2FF69DC83BA2D1768C698A16581E17E
:104EB00061F1EA1C948F20FF25969687B6279532DC
:104EC000443313336B97C2C6EB3CF73176A3227D94
:104ED0005CB20D70DC4CB48C7CA03367C0FFE0DBAF
:104EE000A64D3FFCFA1EB8040A231BA39BA61EC0B6
:104EF00063E8003426333574333BC0179D498CB0CA
:104F0000B770286F7B2812541653EB37A89AB6BE99
:104F1000FC805BF8B57FDDA7E3538F21A75C326D82
:104F200001136240271D896A3BA1C6CBE5B9CEB704
:104F3000B9430B7C4288908DD13A1C5E2A73BF2CFA
:104F40002D7354C61A5EB7F94BBFF919638A492508
:104F5000D0F7252AD29CE92BE725A5003B95797748
:104F6000B976238F278FD4A86CA3BF9D5E15B73366
:104F700085EF74E862AF57369D36508D291E2E8D11
:104F8000C4B2B344D83EFD419D7FB4762794B78226
:104F90004E347DBE98A8E6ACCC8D346A808CD41596
:104FA000545195D6C4820EDB2B65C5E2C65FDCED9D
:104FB0007811713E3570465FA746B38FB6826D4A51
:104FC000F7770878CC1309885D6849F36337314275
:104FD0000E0B69D538BB29F02D0016C5DC2E549870
:104FE0001BD1DB03318A63012ADCFF9AC59D5798E8
:104FF00073775AD7F286A7B3210988EF20EC030311
:10500000040707080407080505040707060808073A
:1050100006060A070E09060A0608050C0C0A060C05
:105020000B06030607060606080A05090707060B0E
:105030000C080803040305050504060D0408090906
:105040000905060E0B0707060703030606050A08EF
:105050000B0A0C0C0B0C0B06120804090D040606B7
:1050600006050509060C04040A09090709090F07C2
:105070000B08080B0A080E0C0C0B0D0808040B0A91
:105080000706040503090A040504050405050A03C7
:105090000804040C060C09080806040606070504A3
:1050A000070B07070708040304070508040607079A
:1050B00007070705090A1106070703040405010786
:1050C0000606090304050908040305040904040984
:1050D00006050505040805070809080502090B0B64
:1050E00006080507090B0707080504030705080458
:1050F0000E0703050C13020505070A090805050834
:105100000A0808040808050608040604050305043F
:10511000080705040320070908080A030406060710
:10512000040A03070703090204090904040A06051F
:1051300002050805040407070F080303040F090705
:10514000070609020904040408080708050A0806F6
:105150000604040607060A0B0A060A0603060406E6
:1051600005080805060A0409050605060603141BBA
:105170000303040304040909090A080804050709CC
:105180000705060B0A04070C0505000007010101CD
:1051900001080108090B09080B0B08080708070894
:1051A0000A0807080C080B070F0E0E0D0808090D5A
:1051B0000B100A08110B0B090813070D0C0D0B0A35
:1051C000090A110303030604040809080508030B70
:1051D0000505050405040306030804040604060A7D
:1051E00003070707040205060307070A07070A075C
:1051F000050404030403040606050604030B040661
:105200000403030703050504080806070407050649
:1052100005060604040303070A040605050A0C0430
:105220000403050305050805040605050506050331
:105230000A09080A09070707080B0C0A0A06090CDD
:10524000060706080A08060A060A070706070607E9
:105250000708080D0B0B080807080B0A080C0807BD
:10526000070B0700AC580408D90000800A000000B2
:105270008C010000344B0408FE4F04087EBB040878
:1052800074C00408BDAF0408E7BA0408A4B0040859
:105290009BB00408C2AF04088CB2040867B00408CD
:1052A0005CB10408197A040826B204084FB0040857
:1052B000FDAF04087AB0040857B0040805B004082C
:1052C00081B00408C3B104086EB20408B8B1040880
:1052D0001EB20408F4BC040804B204085FB2040857
:1052E00030B10408CAB10408E8B204084FB1040898
:1052F0001EB1040811B1040894B20408BFB2040836
:1053000072B1040875B204087FB10408F9B1040849
:1053100050B2040866B20408D8B204089FB2040868
:105320009DB10408D8B1040830B20408A4B104083F
:10533000C6B20408F5AF040823B00408FDB10408A0
:1053400041BC0408E4AF0408F5B00408FEB004084A
:1053500076B004082BB20408A7B204085AB00408B7
:1053600008B004082CB0040884B0040872B804081B
:10537000AAB104086DB1040863B10408DBB00408E5
:1053800007B10408EBB00408E5B0040848B104080C
:10539000F3B6040840BF040857B204083BB204083F
:1053A000D1B10408D0B204080E7A0408E4B20408AB
:1053B00048B004080EB20408ACB2040892B1040864
:1053C000DFB2040886B1040881B20408B2B204084E
:1053D0003BB10408EDB1040843B20408E1B104088C
:1053E00055B104082FBB040815B2040812BA04080A
:1053F000FEB8040864BC0408A6B2040859B0040846
:1054000007B004082BB0040883B004086CB104088A
:1054100062B10408ABB2040817BD04082BB104083C
:10542000D6B0040881B40408A0B504086DB404081B
:10543000E6B30408E7B50408F1B4040826B5040887
:10544000DEB30408C5B4040840B504086DB304080D
:10545000FBB40408D3B50408C7B30408B9B50408FD
:1054600025B304088AB30408DDB40408D0B30408E3
:10547000AEBB040836B80408BAC0040808B904086A
:105480003DB004087ABA0408D0BF0408BCBE0408C2
:10549000AAB90408BBB6040858B9040875BF0408C3
:1054A00043C004088BC0040810BB04089FB904085B
:1054B000C7BA040819B0040899B9040832B004083E
:1054C000FDBA0408DEB9040826B7040890BF040832
:1054D00037B704084DBC040812BF040837BC0408E1
:1054E00009BF04082AB9040832BA040849BA0408F2
:1054F00094BC04087BB704086AB80408BFB9040860
:10550000BEB7040826BF0408B0BE0408FEB70408EE
:10551000309804082EBF0408EFBA0408BDBB040885
:10552000BDBE0408ABB90408C4C004080EB004082A
:1055300017BA040859B60408A2B70408AFBF040894
:10554000D1B8040834BE0408F8BD040880BC0408BF
:105550001DB9040848C0040897B70408ABB804088C
:105560000BC00408DDB704085DB70408A2B6040840
:105570005CB8040801BC0408C1BE040839B90408B9
:1055800087B80408D6B70408B2B70408D9B8040825
:1055900062B9040894B60408B7BB0408B9B7040894
:1055A000ECB70408A7BF040821BC0408DEAF040858
:1055B00018BE040825940408F9B704085BBA040867
:1055C00036BF04088DBC0408C8970408CDBC040885
:1055D000B0B9040851B7040866B904081FBC040830
:1055E0007FC00408FBBE040860BF040807940408D9
:1055F00053B6040899B60408609E0408A2BB0408C8
:10560000DDBE0408A6BC040814B9040813BC0408D1
:105610005EB60408EAB90408F4B90408A9C004088D
:1056200006BC0408B6B9040825BC0408FCBB040881
:1056300083C00408A1C0040848B8040828B80408B6
:105640006FB9040842BB04082CBE04084DB9040815
:105650002AC0040851BB0408BDB80408B4BB040840
:1056600082BA040860BA04087FB80408BFBF0408FF
:10567000E0B60408E9B804084BB90408C1BA040844
:1056800057BF04086ABF0408FAC2040897C3040895
:1056900079BB0408EFBD040823BE040819BC040844
:1056A00052B60408B4BC040857B80408E0BA0408A9
:1056B000B0B604081DBE04088EB90408D8AF0408AB
:1056C00014B00408F5B7040825BA0408027D0408DC
:1056D000C0B904080B9B0408BFB6040833B904081A
:1056E000A6B60408C3B7040882BB04085AC004085D
:1056F00007BB04083BB9040898C0040821B8040893
:105700003CBE04082CB8040806B80408C3BA040850
:105710000ABA040854B804084CBF040839BA04088B
:1057200062A4040839C30408C9BB04085FBB0408A9
:10573000C5B9040800BA040869C0040891C0040887
:1057400079B80408E7B9040843BA0408B4BA0408ED
:1057500031BC040861BA0408B1C0040880BF040861
:1057600052C0040869BB0408CCC00408F1AF0408A7
:105770001FB00408BAB9040854BC040898BB040854
:105780009FBE0408B7BF040890BA0408CCB7040849
:105790006FB8040844BE040820BA04083BBF0408DC
:1057A0003EC00408A3BA04089DBC040872BA0408E9
:1057B000EAB60408F8B804085EBB040818B8040880
:1057C00066BA040892B904082978040805BA0408DE
:1057D0001FBF04084EBA0408C2BB0408C7BE0408B1
:1057E00074B90408D7BF0408ADBC04081FC004087E
:1057F00060B0040811BB0408E5B70408A0B90408A8
:1058000051B90408E0BB04088DBE0408E9BE0408D1
:1058100075B70408137604084EBE040806C00408D1
:1058200097B80408E3B80408E8BD040801BB0408FD
:1058300018C0040850BF040866B604088DB70408F1
:10584000A1B8040805BF0408C8BA04089AB9040836
:1058500030C0040856BA04083D76040809B70408A5
:10586000B5B6040834C0040840B9040896BE04085C
:10587000F2BE040831B804089CB6040859BE0408F6
:105880009FC00408ACBA040821BB040837C304084D
:1058900097BA04089BBC040804BF040827BB04088B
:1058A0008BBB04084EB80408D5C0040800000000F3
:1058B000000000000A000000D90000004C4E04085F
:1058C0008A510408DAC00408DAC004088CB4040859
:1058D0009C940408107F0408328404082E7F040876
:1058E00092B0040848B60408EEB304081CB50408D6
:1058F00028B4040877B4040897B50408D1B40408A0
:1059000034B40408BEB304088EB50408B1B5040865
:1059100064B404084CB4040854B4040876B304080E
:1059200081B3040825B60408DEB5040897B304085B
:10593000B4B4040840B40408BDB40408E4BC0408CA
:1059400082BD040845BD04085FC30408D3BC040835
:1059500075BE040863C304087C9E04089DBD04084A
:1059600071BD0408C3BD0408CEBD0408E2BF04082D
:1059700091BD0408D7BD040824BD040861B804081B
:1059800003BD0408DCBC0408A9BD04082EBD04083E
:10599000269E0408B7BD04089CBF04083BBD04084C
:1059A00054BD04085FBD040819BE0408BF94040870
:1059B000B6C0040813B70408179404086DBA0408A5
:1059C000A7BE040887C00408A9B704086FBE04086E
:1059D000D6A90408C5BC0408B8A904082BBC04084F
:1059E00081B8040812C00408BFC00408E29F04087C
:1059F0001BC40408C9BC040856B7040822B704082D
:105A0000CAB904082DBA04088FB604081FB70408E1
:105A10002CB70408F3A4040861BE0408F68904083E
:105A200008BE04087EBE040800BE0408A5B9040828
:105A3000EC85040879C00408FABF0408CCBF040848
:105A40004AB6040888BF040882B70408BDBC04082D
:105A50006DB70408D2BE040872BC0408DF9A0408BB
:105A600088BC04080BBB040894C00408FFBE0408EB
:105A7000ED910408F79F040811B8040886BE0408D5
:105A8000BFBC0408EABB0408F8BA0408DCBB04087D
:105A900015BB0408EF9A0408B9890408DBBA0408A6
:105AA000A69F04080ABC040888BA040865C0040854
:105AB000CABF0408D0B704084B750408D3BB040858
:105AC0003FB8040823B9040865B70408E3BD040817
:105AD0008FB804082BB7040878C0040831B704084D
:105AE00095BF0408F1BB04082D7704081AB7040811
:105AF000E6BB040871BF040810BE0408ACBF04086C
:105B000001C0040802B7040896BF0408F4BF0408E3
:105B1000D3B9040844B704087BA004080EBC0408E9
:105B20004BA60408F2BB0408BDBA04087ABC0408FA
:105B30006EC004086CBE04080BB80408977504080E
:105B4000CAB8040874BC040870B0040817B9040883
:105B5000D39A0408F2B80408F8BB0408ACB00408EF
:105B6000CCB0040889B00408C1B00408B7B0040878
:105B7000E9B404080BB3040832B30408F7B304080B
:105B80003EB6040807B50408ABB3040854B30408D0
:105B90005DB4040836B504080AB604085FB3040807
:105BA00049B5040887B5040813B30408C8B5040848
:105BB000F9B2040866B3040859B50408AAB5040884
:105BC00011B4040843B3040800B40408A4B30408DF
:105BD000B6B3040894B4040814B504082DB6040838
:105BE0001CB304083AB3040817B6040864B50408E3
:105BF0001CB404084BB3040808B404089BB404089C
:105C000035B604087BB5040870B5040802B304086F
:105C1000FDB50408ABB4040851B50408F1B204089A
:105C2000F1B50408A3B40408696D706F72742000A4
:105C3000BC640408195203081C6504080800060027
:105C4000495203081C65040808000800EDD2020848
:105C5000D464040801D30208D464040875910308CD
:105C60001C65040804000200A99103081C650408CF
:105C700006000400A59403081C650408060004003F
:105C80006D950308D4640408D59503081C650408C1
:105C900004000200F9950308D4640408FD96030883
:105CA0001C65040808000400359703081C650408F7
:105CB00002000000F1D4020800680408000000009F
:105CC00018000000777B0408C86104080400000085
:105CD0009A030000E45C0408B85C04080D060000A8
:105CE000D4300408786804080400000003000000B1
:105CF00039000000010000009210000070650408E7
:105D00000A00000002000000343404081C65040886
:105D1000040002001DD50208707304080200000090
:105D20007073040800000000707304080100000094
:105D3000285D0408D5D40208786804080300000030
:105D400007000000090000000100000000680408CE
:105D50000000000045000000C3940408D464040857
:105D6000F1A90308D4640408C5A90308D46404088D
:105D700015AA0308EC64040839AA0308BC640408E3
:105D800089AA0308EC64040899AA0308BC640408FF
:105D9000C9AA0308BC640408D9AA0308A8680408AF
:105DA00000001E00010200000003000000000400CB
:105DB000352A0208052B02084D2902084C5E04080A
:105DC000A868040800001F00010200000003000092
:105DD00000000400352A0208052B02084D2902089C
:105DE0004C5E0408A86804080000200001020000BE
:105DF0000003000000000400352A0208052B0208F9
:105E00004D2902084C5E0408A8680408000021001F
:105E1000010200000003000000000000352A020813
:105E2000052B02084D290208A8680408000022007A
:105E3000010200000003000000000400352A0208EF
:105E4000052B02084D2902084C5E0408A8680408C6
:105E50000000240001020000000300000000040014
:105E6000352A0208052B02084D290208085E04089D
:105E7000A8680408000025000102000000030000DB
:105E800000000400352A0208052B02084D290208EB
:105E9000085E0408A868040800002600010200004B
:105EA0000003000000000400352A0208052B020848
:105EB0004D2902084C5E0408A86804080000270069
:105EC000010200000003000000000400352A02085F
:105ED000052B02084D290208A4600408A8680408DC
:105EE0000000280001020000000300000000040080
:105EF000352A0208052B02084D290208485F0408CC
:105F0000A868040800002900010200000003000046
:105F100000000400352A0208052B02084D2902085A
:105F2000485F0408A868040800002A000102000075
:105F30000003000000000400352A0208052B0208B7
:105F40004D290208085E0408A868040800002B0018
:105F5000010200000003000000000400352A0208CE
:105F6000052B02084D2902084C5E0408A8680408A5
:105F700000002C00010200000003000000000400EB
:105F8000352A0208052B02084D2902084C5E040838
:105F9000A868040800002D000102000000030000B2
:105FA00000000400352A0208052B02084D290208CA
:105FB0004C5E0408A868040800002E0000010000E0
:105FC0000000000000000000150C0308A868040889
:105FD00000002F0001020000000300000000040088
:105FE000352A0208052B02084D29020838600408EA
:105FF000A86804080000300001020000000300004F
:1060000000000400352A0208052B02084D29020869
:106010004C5E0408A868040800003100010200007A
:106020000003000000000400352A0208052B0208C6
:106030004D2902089C5D0408A8680408000032008D
:10604000010200000003000000000400352A0208DD
:10605000052B02084D2902084C5E0408A8680408B4
:1060600000003301010200000003000000000400F2
:10607000352A0208052B02084D2902084C5E040847
:10608000A8680408000033000102000000030000BB
:1060900000000400352A0208052B02084D290208D9
:1060A0004C5E0408A86804080000340001020000E7
:1060B0000003000000000400352A0208052B020836
:1060C0004D2902084C5E0408A86804080000350049
:1060D000010200000003000000000400352A02084D
:1060E000052B02084D290208085E0408A868040868
:1060F0000000360001020000000300000000040060
:10610000352A0208052B02084D2902084C5E0408B6
:10611000A86804080000400101020000000300001C
:1061200000000400352A0208052B02084D29020848
:1061300034610408A8680408000037000102000068
:106140000003000000000400352A0208052B0208A5
:106150004D2902084C5E0408A868040800003800B5
:10616000010200000003000000000400352A0208BC
:10617000052B02084D2902089C5D0408A868040844
:106180000000630101020004050006030700000887
:1061900071680008356900081D680008656E000810
:1061A00055620008056A0008356700086C4A040853
:1061B000A86804088000DD01000000000000000164
:1061C00000000000CD670008A868040800009D00DA
:1061D000000100020304050600000000CD190208BA
:1061E000A98C02083188020865190208FD8B020893
:1061F000118A0208A868040808003E000102000392
:1062000004000000000000007D700008BD70000860
:106210003D71000849700008A868040800006E017C
:10622000000002030401000000000000817100086A
:106230000D72000839720008AD710008A8680408E2
:1062400008044000010200040500060307000008DE
:1062500081740008356900081D680008656E000833
:1062600055620008056A0008356700087C4A040882
:10627000A8680408000042000102000003000405B1
:10628000060000075176000881840308D1730208D4
:1062900071780008A95D0208258202088C4A04086A
:1062A000A86804088001EE00010200000000000060
:1062B00000030004D59903081D9B0308DC22040891
:1062C00068C80408A8680408000001000000000075
:1062D0000000000000000000A86804082000B501CC
:1062E000000001000000000000000000E58300083D
:1062F000A86804080000450001000000000000003C
:10630000000000008D710308A868040820007801CF
:10631000000002000001000000000000A91F0208A8
:106320007D850008A868040800007A0100000000CC
:106330000000000000000000A86804080C007E01B6
:106340000102000304050000000000005DCB00080E
:1063500001CD000899CD000835CB0008E1CA00083E
:10636000A868040800008E01010000020000030478
:1063700000000005D9D20008ADD4000829D40008D7
:10638000FD5E020874250408A868040800004B009C
:10639000010200030400050600000007152602089C
:1063A000ADDA000809DD000801D500089DDC000811
:1063B000DDD80008FC250408A868040800008F0147
:1063C000000100020300000400000000CDDF00080F
:1063D00061E00008DDDE000825DF0008A868040889
:1063E0008000DD010000000000000001000000004E
:1063F0005DDF0008A868040880009D01010000001E
:10640000000000020000000099ED000819ED0008EE
:10641000A86804088000AB01010000000000000231
:106420000000000085F4000829F40008A8680408AA
:106430000C00AC0101020003040000000000000099
:106440003DF70008E1F7000819F80008D1F6000848
:10645000A868040800000A01010000000000000014
:106460000200000365050108C9040108C42A0408E4
:10647000A86804080800B401010200030400000534
:1064800000000006F15B0308AD5C0308B15E030881
:1064900051550308B1580308102C0408A8680408D3
:1064A0002000B50100010300000200000000000010
:1064B0003D1301082D310208CD100108A868040819
:1064C0006000B501000001000000000000000000B5
:1064D0006D130108A86804086000B5010000010000
:1064E0000000000000000000D1130108A8680408A3
:1064F0006000B50100000100000000000000000085
:106500003D140108A86804086000B50100000100FE
:106510000000000000000000A9140108A868040899
:106520006000B50100000100000000000000000054
:1065300019150108A86804088000B80100010000CE
:106540000000000200000003D52B0108892B010880
:10655000F82F0408A86804082000B8010000020011
:1065600000010000000000002D310208CD2C0108C0
:10657000A868040800005E00010200030400000097
:10658000000000053D490208514B02087D4C0208FD
:106590009D40020848310408A8680408000015015D
:1065A0000100000000000000000200002D40010872
:1065B00074310408A86804088000DD0100000000B0
:1065C0000000000100000000F9450108A868040867
:1065D00000006C0001020003040005060000000733
:1065E00031590208654D01085950010889480108D0
:1065F000614E0108654B0108D0320408A868040800
:106600008000720001000000000000020000000095
:10661000855601080D560108A86804080804F5010C
:106620000100000304000602070000055D5A01088E
:106630001D680008656E000855620008EC4A0408F1
:10664000056A000835670008A86804080000F90119
:10665000000100000002000000000000556F01086A
:10666000C56D0108A868040800007500010000005D
:1066700000000000000000029D0D030830690408BE
:10668000A868040800001F010102000304000506B9
:106690000000070815260208ADDA000809DD000829
:1066A00001D500089DDC0008DDD8000888630408D7
:1066B000FC250408A868040880000F020000000000
:1066C0000000000100000002CD170308CC69040897
:1066D000A86804088000DD0100000000000000013F
:1066E00000000000E91C0308A86804080000140268
:1066F000010000000000000000000002D920030893
:106700003C6A0408A868040800007C000103000437
:106710000002050600000000912F03085D2E03080B
:106720002D3003084131030885300308C12E0308CA
:10673000A86804088000DD010000000000000001DE
:1067400000000000E12E0308A8680408800026026B
:1067500001000000000000020000000009470308DB
:10676000CD460308A86804080000270101000000C6
:106770000000000000020003355C0108446B0408BF
:1067800040340408A868040800008C0001020003DB
:106790000400000500000006F15B0308AD5C03087F
:1067A000B15E030851550308B1580308A4700408EA
:1067B000A8680408000001000001000000000000BB
:1067C000000000002D650308A868040800003E02D0
:1067D00000030001000200000000000049670308F8
:1067E00025660308D9660308A86804080000940019
:1067F0000100000000000000000000008D7103088F
:10680000A8680408000097000102000304000506C0
:1068100007000008F1830208A5C30308EDC50308BB
:10682000D1730208598C0308C56A02082582020840
:10683000FC4A0408A8680408800134010102000031
:106840000000000000030004D59903081D9B030805
:10685000D0C8040868C80408A868040800009A00A2
:1068600001020000000300000000000029A203084C
:10687000B5A2030829A00308A868040800009D0029
:10688000010200030400050600000007458A020813
:10689000258B0208A98C020831880208FD8B0208AA
:1068A000118A0208CCCA0408A868040800009E00E7
:1068B00001020300000400000000000091B703087B
:1068C000F5B70308E1B6030875B40308A86804081F
:1068D0008000A50001000000000000020000000090
:1068E0003DD70308BDD60308C5C3BA00AE1410AB2C
:1068F00012B4AF001C650408FFFF0300D5050308B0
:10690000BC6404086D080308EC640408510C030817
:10691000D4640408D10C0308D4640408DD0C030813
:10692000E86704081869040804650408290D0308C9
:106930008863040827000000040000004069040880
:106940008A00000010690408C200000020690408E1
:10695000A20A0000286904085A0A0000086904080D
:10696000886304080F00000001000000706904083B
:10697000BA000000121000003030303030303030BB
:1069800030303030303030305F3030302C303020EC
:106990002020202020202020202020202020200017
:1069A0001C650408FFFF0100551703081C65040857
:1069B000FFFF010069170308BC6404087D17030882
:1069C0001C65040806000200891703088863040890
:1069D0002F00000005000000DC69040822110000FF
:1069E000186A0408FA120000246A0408C20F0000A2
:1069F000046A04087A1000000C6A04089A0E000069
:106A0000C069040804650408951803081C65040897
:106A100004000200191903081C650408060004009C
:106A2000251A0308EC640408A11C0308EC6404089C
:106A300061200308EC6404089D20030888630408AF
:106A40001F000000030000004C6A0408DA0D00007B
:106A5000346A0408A2110000846A04086A0C000069
:106A60002C6A040801000300060000000100030076
:106A7000060000000100030006000000950103006D
:106A800006000000EC64040829210308000002004D
:106A9000682C0408F022040800000200142D0408E9
:106AA0000823040800000200902D04082023040895
:106AB000000002004E2E04083023040800000200EB
:106AC000182F0408382304088863040827000000EE
:106AD00004000000D86A04086A0F0000F86A04087D
:106AE0005A110000046B04088A040000106B0408AB
:106AF000421200001C6B04081C6504080800040016
:106B0000693403081C65040808000400A534030860
:106B10001C65040806000400BD3403081C65040855
:106B20000A00060041360308A868040800001E0297
:106B30000001000000000000000000028134030892
:106B4000C86A0408C15C0108155D0108AD5B010855
:106B500000000000613262A8332233222121212269
:106B60002122222422222322262527242432626263
:106B7000A4A43131223122313131313131626223E9
:106B8000622323232323223362223362A52200625D
:106B900062131262212432132262331363222322EE
:106BA00033136222226112621813623262121223BC
:106BB0001D15626212126213633212226262333155
:106BC0003131621913322412632462322363316239
:106BD0006212646212241212192222211212151258
:106BE000131232621C1262121262331312122262E8
:106BF00022331262122233633313222262132212CF
:106C0000A523122201303E20422043201A100810F2
:106C100054104630551045305B107D2054205D10D7
:106C2000062055305A205A101B109D202B1017108B
:106C300019102D10363039202C105E3024106B20A6
:106C4000211061202410632022106D2028106D2057
:106C5000141080206E301510702023101A205B1045
:106C60007D20713079302F101A205B107D20793013
:106C700020109D20251036205B107D2079302E10AD
:106C80005B107D20732030107A205B107D20522015
:106C900080207F301E20813027104C305B108020F8
:106CA00027104C305B1082201F202A1083201210E6
:106CB00029108320232084204110232024203A10EF
:106CC00025203B1026203C102720882028208920C2
:106CD0008B208A208C208B208D208F3016109020C6
:106CE0008E3090208E3054109130551056109230C6
:106CF000571058109F3059105410A430551056108A
:106D0000332057105C10081098205A10802035301E
:106D10005B10993080205A1080203B3018100810EA
:106D2000A3305B107D203110AE305B1080205E10F0
:106D30008020051053206F2005105220362040304F
:106D4000051042106C2030300510412038200320FF
:106D50004420151003205F10802047205A1048203F
:106D600049204A2008103B303C3041104B3046103F
:106D700008103B3008103B304D205A104E204F2059
:106D8000502008103C3041105130461008100810B7
:106D90006F20532004200510072008205D2060206C
:106DA00010201120122005205B20562057205C2047
:106DB000592058205E10592039200620222080209A
:106DC0005B10802058304C104D104E104F10511059
:106DD00052104910471048104A104B1053105010D1
:106DE00009200A200B200D200C2080205F3021106C
:106DF00080200E200F206C20622065206C30411016
:106E000064206A2054106A20551066205C100D1012
:106E1000081069306C2069301310081067205A1070
:106E200068205A1008105C1008105A105A10802060
:106E300014201520162017201820032038200220A7
:106E4000132003201820162072201C101A205B101B
:106E50007D20742078207720793078301E107630AD
:106E60005B107D208020693075201F105B107D2015
:106E70001D105B107D207B205A1080207C30131069
:106E800023207E20532005100610192007103210F1
:106E900080201C201B2023101E201D1080201D2060
:106EA0001E202020212034103510361037103810C5
:106EB00039102510852086202910251026108730AE
:106EC00029103D103E103F10401041104210441058
:106ED0004510431029202A203F10401033102B204A
:106EE0002C20972046108B20081009100A100B1038
:106EF0000C100D100F1010100E102D202E202F2012
:106F0000392092209320943022201A20AC20952002
:106F10005A10963093205A103020312032203520DC
:106F200034209A209B205B10803080209C305B10A6
:106F300080309E205A10222023203720A030AC2001
:106F4000A1205A10A23037205A105410A4305510E6
:106F5000A5205A10A620A720A82041108020461066
:106F600080208020A930AC203C20AA203210802034
:106F7000AC20AD2020109D2025101E20AB3023100A
:106F80008220AB30AF203620211080200001020487
:106F90000C0E101214151617191A1C1E222426295D
:106FA0002B31363D414546484A4E525456585A5C5C
:106FB0005E60626466686A6C6F7174777A7D8082E5
:106FC0008486888A8C91009395979A9C9E9FA3A40F
:106FD000A7A9ABADB0B3B5B8BABCBFC1C3C5C6C82D
:106FE000CAD2D5D7D8DADCDEE1EEF3F5F7F9FBFD4E
:106FF00000030406080A0C0E101214161F22232781
:10700000292C30323336393B3D3F414547494D4FBE
:10701000515A5C5E5F6163686A6D6F70727E8082D8
:107020008486888A8D8F91939597999B9D9FA1A324
:10703000A6A8ABADAFB1B4B6B8BDC0C20700A8A991
:10704000A6AAA700EC640408FD530308D46404084E
:1070500019570308D4640408315703081C65040851
:10706000FEFF0300715703081C650408FEFF0300C0
:107070001D580308EC64040835580308EC64040840
:10708000E5580308EC640408D5590308EC640408C7
:10709000ED590308EC640408355A0308EC6404084D
:1070A0005D5B03088863040897000000120000007D
:1070B000B4700408FA0A00004470040832020000A8
:1070C0004C7004084A02000054700408A20C00002E
:1070D00074700408820C00005C7004088A0C0000C4
:1070E000687004087A0E00007C700408820E0000AC
:1070F00084700408AA0E00008C700408D20E0000F0
:1071000094700408DA0E00009C700408C2030000AA
:1071100044710408020400004C7104084A12000083
:1071200054710408521200005C710408E21200005D
:1071300064710408FA0400006C7104088205000000
:107140000C4B0408D4640408795C0308EC6404085C
:10715000E95D0308EC640408195E0308EC640408A4
:10716000395E0308EC640408915F03081C65040899
:10717000FEFF0300B15F0308EC640408996603088E
:10718000D464040859670308EC64040839680308E8
:10719000EC6404087D6803081C6504080400020010
:1071A00061690308886304089F0000001300000061
:1071B000B4710408520A0000505C04083A0200004E
:1071C000505C0408620B0000887104082A0F00005C
:1071D00098710408E20A000080710408FA0B0000AC
:1071E0009071040852040000687204087A110000CB
:1071F0007072040812110000587204088211000015
:10720000787204081A110000607204089A110000D4
:10721000887204085A0F00004C720408AA1100007A
:10722000947204089211000080720408EA030000BE
:10723000605C0408F20300006C5C0408FA030000C0
:107240008C5C040822050000A05C04081C6504088E
:1072500006000200C16A0308EC640408716B0308AD
:10726000EC640408E16B0308EC640408C96C0308CF
:10727000EC640408196D030804650408C56D03086F
:10728000EC6404082D6E03081C650408080008005F
:107290005D6E0308EC640408396F0308216B030872
:1072A0009D6F0308C568030800000000A868040873
:1072B00000003F0201040000000000000002000383
:1072C000D16903089C720408A4710408D16A0308F8
:1072D000E872040800000000357203086D720308AC
:1072E0008572030800000000A868040880010901F5
:1072F000000100000000000000020003C572030846
:10730000D872040808730408886304084F0000005A
:1073100009000000187304087A0B0000D0720408FA
:10732000EA030000605C0408F20300006C5C0408DF
:10733000FA0300008C5C0408FA100000985C040852
:1073400022050000A05C04083A020000903B0408FB
:1073500062000000903B04086A000000445C0408DE
:10736000F9720308617303088572030801000000C5
:10737000A868040880013701000100000000000037
:1073800000020003C5720308607304080873040850
:107390004572726F725F48616E646C65720D0A00AF
:1073A0006279746520706F6F6C203000746872654C
:1073B0006164206C6564006572726F723A74687201
:1073C00065616478206372656174652074687265B4
:1073D00061645F6C6564206661696C6564006572F8
:1073E000726F723A74687265616478206372656165
:1073F000746520746872656164206D6963726F5092
:107400007974686F6E206661696C65640074687277
:10741000656164206D7000203D3D3D3D0D0A004DCD
:10742000656D4D616E6167650D0A00486172644665
:1074300061756C740D0A0055736167654661756C02
:10744000740D0A004275734661756C740D0A000D67
:107450000A3D3D3D3D200020424641523D000D0A7F
:107460004D4D4641523D00434653523D0020484653
:1074700053523D004D656D4D616E61676500486119
:1074800072644661756C7400557361676546617519
:107490006C74004275734661756C74000D0A464148
:1074A00054414C3A206E6C725F6A756D705F666114
:1074B000696C2076616C3D2570206E6C725F746F14
:1074C000703D2570206E6C725F746F704025702067
:1074D000495053523D256C752053503D2570204D29
:1074E00053503D2570205053503D25700D0A0041EA
:1074F0007373657274696F6E202725732720666128
:10750000696C65642C2061742066696C6520257344
:107510003A25640A000D0A464154414C3A205F5F07
:10752000666174616C5F6572726F722000454E4FC8
:1075300054535550007262007462006578630073A2
:10754000746172745F6E65775F7468726561640000
:107550005F6C6F636B656400417373657274696F10
:107560006E206661696C6564005F6E6F745F737531
:1075700070706F7274656400477A697046696C65F3
:107580000066696C656E616D65004C6F636B547964
:107590007065006578635F7479706500616371750B
:1075A0006972650072656C6561736500737461630F
:1075B0006B5F73697A650077616974666C616700F7
:1075C00066696C656F626A0072656C6561736520DF
:1075D000756E6C6F636B6564206C6F636B00616CC0
:1075E0006C6F636174655F6C6F636B0053534C45E4
:1075F00072726F72006465636F6D70726573730091
:107600005F6465636F64655F776269747300777246
:1076100061705F736F636B6574006765745F696445
:10762000656E740061737365727400637265617472
:10763000655F64656661756C745F636F6E746578B1
:1076400074007A6C69622E7079005F74687265618B
:10765000642E70790073736C2E707900677A69708C
:107660002E7079004D6963726F507974686F6E2D5A
:10767000312E32382E302D707265766965772D6126
:10768000726D2D2D776974682D00436C616E6720D3
:1076900032302E302E30006D705F6F626A5F69731A
:1076A0005F736D616C6C5F696E7428617267735B88
:1076B000325D29006E6F64652D3E6368696C6420DD
:1076C0003D3D204E554C4C202626206E6F64652D86
:1076D0003E6E657874203D3D204E554C4C006865EB
:1076E00061702D3E6E657874203D3D204E554C4CAA
:1076F000002E2E2F4D6964646C6577617265732F5F
:107700006D6963726F707974686F6E2F6578746DD0
:107710006F642F6D6F646173796E63696F2E6300A0
:1077200063616E27742063616E63656C2073656CA2
:1077300066002E2E2F4D6964646C657761726573E7
:107740002F6D6963726F707974686F6E5C70792FDA
:1077500070616972686561702E6800656D7074791A
:1077600020686561700063616E27742077616974B9
:1077700000696E636F72726563742070616464691E
:107780006E6700696E76616C696420666F726D6108
:107790007400686173682069732066696E616C00AB
:1077A00068656170206D7573742062652061206C5E
:1077B000697374002C200073796E7461782065728F
:1077C000726F7220696E204A534F4E0066756E6369
:1077D00074696F6E206D75737420626520627974B0
:1077E00065636F64652077697468206E6F206368D5
:1077F000696C6472656E00756E6D61727368616C40
:107800006C61626C65206F626A656374006E6F20E4
:10781000617661696C61626C65204E4943006E6FF0
:107820002064656661756C742073656564006269C7
:107830007473206D757374206265203332206F720B
:10784000206C6573730021227265637572736976AB
:10785000656C6F6F7022003C6D61746368206E759B
:107860006D3D25643E003C72652025703E002E2E45
:107870002F4D6964646C6577617265732F6D696300
:10788000726F707974686F6E5C6C69622F726531AB
:107890002E352F7265637572736976656C6F6F70C4
:1078A0002E630073706C697474696E6720776974F5
:1078B00068207375622D63617074757265730065FD
:1078C00072726F7220696E207265676578007265EA
:1078D00067657820746F6F20636F6D706C657800DA
:1078E0002122696E636F6E73697374656E74206EA6
:1078F000756D626572206F6620706F6C6C206163BD
:107900007469766520656E747269657322002E2E27
:107910002F4D6964646C6577617265732F6D69635F
:10792000726F707974686F6E2F6578746D6F642FE5
:107930006D6F6473656C6563742E6300706F732084
:107940003C206D61702D3E616C6C6F63002E2E2F9C
:107950004D6964646C6577617265732F6D696372DC
:107960006F707974686F6E5C70792F6F626A2E68C1
:10797000003C736F636B65742066643D25642074FE
:10798000696D656F75743D256420646F6D61696E06
:107990003D256420747970653D25642070726F7494
:1079A0006F3D256420626F756E643D25623E0069FF
:1079B0006E76616C696420617267756D656E747353
:1079C0000025752E25752E25752E25750074696385
:1079D0006B7320696E74657276616C206F76657268
:1079E000666C6F77002876616C5F7479706520260D
:1079F000203129203D3D2030003C73747275637442
:107A00002025732025703E004552524F520050549D
:107A10005200535452554354004152524159002E82
:107A20002E2F4D6964646C6577617265732F6D6983
:107A300063726F707974686F6E2F6578746D6F64A0
:107A40002F6D6F64756374797065732E6300737442
:107A5000727563743A20696E646578206F7574205E
:107A60006F662072616E676500756E6B0063616E94
:107A7000277420756E616D626967756F75736C79B7
:107A8000206765742073697A656F66207363616C23
:107A900061720073796E746178206572726F722002
:107AA000696E2075637479706573206465736372A1
:107AB0006970746F72007374727563743A206E6FBC
:107AC000206669656C6473007374727563743A2020
:107AD00063616E277420696E64657800520100044A
:107AE0000054797065202268656C70282922206610
:107AF0006F72206D6F726520696E666F726D617452
:107B0000696F6E2E0D0A00726177205245504C3B12
:107B1000204354524C2D4220746F20657869740DB7
:107B20000A00636F756C64206E6F742066696E6402
:107B3000206D6F64756C6520272573270A000D0A78
:107B40007061737465206D6F64653B204374726C63
:107B50002D4320746F2063616E63656C2C20437429
:107B6000726C2D4420746F2066696E6973680D0A0B
:107B70003D3D3D20003B205059424153452077690F
:107B800074682053544D33324634303552473600F2
:107B90004F4B003C696F2E25732025643E0008087A
:107BA000080800202020200028756E7369676E6524
:107BB00064296E203C2073697A656F66287674317B
:107BC00030305F636F6D6D616E6429001B5B4B002D
:107BD0002E2E2F4D6964646C6577617265732F6D0D
:107BE0006963726F707974686F6E2F736861726504
:107BF000642F726561646C696E652F726561646C77
:107C0000696E652E63001B5B25750028616C6C6FC7
:107C10007765645B695D2E666C6167732026204D15
:107C2000505F4152475F4B494E445F4D41534B2992
:107C3000203D3D204D505F4152475F4F424A002E4C
:107C40002E2F4D6964646C6577617265732F6D6961
:107C500063726F707974686F6E2F70792F617267BD
:107C6000636865636B2E630066756E6374696F6E1F
:107C7000206578706563746564206174206D6F732E
:107C80007420256420617267756D656E74732C2095
:107C9000676F74202564006B6579776F726420616B
:107CA0007267756D656E74287329206E6F74206914
:107CB0006D706C656D656E746564202D20757365DF
:107CC000206E6F726D616C206172677320696E73D4
:107CD00074656164002725712720617267756D6581
:107CE0006E74207265717569726564006172677582
:107CF0006D656E74206E756D2F7479706573206D6F
:107D000069736D617463680066756E6374696F6E24
:107D10002074616B657320256420706F73697469CA
:107D20006F6E616C20617267756D656E7473206231
:107D30007574202564207765726520676976656EA5
:107D4000006578747261206B6579776F7264206169
:107D50007267756D656E747320676976656E006510
:107D60007874726120706F736974696F6E616C20D2
:107D7000617267756D656E747320676976656E00F4
:107D800066756E6374696F6E20646F65736E2774B9
:107D90002074616B65206B6579776F726420617206
:107DA00067756D656E74730066756E6374696F6E6A
:107DB000206D697373696E67202564207265717523
:107DC0006972656420706F736974696F6E616C208D
:107DD000617267756D656E74730066756E63746944
:107DE0006F6E206D697373696E6720726571756956
:107DF000726564206B6579776F7264206172677554
:107E00006D656E74202725712700756E6578706525
:107E100063746564206B6579776F72642061726743
:107E2000756D656E7420272571270066756E637405
:107E3000696F6E20676F74206D756C7469706C6506
:107E40002076616C75657320666F7220617267754C
:107E50006D656E7420272571270066756E637469E1
:107E60006F6E206D697373696E67207265717569D5
:107E700072656420706F736974696F6E616C2061E4
:107E80007267756D656E74202325640066756E6378
:107E900074696F6E206D697373696E67206B6579A5
:107EA000776F72642D6F6E6C7920617267756D6586
:107EB0006E74006261642074797065636F6465003C
:107EC00062616420636F6D70696C65206D6F6465BD
:107ED00000506C757320616E79206D6F64756C65F0
:107EE00073206F6E207468652066696C65737973A2
:107EF00074656D0A00206973206F6620747970655F
:107F00002025710A00202D2D20006F626A656374A0
:107F100020006E6F206D6F64756C65206E616D65FD
:107F2000642027257127002E66726F7A656E2F00F8
:107F300063757272656E745F6D6F64756C655F6E8C
:107F4000616D655F6F626A20213D204D505F4F4239
:107F50004A5F4E554C4C002E2E2F4D6964646C6563
:107F600077617265732F6D6963726F707974686F72
:107F70006E2F70792F6275696C74696E696D706FA0
:107F800072742E630063616E277420706572666F71
:107F9000726D2072656C617469766520696D706FB1
:107FA0007274002F5F5F696E69745F5F2E70790075
:107FB00021286964322D3E666C6167732026204952
:107FC000445F464C41475F49535F504152414D2900
:107FD000004D505F50415253455F4E4F44455F49FD
:107FE000535F494428706E73312D3E6E6F64657324
:107FF0005B305D29004D505F50415253455F4E4FFD
:1080000044455F49535F544F4B454E28706E733162
:108010002D3E6E6F6465735B305D29004D505F507F
:10802000415253455F4E4F44455F49535F5354524D
:1080300055435428706E732D3E6E6F6465735B30CC
:108040005D29004D505F50415253455F4E4F4445AE
:108050005F49535F53545255435428706E735F62A7
:108060006F64792D3E6E6F6465735B305D29004DE2
:10807000505F50415253455F4E4F44455F49535FF7
:1080800053545255435428706E73312D3E6E6F64B5
:1080900065735B6E202D20315D29004D505F50418E
:1080A0005253455F4E4F44455F49535F53545255B9
:1080B000435428706E732D3E6E6F6465735B315D43
:1080C00029004D505F50415253455F4E4F44455F2C
:1080D00049535F53545255435428706E732D3E6E6E
:1080E0006F6465735B695D29004D505F5041525369
:1080F000455F4E4F44455F49535F4944286E616D6B
:10810000655F6E6F6465735B6A5D2900214D505F2A
:1081100050415253455F4E4F44455F49535F4E5562
:108120004C4C28706E5F696D706F72745F736F7501
:1081300072636529004D505F50415253455F4E4F69
:1081400044455F49535F5354525543545F4B494E26
:108150004428706E2C20504E5F646F747465645FA9
:108160006E616D6529004D505F50415253455F4E21
:108170004F44455F49535F5354525543545F4B49F5
:108180004E4428706E5F6E6F6465735B695D2C2072
:10819000504E5F696D706F72745F61735F6E616D79
:1081A0006529004D505F50415253455F4E4F444545
:1081B0005F49535F5354525543545F4B494E4428D3
:1081C000706E732D3E6E6F6465735B315D2C205055
:1081D0004E5F746573745F69665F656C73652900D3
:1081E0004D505F50415253455F4E4F44455F495398
:1081F0005F4E554C4C28706E5F656C736529004D61
:10820000505F50415253455F4E4F44455F49535F65
:108210005354525543545F4B494E4428706E732D4E
:108220003E6E6F6465735B305D2C20504E5F7466EC
:108230007064656629004D505F50415253455F4E52
:108240004F44455F49535F5354525543545F4B4924
:108250004E4428706E5F656C69665B695D2C2050CA
:108260004E5F69665F73746D745F656C6966290043
:10827000214D505F50415253455F4E4F44455F4939
:10828000535F4E554C4C28706E29004D505F504145
:108290005253455F4E4F44455F49535F53545255C7
:1082A000435428706E29004D505F50415253455F32
:1082B0004E4F44455F49535F5354525543542873BE
:1082C000636F70652D3E706E29004D505F504152B6
:1082D00053455F4E4F44455F49535F534D414C4CAE
:1082E0005F494E5428706E5F7374657029004D505D
:1082F0005F50415253455F4E4F44455F49535F5372
:1083000054525543545F4B494E4428706E732D3E72
:108310006E6F6465735B305D2C20504E5F746573C7
:10832000746C6973745F636F6D7029004D505F509A
:10833000415253455F4E4F44455F49535F5354523A
:108340005543545F4B494E4428706E2C20504E5F6D
:10835000746573746C6973745F636F6D7029004D1D
:10836000505F50415253455F4E4F44455F49535F04
:108370005354525543545F4B494E4428706E732DED
:108380003E6E6F6465735B315D2C20504E5F636F92
:108390006D705F666F7229004D505F5041525345BA
:1083A0005F4E4F44455F49535F5354525543545FAA
:1083B0004B494E44286E6F6465735B695D2C205099
:1083C0004E5F6465636F7261746F7229004D505F18
:1083D00050415253455F4E4F44455F49535F53549C
:1083E000525543545F4B494E4428706E5F65786325
:1083F000657074735B695D2C20504E5F7472795F99
:1084000073746D745F65786365707429002A2061E8
:108410007267206166746572202A2A00706F736922
:1084200074696F6E616C2061726720616674657239
:10843000202A2A00636F6D702D3E6375725F657828
:10844000636570745F6C6576656C203D3D2030001F
:108450006E5F706F735F64656661756C7473203EE8
:108460003D2030006E5F6B775F64656661756C748C
:1084700073203E3D203000636F6D702D3E6375723A
:108480005F6578636570745F6C6576656C203E200F
:1084900030006E203E2030004D505F504152534519
:1084A0005F4E4F44455F5354525543545F4E554DB4
:1084B0005F4E4F44455328706E7329203D3D203256
:1084C000004D505F50415253455F4E4F44455F53FE
:1084D00054525543545F4E554D5F4E4F44455328BB
:1084E000706E7329203D3D2033004D505F50415246
:1084F00053455F4E4F44455F5354525543545F4B71
:10850000494E4428706E7329203D3D20504E5F73C4
:1085100075627363726970745F330073636F706543
:108520002D3E6B696E64203D3D2053434F50455FA7
:108530004D4F44554C4500696420213D204E554C1B
:108540004C0073636F70652D3E6B696E64203D3D1A
:108550002053434F50455F434C41535300746F6B5E
:10856000203D3D204D505F544F4B454E5F4F505F77
:10857000504C5553207C7C20746F6B203D3D204D2A
:10858000505F544F4B454E5F4F505F4D494E5553D2
:10859000002E2E2F4D6964646C6577617265732FB0
:1085A0006D6963726F707974686F6E2F70792F6365
:1085B0006F6D70696C652E6300617267756D656EB5
:1085C00074206E616D6520726575736564004C483A
:1085D00053206F66206B6579776F726420617267D4
:1085E000206D75737420626520616E206964006E71
:1085F0006F2062696E64696E6720666F72206E6FAD
:108600006E6C6F63616C20666F756E640063616E83
:108610002774206465636C617265206E6F6E6C6F89
:1086200063616C20696E206F7574657220636F647E
:108630006500706E5F6B696E64203D3D20504E5F3B
:10864000766172617267736C6973745F6E616D6578
:10865000004D505F50415253455F4E4F44455F536C
:1086600054525543545F4B494E4428706E73292031
:108670003D3D20504E5F66756E63646566004D50EB
:108680005F50415253455F4E4F44455F53545255DE
:1086900043545F4B494E4428706E7329203D3D2062
:1086A000504E5F636C617373646566004D505F503C
:1086B000415253455F4E4F44455F535452554354C6
:1086C0005F4B494E4428706E735F626F6479292056
:1086D0003D3D20504E5F636C61737364656600734B
:1086E0007570657228292063616E27742066696E33
:1086F000642073656C6600706F736974696F6E6176
:108700006C20617267206166746572206B65797791
:108710006F726420617267006964656E746966696E
:108720006572207265646566696E65642061732098
:10873000676C6F62616C006964656E746966696517
:1087400072207265646566696E6564206173206E6F
:108750006F6E6C6F63616C00696D706F7274202A4C
:10876000206E6F74206174206D6F64756C65206C71
:108770006576656C00636F6D702D3E6375725F6525
:1087800078636570745F6C6576656C203E3D206330
:108790006F6D702D3E627265616B5F636F6E7469A1
:1087A0006E75655F6578636570745F6C6576656C22
:1087B0000063616E27742064656C6574652065785C
:1087C0007072657373696F6E0063616E27742061E8
:1087D000737369676E20746F206578707265737348
:1087E000696F6E006173796E6320666F722F7769AF
:1087F0007468206F757473696465206173796E6342
:108800002066756E6374696F6E00277969656C64A4
:1088100027206F7574736964652066756E6374696B
:108820006F6E002772657475726E27206F75747392
:108830006964652066756E6374696F6E0027617781
:1088400061697427206F7574736964652066756E3D
:108850006374696F6E004D505F50415253455F4ED7
:108860004F44455F5354525543545F4B494E44283F
:10887000706E7329203D3D20504E5F736C696365B7
:108880006F700027627265616B272F27636F6E74AC
:10889000696E756527206F757473696465206C6FE8
:1088A0006F70004D505F50415253455F4E4F4445ED
:1088B0005F5354525543545F4B494E4428706E7376
:1088C00029203D3D20706E5F64626C5F737461723D
:1088D000004D505F50415253455F4E4F44455F53EA
:1088E00054525543545F4B494E4428706E7331299E
:1088F000203D3D20504E5F636F6D705F666F72006C
:108900004D505F50415253455F4E4F44455F535465
:10891000525543545F4B494E4428286D705F706137
:108920007273655F6E6F64655F7374727563745F95
:1089300074202A29706E5F6974657229203D3D207C
:10894000504E5F636F6D705F666F7200696E766127
:108950006C6964206D6963726F707974686F6E20E2
:108960006465636F7261746F7200746F6F206D6104
:108970006E792061726773006B696E64203D3D20E3
:10898000504E5F636F6D705F6F705F6973004D5025
:108990005F50415253455F4E4F44455F53545255CB
:1089A00043545F4B494E4428706E7329203C3D2050
:1089B000504E5F636F6E73745F6F626A65637400BD
:1089C000657870656374696E67206B65793A766166
:1089D0006C756520666F722064696374002A782064
:1089E0006D7573742062652061737369676E6D6560
:1089F0006E74207461726765740065787065637465
:108A0000696E67206A75737420612076616C756584
:108A100020666F7220736574004D505F5041525351
:108A2000455F4E4F44455F5354525543545F4B4945
:108A30004E4428706E733029203D3D20504E5F77A4
:108A40006974685F73746D74006D756C7469706CB3
:108A500065202A7820696E2061737369676E6D6581
:108A60006E74006E6F6E2D64656661756C74206146
:108A70007267756D656E7420666F6C6C6F777320AE
:108A800064656661756C7420617267756D656E747E
:108A90000064656661756C74202765786365707421
:108AA00027206D757374206265206C617374006992
:108AB0006E76616C69642073796E746178004D50D4
:108AC0005F534D414C4C5F494E545F4649545328C7
:108AD0006172672900656D69742D3E737461636B03
:108AE0005F73697A65203D3D203000286D705F69B5
:108AF0006E745F7429656D69742D3E737461636B68
:108B00005F73697A65202B2064656C7461203E3D3B
:108B100020300069735F7369676E6564207C7C2018
:108B200062797465636F64655F6F666673657420F0
:108B30003E3D20300062797465735F746F5F736BC4
:108B40006970203E2030207C7C206C696E65735FEC
:108B5000746F5F736B6970203E2030006E5F6172CE
:108B60006773203C3D20320069642D3E6C6F636169
:108B70006C5F6E756D203C3D20323535006E5F6355
:108B80006C6F7365645F6F766572203C3D20323593
:108B90003500656D69742D3E70617373203D3D2015
:108BA0004D505F504153535F535441434B5F5349C2
:108BB0005A45207C7C20656D69742D3E6279746510
:108BC000636F64655F6F6666736574203C3D206506
:108BD0006D69742D3E6C6162656C5F6F666673656E
:108BE00074735B6C5D002E2E2F4D6964646C657729
:108BF000617265732F6D6963726F707974686F6EDF
:108C00002F70792F656D697462632E6300656D69DD
:108C1000742D3E62797465636F64655F6F66667319
:108C20006574202B206E756D5F62797465735F7457
:108C30006F5F7772697465203C3D20656D69742DA6
:108C40003E62797465636F64655F73697A65006518
:108C50006D69742D3E62797465636F64655F6F66DC
:108C600066736574203C3D20656D69742D3E6279A4
:108C70007465636F64655F73697A6500656D6974B7
:108C80002D3E636F64655F696E666F5F6F666673C6
:108C90006574202B206E756D5F62797465735F74E7
:108CA0006F5F7772697465203C3D20656D69742D36
:108CB0003E636F64655F696E666F5F73697A6500B6
:108CC000656D69742D3E636F64655F696E666F5F85
:108CD0006F6666736574203C3D20656D69742D3E3A
:108CE000636F64655F696E666F5F73697A65003094
:108CF000203C3D2062797465636F64655F6F6666D2
:108D00007365742026262062797465636F64655FDD
:108D10006F6666736574203C3D2030783766006C62
:108D2000203C20656D69742D3E6D61785F6E756DB8
:108D30005F6C6162656C730062797465636F646512
:108D4000206F766572666C6F770069642D3E6B6983
:108D50006E64203D3D2049445F494E464F5F4B497C
:108D60004E445F43454C4C207C7C2069642D3E6B17
:108D7000696E64203D3D2049445F494E464F5F4B3C
:108D8000494E445F46524545002E2E2F4D6964647E
:108D90006C6577617265732F6D6963726F7079743A
:108DA000686F6E2F70792F656D6974636F6D6D6F6D
:108DB0006E2E63006465665F61726773203D3D20BF
:108DC0004E554C4C207C7C206465665F61726773F5
:108DD0005B305D203D3D204D505F4F424A5F4E5518
:108DE0004C4C207C7C206D705F6F626A5F69735FA2
:108DF00074797065286465665F617267735B305D66
:108E00002C20266D705F747970655F7475706C6569
:108E100029006465665F61726773203D3D204E5591
:108E20004C4C207C7C206465665F617267735B31AB
:108E30005D203D3D204D505F4F424A5F4E554C4CAA
:108E4000207C7C206D705F6F626A5F69735F7479EC
:108E50007065286465665F617267735B315D2C20A5
:108E6000266D705F747970655F6469637429007240
:108E7000632D3E6B696E64203D3D204D505F434F36
:108E800044455F42595445434F44450070726F74E6
:108E90006F5F66756E20213D204E554C4C002E2E86
:108EA0002F4D6964646C6577617265732F6D6963BA
:108EB000726F707974686F6E2F70792F656D697439
:108EC000676C75652E630065203E3D20300062753D
:108ED000665F73697A65203E3D204D494E5F42557D
:108EE000465F53495A45002E2E2F4D6964646C65C8
:108EF00077617265732F6D6963726F707974686FD3
:108F00006E2F70792F666F726D6174666C6F61740D
:108F10002E63006D616E7469737361203E3D206540
:108F200072725F72616E676500726570726C656EF9
:108F3000202B2031203C3D2028696E742962756603
:108F40005F73697A65000A204E6F2E206F662031AC
:108F50002D626C6F636B733A2025752C20322D6265
:108F60006C6F636B733A2025752C206D61782062DD
:108F70006C6B20737A3A2025752C206D6178206601
:108F800072656520737A3A2025750A000A25303803
:108F9000783A20004154425F4745545F4B494E4464
:108FA00028617265612C20626C6F636B29203D3DE6
:108FB0002041545F48454144207C7C202841544254
:108FC0005F4745545F4B494E4428617265612C20D0
:108FD000626C6F636B29203D3D2041545F4D4152CF
:108FE0004B20262620284D505F53544154455F5452
:108FF00048524541442867635F6C6F636B5F6465EB
:109000007074682920262047435F434F4C4C4543EA
:10901000545F464C41472929000A20202020202067
:1090200020282575206C696E657320616C6C206644
:1090300072656529005645524946595F5054522879
:109040007074722900284D505F53544154455F5449
:1090500048524541442867635F6C6F636B5F64658A
:109060007074682920262047435F434F4C4C45438A
:10907000545F464C414729203D3D20300047432066
:109080006D656D6F7279206C61796F75743B2066C8
:10909000726F6D2025703A00617265612D3E6763C5
:1090A0005F6C6173745F757365645F626C6F636B33
:1090B000203C3D20617265612D3E67635F616C6C91
:1090C0006F635F7461626C655F627974655F6C6524
:1090D0006E202A20424C4F434B535F5045525F4114
:1090E0005442004154425F4745545F4B494E442827
:1090F000617265612C20626C6F636B29203D3D209D
:1091000041545F48454144004154425F4745545FE4
:109110004B494E4428617265612C20626C29203DC8
:109120003D2041545F46524545002E2E2F4D696427
:10913000646C6577617265732F6D6963726F7079A6
:1091400074686F6E2F70792F67632E63006172658C
:10915000612D3E67635F706F6F6C5F7374617274D3
:10916000202B2028626C6F636B202B206E5F626C5B
:109170006F636B7329202A2042595445535F504531
:10918000525F424C4F434B203C3D20617265612D44
:109190003E67635F706F6F6C5F656E6400617265E0
:1091A000612D3E67635F706F6F6C5F737461727483
:1091B000203E3D20617265612D3E67635F66696E8A
:1091C000616C697365725F7461626C655F73746111
:1091D0007274202B2067635F66696E616C697365CA
:1091E000725F7461626C655F627974655F6C656EF5
:1091F0000047433A20746F74616C3A2025752C2027
:10920000757365643A2025752C20667265653A2071
:109210002575002E666F726D6174280028295B5DCC
:109220007B7D2C3B7E3A653D3C653D633C653D3E28
:10923000653D633E653D2A653D632A653D2B653D81
:109240002D653D653E26653D7C653D2F653D632F63
:10925000653D25653D5E653D40653D3D653D212E95
:10926000005F5F64656275675F5F006C616D62647B
:1092700061006173796E63007969656C6400616E89
:1092800064007768696C65004E6F6E650046616CBE
:10929000736500656C736500636F6E74696E7565E8
:1092A000005472756500656C696600627265616B79
:1092B0000064656C0072657475726E006173007590
:1092C0006E69636F6465206E616D652065736361AF
:1092D0007065730070617373006177616974006E0B
:1092E0006F74006578636570740066696E616C6C9C
:1092F0007900216D61702D3E69735F6669786564E0
:10930000207C7C206C6F6F6B75705F6B696E642066
:109310003D3D204D505F4D41505F4C4F4F4B5550A0
:10932000002E2E2F4D6964646C6577617265732F12
:109330006D6963726F707974686F6E2F70792F6DBD
:1093400061702E6300636872282920617267206E45
:109350006F7420696E2072616E67652830783131D4
:109360003030303029002E2E2F4D6964646C6577C3
:10937000617265732F6D6963726F707974686F6E57
:109380002F70792F6D6F646275696C74696E732EBE
:1093900063006F7264282920657870656374656462
:1093A0002061206368617261637465722C2062754C
:1093B0007420737472696E67206F66206C656E67C7
:1093C000746820256420666F756E64006172672082
:1093D000697320616E20656D707479207365717595
:1093E000656E6365006D75737420757365206B65BC
:1093F00079776F726420617267756D656E7420662F
:109400006F72206B65792066756E6374696F6E008C
:1094100032203C3D206E5F61726773006E6567614C
:109420007469766520666163746F7269616C006D42
:1094300061746820646F6D61696E206572726F720D
:1094400000737461636B3A202575206F7574206F0B
:10945000662025750A007173747220706F6F6C3A04
:10946000206E5F706F6F6C3D25752C206E5F717381
:1094700074723D25752C206E5F7374725F64617425
:10948000615F62797465733D25752C206E5F746F22
:1094900074616C5F62797465733D25750A0073634E
:1094A000686564756C652071756575652066756C99
:1094B0006C0062756666657220746F6F20736D61F3
:1094C0006C6C00332E342E303B204D6963726F502C
:1094D0007974686F6E2076312E32382E302D70728E
:1094E00065766965772E31382E67363334313235FB
:1094F000383230372E6469727479206F6E203230C2
:1095000032362D30312D3034002A666D74203D3DC9
:1095100020272527207C7C202122756E7375707092
:109520006F7274656420666D7420636861722200D6
:10953000286E756C6C290062617365203D3D203298
:10954000207C7C2062617365203D3D2038207C7C3E
:109550002062617365203D3D203130207C7C20629B
:10956000617365203D3D203136002E2E2F4D6964FC
:10957000646C6577617265732F6D6963726F707962
:1095800074686F6E2F70792F6D707072696E742EA3
:10959000630066616C7365007472756500756E7347
:1095A0007570706F7274656420666D742063686195
:1095B0007200216D707A5F69735F7A65726F2872CD
:1095C000687329007372632D3E616C6C6F63202198
:1095D0003D203000636172727969203D3D2030008A
:1095E00032203C3D20626173652026262062617333
:1095F00065203C3D2033320062617365203C3D2094
:1096000033360073747220213D204E554C4C002E91
:109610002E2F4D6964646C6577617265732F6D6977
:1096200063726F707974686F6E2F70792F6D707AB6
:109630002E6300217A2D3E66697865645F646967F0
:109640000054726163656261636B20286D6F73748F
:1096500020726563656E742063616C6C206C61734D
:1096600074293A0A002C20696E2025710A006F6265
:109670006A656374206F662074797065202725738E
:109680002720686173206E6F206C656E2829002882
:109690006E696C29006E20252033203D3D2030006E
:1096A0003C25713E002E2E2F4D6964646C657761F8
:1096B0007265732F6D6963726F707974686F6E2F46
:1096C00070792F6F626A2E6300202046696C6520D6
:1096D000222571222C206C696E652025640072653C
:1096E00071756573746564206C656E677468202598
:1096F0006420627574206F626A65637420686173A8
:10970000206C656E677468202564006F626A65630B
:10971000742077697468206275666665722070725D
:109720006F746F636F6C2072657175697265640028
:10973000257120696E646578206F7574206F6620CE
:1097400072616E67650027257327206F626A656303
:10975000742069736E277420737562736372697005
:109760007461626C650027257327206F626A6563E8
:109770007420646F65736E277420737570706F72D8
:1097800074206974656D2064656C6574696F6E0022
:10979000257120696E6469636573206D757374202B
:1097A000626520696E7465676572732C206E6F74D4
:1097B0002025730063616E277420636F6E76657277
:1097C0007420257320746F20666C6F6174002725E8
:1097D0007327206F626A65637420646F65736E27F8
:1097E0007420737570706F7274206974656D206178
:1097F000737369676E6D656E74006F626A6563741A
:1098000020272573272069736E27742061207475C3
:10981000706C65206F72206C6973740063616E27D1
:109820007420636F6E7665727420257320746F20C8
:10983000636F6D706C65780061727261792827259D
:10984000632700284D4943524F50595F50595F429A
:1098500055494C54494E535F425954454152524127
:1098600059202626206D705F6F626A5F69735F748E
:109870007970652873656C665F696E2C20266D7043
:109880005F747970655F627974656172726179295C
:1098900029207C7C20284D4943524F50595F505914
:1098A0005F4152524159202626206D705F6F626AD7
:1098B0005F69735F747970652873656C665F696E44
:1098C0002C20266D705F747970655F6172726179AA
:1098D000292900737A203E2030002C205B00627919
:1098E000746561727261792862002E2E2F4D696451
:1098F000646C6577617265732F6D6963726F7079DF
:1099000074686F6E2F70792F6F626A6172726179FD
:109910002E63006F6E6C7920736C696365732077BA
:1099200069746820737465703D312028616B612013
:109930004E6F6E65292061726520737570706F724D
:109940007465640061727261792F62797465732045
:109950007265717569726564206F6E2072696768DF
:10996000742073696465006D656D6F7279766965E1
:1099700077206F666673657420746F6F206C6172F8
:109980006765006C687320616E6420726873207371
:10999000686F756C6420626520636F6D70617469B7
:1099A000626C6500737472696E6720617267756DB1
:1099B000656E7420776974686F757420616E2065B8
:1099C0006E636F64696E670025713D006A29006DE2
:1099D000705F6F626A5F69735F7479706528736521
:1099E0006C665F696E2C20266D705F747970655FA0
:1099F000636F6D706C657829002E2E2F4D6964643D
:109A00006C6577617265732F6D6963726F707974BD
:109A1000686F6E2F70792F6F626A636F6D706C65FF
:109A2000782E6300636F6D706C6578206469766969
:109A30006465206279207A65726F0063616E2774B5
:109A4000207472756E636174652D646976696465EE
:109A5000206120636F6D706C6578206E756D626536
:109A60007200302E3020746F206120636F6D706C37
:109A7000657820706F7765720025712800285B007B
:109A80002E2E2F4D6964646C6577617265732F6D3E
:109A90006963726F707974686F6E2F70792F6F625F
:109AA0006A646963742E630064696374207570640A
:109AB0006174652073657175656E63652068617397
:109AC0002077726F6E67206C656E677468006469DA
:109AD00063745F76616C75657300646963745F6954
:109AE00074656D7300646963745F6B657973006E90
:109AF000657874006D61702D3E75736564203D3D21
:109B00002030207C7C2069203D3D206D61780070F4
:109B10006F706974656D28293A2064696374696F90
:109B20006E61727920697320656D707479007B00B5
:109B30006D705F6F626A5F69735F747970652873B7
:109B4000656C665F696E2C20266D705F7479706538
:109B50005F656E756D657261746529002E2E2F4DDF
:109B60006964646C6577617265732F6D6963726F88
:109B7000707974686F6E2F70792F6F626A656E7579
:109B80006D65726174652E63006D705F6F626A5FF0
:109B900069735F657863657074696F6E5F696E7312
:109BA00074616E63652873656C665F696E29006613
:109BB0006D7420213D204E554C4C002E2E2F4D69AA
:109BC00064646C6577617265732F6D6963726F7021
:109BD0007974686F6E2F70792F6F626A657863652C
:109BE00070742E63005B4572726E6F2025645D2079
:109BF0002571004D505F4F424A5F545950455F47B1
:109C000045545F534C4F545F4F525F4E554C4C2858
:109C10006578635F747970652C206D616B655F6E2C
:109C2000657729203D3D206D705F6F626A5F6578C2
:109C300063657074696F6E5F6D616B655F6E65778C
:109C4000006D705F6F626A5F69735F666C6F6174ED
:109C50002873656C665F696E29002E2E2F4D69642E
:109C6000646C6577617265732F6D6963726F70796B
:109C700074686F6E2F70792F6F626A666C6F617493
:109C80002E63006D705F6F626A5F69735F747970D5
:109C9000652873656C665F696E2C20266D705F7435
:109CA0007970655F66756E5F6275696C74696E5F09
:109CB0003029006D705F6F626A5F69735F747970DD
:109CC000652873656C665F696E2C20266D705F7405
:109CD0007970655F66756E5F6275696C74696E5FD9
:109CE0003129006D705F6F626A5F69735F747970AC
:109CF000652873656C665F696E2C20266D705F74D5
:109D00007970655F66756E5F6275696C74696E5FA8
:109D10003229006D705F6F626A5F69735F7479707A
:109D2000652873656C665F696E2C20266D705F74A4
:109D30007970655F66756E5F6275696C74696E5F78
:109D40003329006D705F6F626A5F69735F74797049
:109D5000652873656C665F696E2C20266D705F7474
:109D60007970655F66756E5F6275696C74696E5F48
:109D700076617229003C66756E6374696F6E20258A
:109D80007120617420307825703E00766D5F7265B9
:109D90007475726E5F6B696E64203D3D204D505F3F
:109DA000564D5F52455455524E5F455843455054A9
:109DB000494F4E002E2E2F4D6964646C6577617299
:109DC00065732F6D6963726F707974686F6E2F7031
:109DD000792F6F626A66756E2E63003C67656E65EB
:109DE0007261746F72206F626A65637420272571D7
:109DF000272061742025703E0067656E657261746E
:109E00006F7220616C726561647920657865637535
:109E100074696E670067656E657261746F72207237
:109E200061697365642053746F70497465726174FD
:109E3000696F6E0063616E27742073656E64206EB7
:109E40006F6E2D4E6F6E652076616C756520746F38
:109E50002061206A7573742D737461727465642057
:109E600067656E657261746F720067656E657261B9
:109E7000746F722069676E6F7265642047656E65E6
:109E80007261746F7245786974006D705F6F626A99
:109E90005F69735F65786163745F74797065287357
:109EA000656C665F696E2C20266D705F74797065D5
:109EB0005F696E74290032203C3D20626173652029
:109EC00026262062617365203C3D203136002E2E0F
:109ED0002F4D6964646C6577617265732F6D69637A
:109EE000726F707974686F6E2F70792F6F626A6904
:109EF0006E742E630063616E277420636F6E7665E7
:109F00007274204E614E20746F20696E740063611C
:109F10006E277420636F6E7665727420696E66209A
:109F2000746F20696E74006D705F6F626A5F697331
:109F30005F65786163745F74797065286C68735FBE
:109F4000696E2C20266D705F747970655F696E7420
:109F500029002E2E2F4D6964646C657761726573DC
:109F60002F6D6963726F707974686F6E2F70792FBF
:109F70006F626A696E745F6D707A2E63006F7665CA
:109F800072666C6F7720636F6E76657274696E6748
:109F9000206C6F6E6720696E7420746F206D616332
:109FA00068696E6520776F726400706F772829206A
:109FB00077697468203320617267756D656E74739C
:109FC00020726571756972657320696E7465676565
:109FD0007273006E6567617469766520736869667F
:109FE0007420636F756E7400706F702066726F6D91
:109FF00020656D707479206C697374003C6D6F64BA
:10A00000756C6520272573273E003C6D6F64756C69
:10A010006520272573272066726F6D2027257327FB
:10A020003E0063616E2774207365742061747472DE
:10A030006962757465006E756C6C00617267206D85
:10A0400075737420626520757365722D74797065FF
:10A05000006E6F2073756368206174747269627535
:10A060007465002C202564290072616E67652825BF
:10A07000642C202564007A65726F2073746570000B
:10A0800066726F7A656E736574280073657428292B
:10A090000069735F7365745F6F725F66726F7A6574
:10A0A0006E736574286F746865725F696E29002E1F
:10A0B0002E2F4D6964646C6577617265732F6D69CD
:10A0C00063726F707974686F6E2F70792F6F626A28
:10A0D0007365742E6300706F702066726F6D2061FF
:10A0E0006E20656D7074792073657400736C69639C
:10A0F000652800736C696365207374657020636103
:10A100006E2774206265207A65726F0062636465F1
:10A1100045664667476E6F73785825007369676EAA
:10A12000206E6F7420616C6C6F7765642077697442
:10A130006820696E746567657220666F726D617400
:10A140002073706563696669657220276327006301
:10A150006F6E76657273696F6E203D3D20277227A2
:10A1600000756E6B6E6F776E20666F726D61742016
:10A17000636F6465202725632720666F72206F62F6
:10A180006A656374206F6620747970652027257373
:10A1900027007273706C6974284E6F6E652C6E297F
:10A1A0000066697273745F676F6F645F6368617282
:10A1B0005F706F73203D3D20300064617461202129
:10A1C0003D204E554C4C005C5C003C3E3D5E005CCE
:10A1D0002563002E2E2F4D6964646C65776172656E
:10A1E000732F6D6963726F707974686F6E2F7079F9
:10A1F0002F6F626A7374722E6300756E7375707060
:10A200006F7274656420666F726D6174206368613B
:10A2100072616374657220272563272028307825B2
:10A22000782920617420696E64657820256400694E
:10A230006E7465676572206E65656465640061743F
:10A240007472696275746573206E6F7420737570B3
:10A25000706F7274656400737562737472696E678F
:10A26000206E6F7420666F756E640062797465731A
:10A270002076616C7565206F7574206F6620726141
:10A280006E6765007475706C6520696E6465782012
:10A290006F7574206F662072616E67650063616E12
:10A2A0002774207377697463682066726F6D206D00
:10A2B000616E75616C206669656C6420737065639E
:10A2C000696669636174696F6E20746F206175746B
:10A2D0006F6D61746963206669656C64206E756D6D
:10A2E000626572696E670073696E676C6520277DB1
:10A2F0002720656E636F756E746572656420696E84
:10A3000020666F726D617420737472696E67005C91
:10A310006E0063616E2774207377697463682066CA
:10A32000726F6D206175746F6D6174696320666909
:10A33000656C64206E756D626572696E6720746FFE
:10A34000206D616E75616C206669656C6420737048
:10A350006563696669636174696F6E005C7200258C
:10A3600063206E6565647320696E74206F7220636C
:10A370006861720062616420636F6E7665727369F2
:10A380006F6E2073706563696669657200696E76C9
:10A39000616C696420666F726D61742073706563AF
:10A3A0006966696572007369676E206E6F742061FB
:10A3B0006C6C6F77656420696E20737472696E6768
:10A3C00020666F726D61742073706563696669657C
:10A3D0007200273D2720616C69676E6D656E742081
:10A3E0006E6F7420616C6C6F77656420696E20738A
:10A3F0007472696E6720666F726D61742073706528
:10A400006369666965720065787065637465642068
:10A41000273A2720616674657220666F726D6174D9
:10A420002073706563696669657200656D70747923
:10A4300020736570617261746F72006C6173745F18
:10A44000676F6F645F636861725F706F73203E3D1A
:10A450002066697273745F676F6F645F63686172AF
:10A460005F706F7300666F726D61742073747269D0
:10A470006E67206E65656473206D6F726520617212
:10A4800067756D656E74730077726F6E67206E7599
:10A490006D626572206F6620617267756D656E749E
:10A4A0007300666F726D617420737472696E6720D9
:10A4B0006469646E277420636F6E766572742061C0
:10A4C0006C6C20617267756D656E7473005C7400EE
:10A4D000696E636F6D706C65746520666F726D6117
:10A4E0007400756E6D61746368656420277B272036
:10A4F000696E20666F726D6174006A6F696E2065A7
:10A500007870656374732061206C697374206F6662
:10A51000207374722F6279746573206F626A656349
:10A52000747320636F6E73697374656E74207769DA
:10A5300074682073656C66206F626A656374006678
:10A540006F726D6174206E6565647320612064694B
:10A550006374006E6F6E2D68657820646967697436
:10A56000005C7825303278005C75253034780069DD
:10A570006E636F6D706C65746520666F726D61746B
:10A58000206B65790063616E277420636F6E76655A
:10A5900072742027257127206F626A6563742074A6
:10A5A0006F20257120696D706C696369746C790026
:10A5B0003C696F2E537472696E67494F203078255D
:10A5C000783E003C696F2E4279746573494F2030A4
:10A5D0007825783E00492F4F206F7065726174694D
:10A5E0006F6E206F6E20636C6F7365642066696C9C
:10A5F00065002E2E2F4D6964646C657761726573FA
:10A600002F6D6963726F707974686F6E2F70792F18
:10A610006F626A737472756E69636F64652E63002E
:10A62000737472696E6720696E646578206F7574E3
:10A63000206F662072616E67650074797065203DD9
:10A640003D20266D705F747970655F73747200735E
:10A650007472696E6720696E6469636573206D75D5
:10A66000737420626520696E7465676572732C204F
:10A670006E6F74202573005C5525303878006D703E
:10A680005F6F626A5F69735F747970652873656C68
:10A69000665F696E2C20266D705F747970655F74DB
:10A6A00075706C6529006D705F6F626A5F69735FBA
:10A6B0007475706C655F636F6D70617469626C65F1
:10A6C0002873656C665F696E29002C002E2E2F4D55
:10A6D0006964646C6577617265732F6D6963726F0D
:10A6E000707974686F6E2F70792F6F626A747570ED
:10A6F0006C652E63003C73757065723A20005F5F75
:10A70000696E69745F5F28292073686F756C6420B7
:10A7100072657475726E204E6F6E652C206E6F744C
:10A720002027257327006D705F6F626A5F69735F12
:10A73000646963745F6F725F6F726465726564648D
:10A74000696374284D505F4F424A5F46524F4D5FD8
:10A75000505452284D505F4F424A5F545950455F04
:10A760004745545F534C4F5428747970652C206CC6
:10A770006F63616C735F64696374292929006D706C
:10A780005F6F626A5F69735F646963745F6F725F52
:10A790006F72646572656464696374284D505F4FBD
:10A7A000424A5F46524F4D5F505452284D505F4FC2
:10A7B000424A5F545950455F4745545F534C4F548C
:10A7C0002873656C662C206C6F63616C735F6469C1
:10A7D0006374292929006D705F6F626A5F69735F16
:10A7E000696E7374616E63655F74797065286D70EE
:10A7F0005F6F626A5F6765745F74797065287365FF
:10A800006C665F696E2929006D705F6F626A5F69AF
:10A81000735F74797065286974656D735B695D2C0D
:10A8200020266D705F747970655F7479706529009A
:10A830006D705F6F626A5F69735F747970652873AA
:10A84000656C662D3E747970652C20266D705F7482
:10A850007970655F7479706529006D705F6F626AE9
:10A860005F69735F74797065282A6974656D2C203F
:10A87000266D705F747970655F7479706529006DFD
:10A88000705F6F626A5F69735F7479706528736562
:10A890006C665F696E2C20266D705F747970655FE1
:10A8A0007479706529006D705F6F626A5F69735FAC
:10A8B000696E7374616E63655F7479706528736522
:10A8C0006C6629006D705F6F626A5F69735F74798F
:10A8D00070652873656C665F696E2C20266D705FED
:10A8E000747970655F737570657229006E756D5F40
:10A8F0006E61746976655F6261736573203C2032B6
:10A90000003C636C61737320272571273E003C2552
:10A9100073206F626A6563742061742025703E0045
:10A920006C6F6F6B75702D3E646573745B305D206A
:10A930003D3D204D505F4F424A5F4E554C4C006CA0
:10A940006F6F6B75702D3E646573745B315D203D78
:10A950003D204D505F4F424A5F4E554C4C002E2ECD
:10A960002F4D6964646C6577617265732F6D6963DF
:10A97000726F707974686F6E2F70792F6F626A745E
:10A980007970652E630073656C66203D3D20266DF1
:10A99000705F747970655F7374617469636D6574F9
:10A9A000686F64207C7C2073656C66203D3D2026AA
:10A9B0006D705F747970655F636C6173736D6574DE
:10A9C000686F640027257327206F626A65637420AF
:10A9D00069736E27742063616C6C61626C650074CE
:10A9E00079706520272571272069736E277420618F
:10A9F0006E2061636365707461626C65206261736F
:10AA000065207479706500756E7265616461626C51
:10AA100065206174747269627574650063616E2784
:10AA20007420637265617465202725712720696E23
:10AA30007374616E636573006973737562636C61CF
:10AA400073732829206172672032206D757374201A
:10AA50006265206120636C617373206F72206120D6
:10AA60007475706C65206F6620636C6173736573B9
:10AA7000006973737562636C617373282920617256
:10AA8000672031206D757374206265206120636CCE
:10AA90006173730063616E27742061646420737056
:10AAA000656369616C206D6574686F6420746F20E4
:10AAB000616C72656164792D737562636C61737327
:10AAC000656420636C6173730074797065207461D0
:10AAD0006B65732031206F72203320617267756D52
:10AAE000656E7473006D756C7469706C652062615D
:10AAF000736573206861766520696E7374616E6337
:10AB000065206C61792D6F757420636F6E666C695A
:10AB100063740063616C6C20737570657228292EF4
:10AB20005F5F696E69745F5F28292066697273745C
:10AB300000706E203D3D207065656B5F72657375BA
:10AB40006C74287061727365722C203029004D502E
:10AB50005F50415253455F4E4F44455F49535F4EEE
:10AB6000554C4C2828286D705F70617273655F6E5C
:10AB70006F64655F7374727563745F74202A2970E3
:10AB80006E292D3E6E6F6465735B305D29004D50FC
:10AB90005F50415253455F4E4F44455F49535F53A9
:10ABA00054525543545F4B494E4428706E2C2052EA
:10ABB000554C455F61746F6D5F706172656E290001
:10ABC0006D705F70617273655F6E6F64655F6973EE
:10ABD0005F636F6E737428706E290069203E2030A9
:10ABE000007061727365722D3E726573756C745F6F
:10ABF000737461636B5F746F70203E20300070610E
:10AC0000727365722E726573756C745F73746163B1
:10AC10006B5F746F70203D3D20310069203E3D2008
:10AC200031006E756D5F61726773203D3D203200AB
:10AC30002861726720262052554C455F4152475F7C
:10AC40004B494E445F4D41534B29203D3D205255C9
:10AC50004C455F4152475F52554C45006B696E64ED
:10AC6000203D3D2052554C455F4152475F52554C67
:10AC700045002861726720262052554C455F41529D
:10AC8000475F4B494E445F4D41534B29203D3D208A
:10AC900052554C455F4152475F52554C45207C7C94
:10ACA000202861726720262052554C455F4152474B
:10ACB0005F4B494E445F4D41534B29203D3D20524F
:10ACC000554C455F4152475F4F50545F52554C457C
:10ACD00000656C656D2D3E76616C7565203D3D208F
:10ACE0004D505F4F424A5F4E554C4C004D505F50A7
:10ACF000415253455F4E4F44455F4C4541465F4B83
:10AD0000494E4428706E29203D3D204D505F5041F2
:10AD10005253455F4E4F44455F544F4B454E006183
:10AD20007267203D3D204D505F544F4B454E5F456F
:10AD30004C4C4950534953002872756C655F6163F0
:10AD40007420262052554C455F4143545F4B494E79
:10AD5000445F4D41534B29203D3D2052554C455FAA
:10AD60004143545F4C495354007065656B5F727585
:10AD70006C65287061727365722C203029203D3D0E
:10AD80002052554C455F746573746C6973745F63CE
:10AD90006F6D705F3362002E2E2F4D6964646C6599
:10ADA00077617265732F6D6963726F707974686F04
:10ADB0006E2F70792F70617273652E63006D616CF8
:10ADC000666F726D656420662D737472696E6700BC
:10ADD000756E696E64656E7420646F65736E27743A
:10ADE000206D6174636820616E79206F757465727F
:10ADF00020696E64656E74206C6576656C006920F0
:10AE00003D3D206E007061727365722D3E72756CEF
:10AE1000655F737461636B5F746F70203E206E00BA
:10AE20007065656B5F72756C6528706172736572B1
:10AE30002C203129203D3D2052554C455F746573CF
:10AE4000746C6973745F636F6D70007061727365A9
:10AE5000722D3E726573756C745F737461636B5FA2
:10AE6000746F70203E20706F73006E6F74206120CD
:10AE7000636F6E7374616E7400756E657870656370
:10AE800074656420696E64656E7400696E74282947
:10AE9000206172672032206D757374206265203ED8
:10AEA0003D203220616E64203C3D20333600696EC7
:10AEB00076616C69642073796E74617820666F7254
:10AEC00020696E74656765722077697468206261B5
:10AED000736520256400696E76616C6964207379FE
:10AEE0006E74617820666F72206E756D6265720097
:10AEF0006D705F6F626A5F69735F666C6F61742803
:10AF00006F29006F626A5F74797065203D3D204D46
:10AF1000505F50455253495354454E545F4F424A37
:10AF20005F464C4F4154207C7C206F626A5F74798D
:10AF30007065203D3D204D505F504552534953545C
:10AF4000454E545F4F424A5F434F4D504C45580069
:10AF50002E2E2F4D6964646C6577617265732F6D59
:10AF60006963726F707974686F6E2F70792F706576
:10AF70007273697374656E74636F64652E63006EBB
:10AF8000617469766520636F646520696E202E6D3B
:10AF9000707920756E737570706F72746564006976
:10AFA0006E636F6D70617469626C65202E6D70796F
:10AFB0002066696C650051282573290A002E2E2E03
:10AFC00020003E3E3E20007374725B6C656E5D2017
:10AFD0003D3D20275C3027006C6F6731300065787D
:10AFE000706D31004672616D6542756666657231DD
:10AFF0000070733100464C4F415433320042464991
:10B000004E54333200424655494E54333200637237
:10B01000633332006C6F6732006174616E320070AE
:10B02000733200464C4F415436340055494E543625
:10B0300034006232615F626173653634006132628E
:10B040005F626173653634005247423536350042DF
:10B0500046494E54313600424655494E5431360029
:10B060007368613235360041465F494E45543600BB
:10B070007574662D3800475338004246494E54389F
:10B0800000424655494E5438003C6C616D62646123
:10B090003E003C6D6F64756C653E003C7374726974
:10B0A0006E673E003C737464696E3E003C64696385
:10B0B00074636F6D703E003C736574636F6D703EBA
:10B0C000003C6C697374636F6D703E003C67656E25
:10B0D000657870723E005A4C4942004D4F4E4F5FAA
:10B0E000484C5342004D564C5342004D4F4E4F5F1B
:10B0F000564C5342004753325F484D53420047532A
:10B10000345F484D5342004D4F4E4F5F484D5342C0
:10B110000045434F4E4E5245465553454400454326
:10B120004F4E4E41424F5254454400564F49440001
:10B130004541444452494E55534500534F5F4B459A
:10B140004550414C495645004E41544956450045ED
:10B1500042414446005354415F49460041505F49D3
:10B160004600554C4F4E474C4F4E4700554C4F4EA6
:10B17000470045484F5354554E52454143480045BA
:10B18000494E56414C00534F434B5F535452454137
:10B190004D00534F434B5F444752414D00454E4F86
:10B1A0004D454D00455045524D004C4954544C4579
:10B1B0005F454E4449414E004249475F454E444930
:10B1C000414E0042465F4C454E0045414741494E85
:10B1D00000504F4C4C494E00454E4F54434F4E4E3D
:10B1E00000534F5F534E4454494D454F00534F5FFA
:10B1F00052435654494D454F0045494F0046696CEE
:10B2000065494F004465666C617465494F00526939
:10B210006E67494F00537472696E67494F004279F7
:10B22000746573494F004155544F00475A495000C7
:10B23000454F504E4F545355505000504F4C4C4872
:10B24000555000534F5F52455553454144445200B9
:10B2500045495344495200504F4C4C4552520045C9
:10B26000414343455300454E4F42554653004246E5
:10B270005F504F530045494E50524F47524553532C
:10B2800000534F4C5F534F434B45540041465F4979
:10B290004E45540045434F4E4E524553455400458C
:10B2A0004E4F454E540055494E54005553484F5249
:10B2B0005400534F5F42524F414443415354004561
:10B2C0004558495354004554494D45444F55540041
:10B2D000504F4C4C4F555400454E4F44455600532B
:10B2E0004F434B5F5241570045414C5245414459F1
:10B2F000005F5F7375625F5F005F5F697375625FB8
:10B300005F005F5F727375625F5F005F5F616464BF
:10B310005F5F005F5F696164645F5F005F5F7261D0
:10B3200064645F5F005F5F72657665727365645F1A
:10B330005F005F5F616E645F5F005F5F72616E649C
:10B340005F5F005F5F6D6F645F5F005F5F726D6F77
:10B35000645F5F005F5F6469766D6F645F5F005F6D
:10B360005F67655F5F005F5F6C655F5F005F5F6683
:10B37000696C655F5F005F5F6D6F64756C655F5FD3
:10B38000005F5F6E616D655F5F005F5F7365745F37
:10B390006E616D655F5F005F5F7175616C6E616DA1
:10B3A000655F5F005F5F6E655F5F005F5F64656C38
:10B3B0006574655F5F005F5F6E65675F5F005F5F1D
:10B3C000686173685F5F005F5F706174685F5F00F2
:10B3D0005F5F74726163656261636B5F5F005F5F93
:10B3E00064656C5F5F005F5F616C6C5F5F005F5FF7
:10B3F00063616C6C5F5F005F5F626F6F6C5F5F00CB
:10B400005F5F6D756C5F5F005F5F726D756C5F5F36
:10B41000005F5F6D61746D756C5F5F005F5F726D83
:10B4200061746D756C5F5F005F5F64656C69746506
:10B430006D5F5F005F5F6765746974656D5F5F0076
:10B440005F5F7365746974656D5F5F005F5F6C65F6
:10B450006E5F5F005F5F6D61696E5F5F005F5F657C
:10B46000715F5F005F5F697465725F5F005F5F615E
:10B47000697465725F5F005F5F656E7465725F5FC0
:10B48000005F5F61656E7465725F5F005F5F646936
:10B49000725F5F005F5F6F725F5F005F5F726F720E
:10B4A0005F5F005F5F786F725F5F005F5F72786FF2
:10B4B000725F5F005F5F726570725F5F005F5F73F6
:10B4C00074725F5F005F5F64656C617474725F5F6C
:10B4D000005F5F676574617474725F5F005F5F73C4
:10B4E0006574617474725F5F005F5F6162735F5F58
:10B4F000005F5F62617365735F5F005F5F676C6FC2
:10B5000062616C735F5F005F5F636F6E7461696E31
:10B51000735F5F005F5F706F735F5F005F5F636C9F
:10B520006173735F5F005F5F6275696C645F636C1A
:10B530006173735F5F005F5F666C6F61745F5F0074
:10B540005F5F646963745F5F005F5F6765745F5F1F
:10B55000005F5F7365745F5F005F5F6C736869664F
:10B56000745F5F005F5F726C73686966745F5F0031
:10B570005F5F7273686966745F5F005F5F727273AA
:10B58000686966745F5F005F5F67745F5F005F5F3D
:10B59000696E69745F5F005F5F657869745F5F0003
:10B5A0005F5F61657869745F5F005F5F6C745F5FA8
:10B5B000005F5F696E745F5F005F5F7265706C5FF4
:10B5C0007072696E745F5F005F5F696E766572743A
:10B5D0005F5F005F5F696D706F72745F5F005F5FD8
:10B5E0006E6578745F5F005F5F616E6578745F5F42
:10B5F000005F5F747275656469765F5F005F5F729C
:10B60000747275656469765F5F005F5F666C6F6F0B
:10B61000726469765F5F005F5F72666C6F6F726401
:10B6200069765F5F005F5F6E65775F5F005F5F7089
:10B630006F775F5F005F5F72706F775F5F005F5F64
:10B64000636F6D706C65785F5F006973616C7068C3
:10B6500061006C67616D6D610064617461006861B7
:10B6600073686C696200737562002E2E2F4D6964D9
:10B67000646C6577617265732F6D6963726F707941
:10B6800074686F6E2F70792F717374722E630065FA
:10B690007865630065726663006763007472756E37
:10B6A0006300646F63006D656D5F616C6C6F630058
:10B6B0006C6F6164007469636B735F616464006DD7
:10B6C0006178696D756D20726563757273696F6EEF
:10B6D00020646570746820657863656564656400DE
:10B6E0006973656E61626C6564007265766572731C
:10B6F0006564004E6F74496D706C656D656E746540
:10B700006400736F72746564007468726573686F47
:10B710006C6400617070656E640073656E640065D2
:10B720007874656E640062696E64007266696E6446
:10B7300000726F756E6400626F756E645F6D657424
:10B74000686F64007374617469636D6574686F64B5
:10B7500000666D6F64006469766D6F640064697380
:10B7600063617264007265706C6163650069737314
:10B770007061636500736C6963650063686F69631A
:10B7800065006973696E7374616E63650073796DCA
:10B790006D65747269635F646966666572656E6320
:10B7A00065006465636F64650062797465636F64E6
:10B7B0006500656E636F6465006572726F72636FBA
:10B7C0006465006D656D5F667265650072616E64CB
:10B7D00072616E676500656E61626C6500646973B5
:10B7E00061626C650073696E676C6500657865639E
:10B7F00066696C65006D616B6566696C6500636F99
:10B800006D70696C65006E616D65647475706C65F2
:10B81000006C6974746C65007363686564756C654D
:10B82000006D6F64756C6500686F73746E616D6533
:10B830000074696D65005F6D616368696E650072B3
:10B840006561646C696E6500686C696E6500766C34
:10B85000696E65006E65776C696E6500646F6E6514
:10B86000004E6F6E655479706500636C6F7375720E
:10B870006500494F426173650070686173650069D6
:10B8800073636C6F736500656C6C697073650072CF
:10B8900065766572736500737461636B5F7573655C
:10B8A0000073796D6D65747269635F64696666655E
:10B8B00072656E63655F75706461746500696E744E
:10B8C000657273656374696F6E5F757064617465CA
:10B8D000006465666C61746500656E756D657261A6
:10B8E000746500737461746500697366696E697468
:10B8F0006500777269746500726F757465005461D4
:10B90000736B5175657565005F7461736B5F7175FD
:10B910006575650067657476616C75650064657151
:10B9200075650072656D6F76650063616C63736940
:10B930007A65006D617873697A65006D6F64660081
:10B940007469636B735F64696666006973696E66C8
:10B950000073697A656F6600616464726573736F02
:10B960006600657266006672616D65627566006983
:10B970006D616700736574626C6F636B696E6700FD
:10B980006E616D6520746F6F206C6F6E67006C6FF9
:10B990006700736561726368006174616E6800615D
:10B9A00073696E6800686173680061636F73680033
:10B9B000666C7573680068656170707573680063A4
:10B9C0006D617468007061746800656E6473776996
:10B9D0007468007374617274737769746800626963
:10B9E0006E617363696900706900686561705F6C9E
:10B9F0006F636B00686561705F756E6C6F636B0081
:10BA00007065656B007365656B006E6574776F724A
:10BA10006B005461736B006375725F7461736B00CC
:10BA20007265616C006D61727368616C006576614E
:10BA30006C0063616E63656C006F70745F6C65763B
:10BA4000656C00706978656C006365696C0073658E
:10BA50006E64616C6C0074656C6C0066696C6C0083
:10BA600069706F6C6C007363726F6C6C00626F6FE7
:10BA70006C0072656C5F746F6C006162735F746FF1
:10BA80006C00696F63746C00706F706974656D0031
:10BA900072616E646F6D00756E7061636B5F66726C
:10BAA0006F6D007265637666726F6D00756E6966A4
:10BAB0006F726D00706C6174666F726D0073756D7E
:10BAC0000069736E616E006174616E002A71203CC2
:10BAD00020706F6F6C2D3E6C656E006F70656E0030
:10BAE0006C697374656E002E66726F7A656E0063A2
:10BAF0006F70797369676E006D61696E0062696E5F
:10BB000000737464696E006D696E006A6F696E001F
:10BB10006173696E006D6963726F707974686F6EBE
:10BB200000756E696F6E0076657273696F6E005393
:10BB3000746F704173796E63497465726174696F73
:10BB40006E00696D706C656D656E746174696F6EA1
:10BB500000696E74657273656374696F6E007270EC
:10BB60006172746974696F6E007072696E745F657A
:10BB70007863657074696F6E006A736F6E00252359
:10BB80006F006D656D5F696E666F007665727369D3
:10BB90006F6E5F696E666F00717374725F696E6657
:10BBA0006F0067657461646472696E666F005F61DF
:10BBB00073796E63696F006572726E6F00636F7286
:10BBC0006F0073656E64746F007061636B5F696EA4
:10BBD000746F0072656164696E746F006D617000EE
:10BBE000736C65657000736570006C737472697056
:10BBF00000727374726970007A69700068656C70A5
:10BC00000064756D700068656170706F70007374AA
:10BC10006F700067726F7570006C64657870006695
:10BC20007265787000686561707100636C6561723F
:10BC300000706F6C617200627974656F7264657216
:10BC4000004672616D654275666665720062756672
:10BC500066657200707974686F6E5F636F6D70698E
:10BC60006C65720054657874494F577261707065E5
:10BC7000720069737570706572007375706572001B
:10BC800064656C6574657200697465720066696CE0
:10BC90007465720063656E74657200756E726567B7
:10BCA0006973746572006765747465720073657496
:10BCB000746572006C6962635F7665720069736CAB
:10BCC0006F776572006368720064697200666C6FFA
:10BCD0006F7200454F464572726F72004F53457246
:10BCE000726F720041726974686D65746963457240
:10BCF000726F720043616E63656C6C65644572724D
:10BD00006F72004E6F74496D706C656D656E746511
:10BD1000644572726F7200556E69636F6465457237
:10BD2000726F72004E616D654572726F720052756E
:10BD30006E74696D654572726F72005479706545F5
:10BD400072726F72004174747269627574654572C3
:10BD5000726F720056616C75654572726F72005A2F
:10BD600065726F4469766973696F6E4572726F723E
:10BD700000496E64656E746174696F6E4572726FAE
:10BD80007200417373657274696F6E4572726F727F
:10BD9000004C6F6F6B75704572726F7200496D70F9
:10BDA0006F72744572726F72004F766572666C6F57
:10BDB000774572726F720053796E74617845727252
:10BDC0006F7200496E6465784572726F72004B65E0
:10BDD000794572726F72004D656D6F72794572723E
:10BDE0006F72007265707200737464657272006BBA
:10BDF00062645F696E74720064656C617474720071
:10BE00006861736174747200676574617474720040
:10BE1000736574617474720066616273006C6F6143
:10BE20006473006B656570656E647300696E646948
:10BE30006365730064656772656573006D6F647533
:10BE40006C657300726561646C696E657300737014
:10BE50006C69746C696E6573007563747970657371
:10BE60000066726F6D5F627974657300746F5F62F4
:10BE70007974657300456C6C697073697300676CE5
:10BE80006F62616C73006C6F63616C7300736C65DF
:10BE900065705F6D73007469636B735F6D730072BF
:10BEA000616469616E73006275696C74696E7300B8
:10BEB000636F6C6C656374696F6E730061636F733D
:10BEC0000064756D707300736570617261746F7278
:10BED00073006973737562636C6173730067657473
:10BEE00072616E646269747300736C6565705F750E
:10BEF00073007469636B735F75730066726F6D6B4B
:10BF000065797300757379730062797465735F6125
:10BF100074006279746561727261795F6174007333
:10BF2000656C65637400636F6C6C65637400636F4C
:10BF30006E6E6563740066696C6C5F726563740035
:10BF40004F72646572656444696374006F63740062
:10BF500073747275637400697373756273657400CA
:10BF600066726F7A656E7365740069737375706558
:10BF70007273657400617070656E646C65667400E0
:10BF8000706F706C656674006973646967697400CA
:10BF9000626C6974007273706C69740053797374A5
:10BFA000656D4578697400657869740073657464BB
:10BFB000656661756C740072616E64696E740069A7
:10BFC000736469736A6F696E74007072696E74006D
:10BFD00061636365707400736574736F636B6F7016
:10BFE00074004B6579626F617264496E7465727238
:10BFF00075707400737461727400696E7365727425
:10C0000000736F7274007371727400646967657392
:10C010007400636F6E7374007374646F757400736F
:10C02000657474696D656F757400696E7075740000
:10C03000746175007469636B735F6370750072651A
:10C040006376006172677600646963745F76696520
:10C05000770070726576696577006D656D6F7279CE
:10C060007669657700706F770070656E645F7468DD
:10C07000726F77002523780072696E6465780066B8
:10C08000726F6D686578006279746561727261794A
:10C090000070685F6B6579006D6F64696679007523
:10C0A0006E6865786C696679006865617069667943
:10C0B00000706F6C7900616E79005F6D707900635C
:10C0C0006F707900636F756E7472790070726F7043
:10C0D00065727479007B3A23627D000A25730074CF
:10C0E000797065206F626A65637420272571272047
:10C0F000686173206E6F2061747472696275746513
:10C1000020272571270027257327206F626A656322
:10C110007420686173206E6F206174747269627537
:10C120007465202725712700756E737570706F72A6
:10C1300074656420747970657320666F7220257150
:10C140003A20272573272C202725732700756E7327
:10C150007570706F72746564207479706520666F95
:10C16000722025713A2027257327002873656E6495
:10C170005F76616C756520213D204D505F4F424ACE
:10C180005F4E554C4C29205E20287468726F775F93
:10C1900076616C756520213D204D505F4F424A5FAE
:10C1A0004E554C4C2900746F6F206D616E7920766E
:10C1B000616C75657320746F20756E7061636B20A0
:10C1C0002865787065637465642025642900746847
:10C1D000726F775F76616C756520213D204D505FF1
:10C1E0004F424A5F4E554C4C006F70203D3D204DF4
:10C1F000505F554E4152595F4F505F494E56455220
:10C2000054002E2E2F4D6964646C657761726573DE
:10C210002F6D6963726F707974686F6E2F70792FEC
:10C2200072756E74696D652E630061726773325F3B
:10C230006C656E203C2061726773325F616C6C6F5D
:10C24000630061726773325F6C656E202B20322051
:10C250003C3D2061726773325F616C6C6F6300619B
:10C26000726773325F6C656E202B2032202A206D3E
:10C2700061702D3E75736564203C3D20617267736B
:10C28000325F616C6C6F630061726773325F6C6503
:10C290006E202B206C656E203C3D206172677332EE
:10C2A0005F616C6C6F63006D656D6F727920616C9E
:10C2B0006C6F636174696F6E206661696C65642C74
:10C2C0002068656170206973206C6F636B65640022
:10C2D0006E616D6520272571272069736E27742094
:10C2E000646566696E65640027257327206F626A3E
:10C2F0006563742069736E27742069746572616266
:10C300006C6500617267756D656E7420686173207D
:10C3100077726F6E672074797065006E6565642052
:10C320006D6F7265207468616E2025642076616C83
:10C3300075657320746F20756E7061636B006F5F3D
:10C34000696E00657863657074696F6E73206D75D2
:10C350007374206465726976652066726F6D204221
:10C36000617365457863657074696F6E0063616EB3
:10C37000277420696D706F7274206E616D65202561
:10C38000710027257327206F626A656374206973C3
:10C390006E277420616E206974657261746F72001B
:10C3A00063616E2774206F70656E202573006D6564
:10C3B0006D6F727920616C6C6F636174696F6E2050
:10C3C0006661696C65642C20616C6C6F6361746973
:10C3D0006E67202575206279746573004D505F4F3C
:10C3E000424A5F545950455F4745545F534C4F5440
:10C3F00028747970652C206C6F63616C735F64695D
:10C400006374292D3E626173652E74797065203DD9
:10C410003D20266D705F747970655F646963740098
:10C4200063616E277420636F6E7665727420257366
:10C4300020746F20696E74004D505F535441544511
:10C440005F564D2873636865645F73746174652912
:10C45000203C2030002E2E2F4D6964646C6577617E
:10C460007265732F6D6963726F707974686F6E2F68
:10C4700070792F7363686564756C65722E630069EB
:10C48000642D3E6B696E64203D3D2049445F494EFA
:10C49000464F5F4B494E445F46524545207C7C20C9
:10C4A00069642D3E6B696E64203D3D2049445F49BF
:10C4B0004E464F5F4B494E445F43454C4C007363BF
:10C4C0006F70652D3E706172656E7420213D204E47
:10C4D000554C4C00732D3E706172656E7420213D89
:10C4E000204E554C4C002E2E2F4D6964646C6577A0
:10C4F000617265732F6D6963726F707974686F6EA6
:10C500002F70792F73636F70652E63006F626A6599
:10C510006374206E6F7420696E2073657175656E2B
:10C5200063650073747265616D206F70657261740C
:10C53000696F6E206E6F7420737570706F727465A2
:10C5400064006D705F6F626A5F69735F65786365D1
:10C550007074696F6E5F696E7374616E6365285481
:10C560004F5028292900216D705F6F626A5F6578DE
:10C5700063657074696F6E5F6D617463682872655E
:10C58000745F76616C75652C204D505F4F424A5F39
:10C5900046524F4D5F50545228266D705F7479702B
:10C5A000655F53746F70497465726174696F6E2949
:10C5B000290073705B2D315D203D3D206D705F6300
:10C5C0006F6E73745F6E6F6E65207C7C206D705F24
:10C5D0006F626A5F69735F657863657074696F6EB7
:10C5E0005F696E7374616E63652873705B2D315D76
:10C5F00029002673705B2D315D203D3D204D505F3D
:10C600005441475054525F505452286578635F73C9
:10C61000702D3E76616C5F737029006578635F737F
:10C6200070203D3D206578635F737461636B202DDE
:10C630002031007265745F6B696E64203D3D204D52
:10C64000505F564D5F52455455524E5F45584345D5
:10C650005054494F4E002E2E2F4D6964646C6577FF
:10C66000617265732F6D6963726F707974686F6E34
:10C670002F70792F766D2E63006F70636F64650085
:10C680006E6F206163746976652065786365707488
:10C69000696F6E20746F20726572616973650065E1
:10C6A00078635F7370203E3D206578635F737461CB
:10C6B000636B006C6F63616C207661726961626CA0
:10C6C00065207265666572656E6365642062656685
:10C6D0006F72652061737369676E6D656E74006358
:10C6E000203C203078313130303030002E2E2F4D2C
:10C6F0006964646C6577617265732F6D6963726FCD
:10C70000707974686F6E2F70792F767374722E63E0
:10C7100000547820417070206D656D6F72792070C3
:10C720006F6F6C0053797374656D2054696D657219
:10C730002054687265616400EC6404082174030885
:10C740001C65040808000400057503081C6504083E
:10C7500006000200C57603081C65040808000400F2
:10C76000FD7603081C65040808000400157703081B
:10C770001C650408FFFF03008D7702081C65040890
:10C78000080004009D780308D4640408297A03088B
:10C79000D4640408417A0308D4640408597A03086D
:10C7A000D4640408717A0308D4640408897A0308FD
:10C7B000EC640408297B0308D46404082D7D030875
:10C7C0001C65040804000200457D0308EC640408AD
:10C7D000318303081C650408080006001D85030852
:10C7E0001C65040808000400898703081C65040808
:10C7F00008000400A5870308EC640408C187030847
:10C800001C65040806000200D98703081C6504089B
:10C8100004000200818903081C6504080600020068
:10C8200051850208E0010100000000001C650408B9
:10C83000FFFF0300998903081C6504080800040031
:10C84000898B03081C65040804000200418C03085E
:10C8500020090A0D0B0C0000D46404085D91030844
:10C86000D4640408B5980308886304085F000000D6
:10C870000B00000078C80408EA030000605C0408AC
:10C88000F20300006C5C0408FA0300008C5C0408EE
:10C8900022050000A05C04086A110000785C04080E
:10C8A0007A120000845C0408720D0000585C0408D1
:10C8B0003A020000505C0408E20D000060C8040861
:10C8C00062000000903B04086A000000445C040819
:10C8D0005D9B0308CD9B0308F59803080100000049
:10C8E000D4640408A59C03081C650408FEFF070027
:10C8F000099D03081C650408FEFF0300C59C03088E
:10C900001C65040806000400C99E030806021502FF
:10C9100016020000D464040819A40308D4640408AF
:10C9200031A5030869A50308E9A50308886304087D
:10C9300027000000040000003CC904083A10000071
:10C940005CC90408BA1000006CC90408C2030000E6
:10C9500064C904080204000078C90408D464040807
:10C9600019A70308D46404083DA703081C6504083C
:10C97000060004008DA70308EC6404082DA8030832
:10C98000A868040800003601010000000000000053
:10C9900000000002DDA603082CC90408A8680408EA
:10C9A000000135010100000000020003000000004A
:10C9B00069A6030819A3030824C90408000000009D
:10C9C0006410B71DC8206E3BAC30D9269041DC7690
:10C9D000F4516B6B5861B24D3C7105502083B8ED3A
:10C9E00044930FF0E8A3D6D68CB361CBB0C2649B5E
:10C9F000D4D2D38678E20AA01CF2BDBD5455565756
:10CA000058595A5D335B3234373D4A35383E4B41D5
:10CA10004E46533F4C404D5F3C493A47445143508A
:10CA200045523B48424F5E368D9204088892040876
:10CA3000A1920408619204087E920408BC92040842
:10CA40002476040872920408D9920408AB92040870
:10CA5000D7BE040898920408DB860408B192040843
:10CA6000A692040893920408E3920408EA92040848
:10CA700048890408A7BA040830870408A892040863
:10CA80009C7F040812BB04087BBE04086B92040858
:10CA90004F870408DF920408B37A0408D49204088C
:10CAA00099C60408B5920408C8C004088292040814
:10CAB000D9B9040878920408EC640408A1B3030807
:10CAC0001C65040808000400C1B303088863040857
:10CAD0001700000002000000DCCA04085202000037
:10CAE000B8CA0408E2020000C0CA040842624868EA
:10CAF000496951712D2D2D2D2D2D6664D4640408A6
:10CB00008DB80308EC64040829BD0308EC6404082C
:10CB10004DBD03081C6504080400020055C003084D
:10CB2000A868040800004702010200050003040091
:10CB30000600000071BD0308D5BD0308A5B90308B0
:10CB400009C1030825C303084DB8030898CC04089D
:10CB50000000002098000000EC01000830CD04081F
:10CB600098000020C81D01000C0200081C000000F5
:10CB700043000000F8FFFFFF0C0000000E00000063
:10CB80000F0000002E000000100100004300000014
:10CB9000F8FFFFFF004040404040404040404141DE
:10CBA0004141414040404040404040404040404082
:10CBB000404040404005020202020202020202021C
:10CBC0000202020202202020202020202020200219
:10CBD00002020202020290909090909010101010A9
:10CBE0001010101010101010101010101010101045
:10CBF00002020202020288888888888808080808D9
:10CC000008080808080808080808080808080808A4
:10CC100002020202400000000000000000000000CC
:10CC20000000000000000000000000000000000004
:10CC300000000000000000000000000000000000F4
:10CC400000000000000000000000000000000000E4
:10CC500000000000000000000000000000000000D4
:10CC600000000000000000000000000000000000C4
:10CC700000000000000000000000000000000000B4
:10CC800000000000000000000000000000000000A4
:10CC90000000000000000000000000000024F4007C
:10CCA000F0F0F0F0ED030308C103030841030308AB
:10CCB00001480308E14703087947030829350108BB
:10CCC000DD340108ED330108E170010891700108BD
:10CCD000E56F0108E170010891700108E56F010836
:10CCE0009133010855330108F5320108E93501088F
:10CCF000CD3501087D35010858586D6963726F7034
:10CD00007974686F6E0000000000000000000000F1
:10CD10000000000000000000000000011000000002
:10CD2000E900000045000000BABAA4ED00000000D0
:040000050800018965
:00000001FF
